Transaction ID,Transaction Date,Menu,Category,Menu ID,Qty,Price,Total Spent,Payment Method,Order Type
SUN-3835107,2023-06-22,Caramel Machiato,Drinks,DRK-04,3,38000,114000,Debit Card,Dine In
SUN-8191346,2023-07-06,Caramel Machiato,Drinks,DRK-04,1,38000,38000,Unknown,Take Away
SUN-7920383,2023-10-03,Club Sandwich,Food,FOD-05,3,45000,135000,Debit Card,Take Away
SUN-6464422,2023-12-13,Grill Chicken Caesar Salad,Food,FOD-04,3,42000,126000,Debit Card,Dine In
SUN-2014718,2023-01-13,Buttermilk Fried Chicken,Food,FOD-01,1,48000,48000,Debit Card,Take Away
SUN-7542218,2023-02-22,New York Cheesecake,Dessert,DST-03,1,42000,42000,Digital Wallet,Dine In
SUN-5330146,2023-10-28,Espreso Single,Drinks,DRK-01,1,22000,22000,Digital Wallet,Online Order
SUN-3755609,2023-12-13,Caramel Machiato,Drinks,DRK-04,1,38000,38000,Unknown,Online Order
SUN-4316847,2023-04-01,New York Cheesecake,Dessert,DST-03,3,42000,126000,Cash,Dine In
SUN-9100246,2023-04-24,Iced Americano,Drinks,DRK-02,3,28000,84000,Cash,Take Away
SUN-3821421,2023-11-14,Choco Lava Cake,Dessert,DST-04,1,35000,35000,Debit Card,Take Away
SUN-7147217,2023-06-04,New York Cheesecake,Dessert,DST-03,4,42000,168000,Digital Wallet,Online Order
SUN-4825977,2023-04-10,Nasi Goreng Kampung,Food,FOD-03,2,38000,76000,Digital Wallet,Take Away
SUN-5748405,2023-10-30,Nasi Goreng Kampung,Food,FOD-03,2,38000,76000,Digital Wallet,Take Away
SUN-2252707,2023-04-04,Classic Tirmaisu,Dessert,DST-01,1,38000,38000,Debit Card,Dine In
SUN-5365865,2023-05-30,Classic Tirmaisu,Dessert,DST-01,3,38000,114000,Unknown,Dine In
SUN-5552295,2023-08-23,Grill Chicken Caesar Salad,Food,FOD-04,4,42000,168000,Debit Card,Take Away
SUN-6429304,2023-07-20,Creamy Maycha Latte,Drinks,DRK-05,4,35000,140000,Digital Wallet,Dine In
SUN-2229056,2023-02-01,Iced Americano,Drinks,DRK-02,4,28000,112000,Digital Wallet,Online Order
SUN-2101618,2023-01-11,Club Sandwich,Food,FOD-05,1,45000,45000,Unknown,Dine In
SUN-1231054,,Espreso Single,Drinks,DRK-01,2,22000,44000,Unknown,Dine In
SUN-9323540,2023-10-03,Club Sandwich,Food,FOD-05,2,45000,90000,Cash,Take Away
SUN-5000030,2023-11-02,Grill Chicken Caesar Salad,Food,FOD-04,1,42000,42000,Unknown,Dine In
SUN-7129459,2023-07-16,Cinnamon Roll,Dessert,DST-05,3,28000,84000,Cash,Dine In
SUN-5719631,2023-10-26,Club Sandwich,Food,FOD-05,1,45000,45000,Cash,Take Away
SUN-2810366,2023-05-01,Nasi Goreng Kampung,Food,FOD-03,4,38000,152000,Debit Card,Unknown
SUN-8497237,2023-06-15,Cinnamon Roll,Dessert,DST-05,1,28000,28000,Debit Card,Dine In
SUN-3213517,2023-10-15,Espreso Single,Drinks,DRK-01,3,22000,66000,Debit Card,Dine In
SUN-6569344,2023-02-15,Club Sandwich,Food,FOD-05,3,45000,135000,Digital Wallet,Unknown
SUN-9343698,2023-04-21,Classic Tirmaisu,Dessert,DST-01,1,38000,38000,Debit Card,Online Order
SUN-1537063,2023-02-15,Espreso Single,Drinks,DRK-01,4,22000,88000,Debit Card,Online Order
SUN-2317971,2023-06-15,Espreso Single,Drinks,DRK-01,4,22000,88000,Debit Card,Online Order
SUN-6683769,2023-12-23,Buttermilk Fried Chicken,Food,FOD-01,3,48000,144000,Debit Card,Online Order
SUN-6644096,2023-02-18,Creamy Maycha Latte,Drinks,DRK-05,4,35000,140000,Digital Wallet,Take Away
SUN-9455137,2023-05-20,Grill Chicken Caesar Salad,Food,FOD-04,2,42000,84000,Digital Wallet,Dine In
SUN-9674213,2023-05-28,Buttermilk Fried Chicken,Food,FOD-01,3,48000,144000,Debit Card,Take Away
SUN-1366257,2023-11-26,Cinnamon Roll,Dessert,DST-05,2,28000,56000,Cash,Unknown
SUN-9663603,2023-03-16,Iced Americano,Drinks,DRK-02,3,28000,84000,Unknown,Dine In
SUN-2527896,2023-07-03,Club Sandwich,Food,FOD-05,3,45000,135000,Debit Card,Take Away
SUN-2039133,2023-04-06,Classic Tirmaisu,Dessert,DST-01,2,38000,76000,Cash,Dine In
SUN-6919180,2023-01-08,Beef Carbonara Pasta,Food,FOD-02,2,52000,104000,Debit Card,Unknown
SUN-6434420,2023-10-01,Grill Chicken Caesar Salad,Food,FOD-04,3,42000,126000,Unknown,Online Order
SUN-4127465,2023-01-23,Cafe Latte,Drinks,DRK-03,1,32000,32000,Digital Wallet,Take Away
SUN-9959752,2023-04-13,Nasi Goreng Kampung,Food,FOD-03,4,38000,152000,Cash,Unknown
SUN-5257512,2023-07-01,Cafe Latte,Drinks,DRK-03,1,32000,32000,Unknown,Online Order
SUN-1659564,2023-06-27,Caramel Machiato,Drinks,DRK-04,4,38000,152000,Debit Card,Unknown
SUN-8746790,2023-02-12,Choco Lava Cake,Dessert,DST-04,4,35000,140000,Cash,Dine In
SUN-7551943,2023-12-24,Cafe Latte,Drinks,DRK-03,1,32000,32000,Digital Wallet,Unknown
SUN-7998776,2023-10-01,New York Cheesecake,Dessert,DST-03,1,42000,42000,Cash,Unknown
SUN-9532935,2023-12-18,Caramel Machiato,Drinks,DRK-04,3,38000,114000,Debit Card,Online Order
SUN-8615982,2023-02-03,Grill Chicken Caesar Salad,Food,FOD-04,1,42000,42000,Debit Card,Online Order
SUN-2128658,2023-09-22,Grill Chicken Caesar Salad,Food,FOD-04,4,42000,168000,Cash,Dine In
SUN-2709499,2023-04-17,Beef Carbonara Pasta,Food,FOD-02,4,52000,208000,Digital Wallet,Dine In
SUN-1579713,2023-07-17,Creamy Maycha Latte,Drinks,DRK-05,1,35000,35000,Debit Card,Take Away
SUN-6424168,2023-12-04,Espreso Single,Drinks,DRK-01,3,22000,66000,Digital Wallet,Dine In
SUN-8316112,2023-04-12,Cafe Latte,Drinks,DRK-03,3,32000,96000,Debit Card,Dine In
SUN-2723542,2023-09-22,Fudgy Brownies,Dessert,DST-02,2,25000,50000,Cash,Dine In
SUN-1146065,2023-02-28,Cafe Latte,Drinks,DRK-03,1,32000,32000,Digital Wallet,Online Order
SUN-1366043,2023-04-28,Buttermilk Fried Chicken,Food,FOD-01,1,48000,48000,Cash,Unknown
SUN-6726508,2023-12-21,Espreso Single,Drinks,DRK-01,1,22000,22000,Debit Card,Online Order
SUN-4885650,2023-06-03,Beef Carbonara Pasta,Food,FOD-02,1,52000,52000,Debit Card,Online Order
SUN-2774696,2023-07-08,Club Sandwich,Food,FOD-05,2,45000,90000,Cash,Dine In
SUN-2925668,2023-04-17,Beef Carbonara Pasta,Food,FOD-02,2,52000,104000,Digital Wallet,Unknown
SUN-3704015,2023-02-12,Fudgy Brownies,Dessert,DST-02,3,25000,75000,Cash,Dine In
SUN-4481094,2023-06-04,Beef Carbonara Pasta,Food,FOD-02,2,52000,104000,Digital Wallet,Dine In
SUN-9246459,2023-08-16,Club Sandwich,Food,FOD-05,3,45000,135000,Digital Wallet,Take Away
SUN-8741366,2023-06-16,Creamy Maycha Latte,Drinks,DRK-05,1,35000,35000,Debit Card,Online Order
SUN-6459066,2023-10-11,Classic Tirmaisu,Dessert,DST-01,3,38000,114000,Digital Wallet,Online Order
SUN-2332422,2023-05-13,Creamy Maycha Latte,Drinks,DRK-05,1,35000,35000,Digital Wallet,Online Order
SUN-9466267,2023-08-12,Buttermilk Fried Chicken,Food,FOD-01,4,48000,192000,Cash,Take Away
SUN-6731099,2023-10-10,Choco Lava Cake,Dessert,DST-04,3,35000,105000,Digital Wallet,Dine In
SUN-6096734,2023-12-01,Buttermilk Fried Chicken,Food,FOD-01,3,48000,144000,Digital Wallet,Unknown
SUN-5865247,2023-06-05,Choco Lava Cake,Dessert,DST-04,2,35000,70000,Debit Card,Take Away
SUN-4544157,2023-01-15,Creamy Maycha Latte,Drinks,DRK-05,3,35000,105000,Digital Wallet,Take Away
SUN-7247827,2023-09-20,Grill Chicken Caesar Salad,Food,FOD-04,3,42000,126000,Cash,Dine In
SUN-7947139,2023-07-12,Fudgy Brownies,Dessert,DST-02,2,25000,50000,Digital Wallet,Online Order
SUN-6274006,2023-11-15,Iced Americano,Drinks,DRK-02,1,28000,28000,Unknown,Online Order
SUN-6748316,2023-06-17,Iced Americano,Drinks,DRK-02,3,28000,84000,Unknown,Online Order
SUN-6641456,2023-05-15,Buttermilk Fried Chicken,Food,FOD-01,2,48000,96000,Debit Card,Take Away
SUN-5987471,2023-01-23,Grill Chicken Caesar Salad,Food,FOD-04,3,42000,126000,Digital Wallet,Dine In
SUN-4720429,2023-06-16,Club Sandwich,Food,FOD-05,1,45000,45000,Debit Card,Take Away
SUN-8298101,2023-08-23,New York Cheesecake,Dessert,DST-03,3,42000,126000,Unknown,Online Order
SUN-9494169,2023-10-09,Buttermilk Fried Chicken,Food,FOD-01,2,48000,96000,Digital Wallet,Unknown
SUN-5663995,2023-11-08,Club Sandwich,Food,FOD-05,4,45000,180000,Debit Card,Unknown
SUN-4793340,2023-03-20,New York Cheesecake,Dessert,DST-03,2,42000,84000,Debit Card,Online Order
SUN-4685044,2023-08-05,Grill Chicken Caesar Salad,Food,FOD-04,3,42000,126000,Debit Card,Take Away
SUN-1140911,2023-10-21,Espreso Single,Drinks,DRK-01,4,22000,88000,Digital Wallet,Online Order
SUN-2624711,2023-04-05,Cinnamon Roll,Dessert,DST-05,4,28000,112000,Debit Card,Take Away
SUN-9903500,2023-05-06,Fudgy Brownies,Dessert,DST-02,3,25000,75000,Cash,Take Away
SUN-4728761,2023-11-03,Fudgy Brownies,Dessert,DST-02,4,25000,100000,Debit Card,Take Away
SUN-7619456,2023-08-01,Cinnamon Roll,Dessert,DST-05,3,28000,84000,Cash,Dine In
SUN-4458150,2023-07-05,Classic Tirmaisu,Dessert,DST-01,1,38000,38000,Debit Card,Take Away
SUN-6861326,2023-09-03,Espreso Single,Drinks,DRK-01,3,22000,66000,Debit Card,Take Away
SUN-5710075,2023-07-06,Grill Chicken Caesar Salad,Food,FOD-04,2,42000,84000,Debit Card,Online Order
SUN-8696965,2023-12-25,Iced Americano,Drinks,DRK-02,1,28000,28000,Cash,Take Away
SUN-3209298,2023-10-02,Grill Chicken Caesar Salad,Food,FOD-04,1,42000,42000,Unknown,Online Order
SUN-6335997,2023-01-20,Fudgy Brownies,Dessert,DST-02,2,25000,50000,Debit Card,Online Order
SUN-8701876,2023-02-23,Caramel Machiato,Drinks,DRK-04,4,38000,152000,Unknown,Dine In
SUN-9369959,2023-07-18,Cafe Latte,Drinks,DRK-03,2,32000,64000,Digital Wallet,Take Away
SUN-9007520,2023-10-27,Creamy Maycha Latte,Drinks,DRK-05,2,35000,70000,Digital Wallet,Dine In
SUN-6965170,2023-01-26,Buttermilk Fried Chicken,Food,FOD-01,4,48000,192000,Digital Wallet,Unknown
SUN-2176637,2023-09-07,New York Cheesecake,Dessert,DST-03,1,42000,42000,Debit Card,Dine In
SUN-7190228,2023-10-05,Iced Americano,Drinks,DRK-02,4,28000,112000,Debit Card,Online Order
SUN-9112378,2023-10-15,Caramel Machiato,Drinks,DRK-04,4,38000,152000,Digital Wallet,Online Order
SUN-1884453,2023-11-15,Classic Tirmaisu,Dessert,DST-01,1,38000,38000,Digital Wallet,Online Order
SUN-6599234,2023-03-11,Club Sandwich,Food,FOD-05,1,45000,45000,Digital Wallet,Online Order
SUN-2044559,2023-07-22,Iced Americano,Drinks,DRK-02,1,28000,28000,Debit Card,Online Order
SUN-6571331,2023-10-20,Cinnamon Roll,Dessert,DST-05,1,28000,28000,Debit Card,Online Order
SUN-2121958,2023-05-11,Fudgy Brownies,Dessert,DST-02,4,25000,100000,Cash,Take Away
SUN-3448229,2023-03-11,Choco Lava Cake,Dessert,DST-04,3,35000,105000,Digital Wallet,Take Away
SUN-9080212,2023-06-25,Nasi Goreng Kampung,Food,FOD-03,1,38000,38000,Debit Card,Dine In
SUN-1397780,2023-01-30,Choco Lava Cake,Dessert,DST-04,3,35000,105000,Unknown,Take Away
SUN-3627858,2023-03-22,New York Cheesecake,Dessert,DST-03,1,42000,42000,Digital Wallet,Dine In
SUN-2692139,2023-11-09,Fudgy Brownies,Dessert,DST-02,2,25000,50000,Cash,Take Away
SUN-2440799,2023-09-01,Fudgy Brownies,Dessert,DST-02,2,25000,50000,Unknown,Unknown
SUN-8218015,2023-11-11,Grill Chicken Caesar Salad,Food,FOD-04,3,42000,126000,Debit Card,Take Away
SUN-5637471,2023-11-03,Creamy Maycha Latte,Drinks,DRK-05,3,35000,105000,Cash,Unknown
SUN-6718347,2023-11-16,Club Sandwich,Food,FOD-05,1,45000,45000,Debit Card,Unknown
SUN-8029297,2023-04-24,Cafe Latte,Drinks,DRK-03,3,32000,96000,Cash,Take Away
SUN-6442569,2023-06-22,Espreso Single,Drinks,DRK-01,2,22000,44000,Unknown,Take Away
SUN-3449758,2023-08-14,Grill Chicken Caesar Salad,Food,FOD-04,3,42000,126000,Debit Card,Unknown
SUN-9376620,2023-04-11,New York Cheesecake,Dessert,DST-03,3,42000,126000,Digital Wallet,Dine In
SUN-6870859,2023-12-02,New York Cheesecake,Dessert,DST-03,2,42000,84000,Unknown,Online Order
SUN-3389280,2023-01-03,Beef Carbonara Pasta,Food,FOD-02,4,52000,208000,Digital Wallet,Take Away
SUN-2168768,2023-11-02,Choco Lava Cake,Dessert,DST-04,4,35000,140000,Debit Card,Online Order
SUN-4370626,2023-08-24,Classic Tirmaisu,Dessert,DST-01,3,38000,114000,Digital Wallet,Dine In
SUN-7072237,2023-04-03,Cinnamon Roll,Dessert,DST-05,4,28000,112000,Cash,Dine In
SUN-7240072,2023-09-20,Caramel Machiato,Drinks,DRK-04,3,38000,114000,Debit Card,Online Order
SUN-6852486,2023-05-31,New York Cheesecake,Dessert,DST-03,2,42000,84000,Digital Wallet,Unknown
SUN-3821196,2023-11-01,Fudgy Brownies,Dessert,DST-02,3,25000,75000,Digital Wallet,Dine In
SUN-6602783,2023-12-31,Classic Tirmaisu,Dessert,DST-01,2,38000,76000,Debit Card,Take Away
SUN-8317716,2023-04-13,Creamy Maycha Latte,Drinks,DRK-05,2,35000,70000,Digital Wallet,Online Order
SUN-2998632,2023-06-21,Cafe Latte,Drinks,DRK-03,3,32000,96000,Cash,Take Away
SUN-4646385,2023-03-20,Cinnamon Roll,Dessert,DST-05,4,28000,112000,Digital Wallet,Take Away
SUN-6848832,2023-09-10,Caramel Machiato,Drinks,DRK-04,2,38000,76000,Debit Card,Unknown
SUN-3881732,2023-08-22,Fudgy Brownies,Dessert,DST-02,3,25000,75000,Debit Card,Online Order
SUN-4437995,2023-11-05,Classic Tirmaisu,Dessert,DST-01,1,38000,38000,Cash,Dine In
SUN-4064754,2023-10-21,Fudgy Brownies,Dessert,DST-02,2,25000,50000,Debit Card,Unknown
SUN-7246577,2023-12-23,Espreso Single,Drinks,DRK-01,2,22000,44000,Debit Card,Dine In
SUN-4378964,2023-12-18,Espreso Single,Drinks,DRK-01,1,22000,22000,Debit Card,Online Order
SUN-5252162,2023-11-23,New York Cheesecake,Dessert,DST-03,4,42000,168000,Debit Card,Dine In
SUN-7914926,2023-02-24,Creamy Maycha Latte,Drinks,DRK-05,1,35000,35000,Debit Card,Unknown
SUN-4545296,2023-01-16,Cinnamon Roll,Dessert,DST-05,1,28000,28000,Unknown,Online Order
SUN-1133441,2023-06-26,Iced Americano,Drinks,DRK-02,1,28000,28000,Digital Wallet,Online Order
SUN-1807755,2023-05-06,Choco Lava Cake,Dessert,DST-04,3,35000,105000,Unknown,Take Away
SUN-5441274,2023-11-23,Classic Tirmaisu,Dessert,DST-01,3,38000,114000,Debit Card,Take Away
SUN-7021722,2023-10-18,Creamy Maycha Latte,Drinks,DRK-05,2,35000,70000,Unknown,Online Order
SUN-2768078,2023-06-04,Espreso Single,Drinks,DRK-01,4,22000,88000,Debit Card,Online Order
SUN-8541636,2023-07-30,Fudgy Brownies,Dessert,DST-02,2,25000,50000,Unknown,Take Away
SUN-2164854,2023-08-04,Buttermilk Fried Chicken,Food,FOD-01,4,48000,192000,Digital Wallet,Online Order
SUN-5063759,2023-11-22,Cafe Latte,Drinks,DRK-03,2,32000,64000,Cash,Unknown
SUN-2020546,2023-01-09,Buttermilk Fried Chicken,Food,FOD-01,3,48000,144000,Cash,Dine In
SUN-2859577,2023-06-28,New York Cheesecake,Dessert,DST-03,4,42000,168000,Debit Card,Online Order
SUN-3668874,2023-09-03,Choco Lava Cake,Dessert,DST-04,2,35000,70000,Debit Card,Unknown
SUN-3776525,2023-06-15,Caramel Machiato,Drinks,DRK-04,2,38000,76000,Unknown,Unknown
SUN-2797868,2023-12-02,Creamy Maycha Latte,Drinks,DRK-05,4,35000,140000,Digital Wallet,Online Order
SUN-4534516,2023-12-13,New York Cheesecake,Dessert,DST-03,2,42000,84000,Debit Card,Dine In
SUN-7480897,2023-10-29,Creamy Maycha Latte,Drinks,DRK-05,4,35000,140000,Digital Wallet,Unknown
SUN-1818575,2023-06-19,Classic Tirmaisu,Dessert,DST-01,2,38000,76000,Debit Card,Online Order
SUN-8890449,2023-11-20,Iced Americano,Drinks,DRK-02,3,28000,84000,Debit Card,Dine In
SUN-6063953,2023-01-27,Choco Lava Cake,Dessert,DST-04,2,35000,70000,Unknown,Take Away
SUN-3604425,2023-08-30,Creamy Maycha Latte,Drinks,DRK-05,1,35000,35000,Unknown,Dine In
SUN-3324318,2023-04-08,Creamy Maycha Latte,Drinks,DRK-05,,35000,,Digital Wallet,Dine In
SUN-3373933,2023-03-31,Grill Chicken Caesar Salad,Food,FOD-04,2,42000,84000,Cash,Take Away
SUN-3376191,2023-09-06,Classic Tirmaisu,Dessert,DST-01,3,38000,114000,Digital Wallet,Unknown
SUN-3220183,2023-10-08,Caramel Machiato,Drinks,DRK-04,1,38000,38000,Cash,Unknown
SUN-2098329,2023-11-21,Cafe Latte,Drinks,DRK-03,4,32000,128000,Debit Card,Unknown
SUN-9511805,2023-03-19,Fudgy Brownies,Dessert,DST-02,4,25000,100000,Debit Card,Online Order
SUN-8191587,2023-11-15,Grill Chicken Caesar Salad,Food,FOD-04,4,42000,168000,Unknown,Dine In
SUN-1219774,2023-10-31,Classic Tirmaisu,Dessert,DST-01,4,38000,152000,Debit Card,Dine In
SUN-2598345,2023-04-25,Fudgy Brownies,Dessert,DST-02,3,25000,75000,Unknown,Online Order
SUN-7979580,2023-01-23,Iced Americano,Drinks,DRK-02,1,28000,28000,Debit Card,Online Order
SUN-2376089,2023-10-09,Nasi Goreng Kampung,Food,FOD-03,4,38000,152000,Unknown,Online Order
SUN-1428244,2023-10-29,Club Sandwich,Food,FOD-05,3,45000,135000,Unknown,Dine In
SUN-1596637,2023-06-18,Choco Lava Cake,Dessert,DST-04,1,35000,35000,Cash,Unknown
SUN-1232934,2023-03-02,Grill Chicken Caesar Salad,Food,FOD-04,4,42000,168000,Debit Card,Online Order
SUN-4940154,2023-02-23,Espreso Single,Drinks,DRK-01,4,22000,88000,Digital Wallet,Online Order
SUN-7778868,2023-05-17,Caramel Machiato,Drinks,DRK-04,3,38000,114000,Debit Card,Online Order
SUN-4468281,2023-10-04,Classic Tirmaisu,Dessert,DST-01,2,38000,76000,Digital Wallet,Dine In
SUN-2820156,2023-04-26,Buttermilk Fried Chicken,Food,FOD-01,4,48000,192000,Digital Wallet,Take Away
SUN-8610447,2023-01-12,Fudgy Brownies,Dessert,DST-02,1,25000,25000,Debit Card,Dine In
SUN-6857776,2023-09-10,Cafe Latte,Drinks,DRK-03,4,32000,128000,Digital Wallet,Dine In
SUN-3268170,2023-09-29,Cinnamon Roll,Dessert,DST-05,4,28000,112000,Debit Card,Take Away
SUN-8460867,2023-03-07,Espreso Single,Drinks,DRK-01,2,22000,44000,Debit Card,Dine In
SUN-2202653,2023-07-24,Iced Americano,Drinks,DRK-02,1,28000,28000,Unknown,Dine In
SUN-5930089,2023-05-25,Club Sandwich,Food,FOD-05,2,45000,90000,Digital Wallet,Dine In
SUN-3523061,2023-07-02,Cafe Latte,Drinks,DRK-03,4,32000,128000,Debit Card,Online Order
SUN-3907234,2023-01-03,Creamy Maycha Latte,Drinks,DRK-05,1,35000,35000,Debit Card,Unknown
SUN-3376408,2023-08-20,New York Cheesecake,Dessert,DST-03,1,42000,42000,Debit Card,Online Order
SUN-2474644,2023-04-06,Fudgy Brownies,Dessert,DST-02,2,25000,50000,Debit Card,Take Away
SUN-6435249,2023-07-22,Buttermilk Fried Chicken,Food,FOD-01,2,48000,96000,Digital Wallet,Online Order
SUN-2293712,2023-06-03,Caramel Machiato,Drinks,DRK-04,1,38000,38000,Digital Wallet,Online Order
SUN-5780941,2023-08-11,Caramel Machiato,Drinks,DRK-04,3,38000,114000,Debit Card,Online Order
SUN-7361289,2023-02-08,Club Sandwich,Food,FOD-05,,45000,,Digital Wallet,Online Order
SUN-7418451,2023-05-13,New York Cheesecake,Dessert,DST-03,1,42000,42000,Digital Wallet,Take Away
SUN-2550749,2023-08-20,Creamy Maycha Latte,Drinks,DRK-05,3,35000,105000,Debit Card,Online Order
SUN-2242503,2023-10-08,Nasi Goreng Kampung,Food,FOD-03,3,38000,114000,Debit Card,Online Order
SUN-7971008,2023-05-19,Choco Lava Cake,Dessert,DST-04,4,35000,140000,Cash,Take Away
SUN-2736348,2023-01-09,Cafe Latte,Drinks,DRK-03,1,32000,32000,Debit Card,Unknown
SUN-1342287,2023-09-22,Cinnamon Roll,Dessert,DST-05,2,28000,56000,Debit Card,Dine In
SUN-1631517,2023-07-04,Grill Chicken Caesar Salad,Food,FOD-04,2,42000,84000,Debit Card,Unknown
SUN-1687780,2023-08-27,Choco Lava Cake,Dessert,DST-04,3,35000,105000,Digital Wallet,Take Away
SUN-8196563,2023-02-28,Cafe Latte,Drinks,DRK-03,3,32000,96000,Debit Card,Online Order
SUN-4984981,2023-06-07,Fudgy Brownies,Dessert,DST-02,4,25000,100000,Digital Wallet,Online Order
SUN-2594032,2023-11-19,Caramel Machiato,Drinks,DRK-04,4,38000,152000,Debit Card,Take Away
SUN-6140431,2023-11-13,Choco Lava Cake,Dessert,DST-04,1,35000,35000,Digital Wallet,Take Away
SUN-6813486,2023-04-26,Creamy Maycha Latte,Drinks,DRK-05,4,35000,140000,Digital Wallet,Dine In
SUN-5616345,2023-08-19,Espreso Single,Drinks,DRK-01,2,22000,44000,Debit Card,Online Order
SUN-8141910,2023-01-31,New York Cheesecake,Dessert,DST-03,1,42000,42000,Unknown,Online Order
SUN-9830927,2023-10-23,Grill Chicken Caesar Salad,Food,FOD-04,2,42000,84000,Digital Wallet,Dine In
SUN-9108748,2023-04-08,Beef Carbonara Pasta,Food,FOD-02,1,52000,52000,Cash,Take Away
SUN-4772500,2023-05-05,Espreso Single,Drinks,DRK-01,4,22000,88000,Digital Wallet,Online Order
SUN-3987335,2023-12-19,Beef Carbonara Pasta,Food,FOD-02,2,52000,104000,Debit Card,Online Order
SUN-9763101,2023-07-18,Caramel Machiato,Drinks,DRK-04,4,38000,152000,Debit Card,Unknown
SUN-6865526,2023-11-16,Creamy Maycha Latte,Drinks,DRK-05,4,35000,140000,Digital Wallet,Dine In
SUN-4977216,2023-03-13,Nasi Goreng Kampung,Food,FOD-03,1,38000,38000,Debit Card,Online Order
SUN-1597202,2023-10-04,Iced Americano,Drinks,DRK-02,1,28000,28000,Digital Wallet,Dine In
SUN-7905133,2023-12-30,New York Cheesecake,Dessert,DST-03,4,42000,168000,Digital Wallet,Take Away
SUN-8380533,2023-01-29,Club Sandwich,Food,FOD-05,1,45000,45000,Debit Card,Dine In
SUN-7696811,2023-03-30,Club Sandwich,Food,FOD-05,3,45000,135000,Debit Card,Take Away
SUN-8800863,2023-02-23,Buttermilk Fried Chicken,Food,FOD-01,1,48000,48000,Cash,Dine In
SUN-7274735,2023-04-04,Classic Tirmaisu,Dessert,DST-01,1,38000,38000,Digital Wallet,Online Order
SUN-2350697,2023-04-24,Caramel Machiato,Drinks,DRK-04,4,38000,152000,Digital Wallet,Online Order
SUN-8557956,2023-01-27,New York Cheesecake,Dessert,DST-03,3,42000,126000,Unknown,Take Away
SUN-6403515,2023-11-24,Classic Tirmaisu,Dessert,DST-01,1,38000,38000,Digital Wallet,Online Order
SUN-4396863,2023-04-05,Iced Americano,Drinks,DRK-02,4,28000,112000,Unknown,Take Away
SUN-6923322,2023-12-03,Beef Carbonara Pasta,Food,FOD-02,4,52000,208000,Digital Wallet,Dine In
SUN-7762641,2023-10-06,New York Cheesecake,Dessert,DST-03,2,42000,84000,Cash,Dine In
SUN-4601079,2023-03-04,New York Cheesecake,Dessert,DST-03,1,42000,42000,Debit Card,Online Order
SUN-3763262,2023-09-12,Fudgy Brownies,Dessert,DST-02,2,25000,50000,Debit Card,Online Order
SUN-1480627,2023-10-10,Espreso Single,Drinks,DRK-01,4,22000,88000,Debit Card,Online Order
SUN-8622709,2023-02-16,Nasi Goreng Kampung,Food,FOD-03,2,38000,76000,Debit Card,Online Order
SUN-6757150,2023-02-17,Iced Americano,Drinks,DRK-02,3,28000,84000,Digital Wallet,Unknown
SUN-5596627,2023-05-18,Buttermilk Fried Chicken,Food,FOD-01,3,48000,144000,Digital Wallet,Unknown
SUN-9841085,2023-01-26,Classic Tirmaisu,Dessert,DST-01,,38000,,Debit Card,Dine In
SUN-2713777,2023-06-03,Creamy Maycha Latte,Drinks,DRK-05,3,35000,105000,Digital Wallet,Unknown
SUN-3524544,2023-06-25,Grill Chicken Caesar Salad,Food,FOD-04,2,42000,84000,Debit Card,Unknown
SUN-7653084,,Buttermilk Fried Chicken,Food,FOD-01,4,48000,192000,Cash,Take Away
SUN-1235445,2023-07-28,Choco Lava Cake,Dessert,DST-04,3,35000,105000,Debit Card,Dine In
SUN-1667427,2023-06-16,Buttermilk Fried Chicken,Food,FOD-01,4,48000,192000,Unknown,Unknown
SUN-6268847,2023-03-22,Cafe Latte,Drinks,DRK-03,1,32000,32000,Digital Wallet,Take Away
SUN-1316955,2023-08-03,Cinnamon Roll,Dessert,DST-05,1,28000,28000,Debit Card,Dine In
SUN-4588078,2023-06-16,Iced Americano,Drinks,DRK-02,2,28000,56000,Digital Wallet,Dine In
SUN-7885330,2023-11-03,Choco Lava Cake,Dessert,DST-04,3,35000,105000,Digital Wallet,Online Order
SUN-3431116,2023-09-13,Caramel Machiato,Drinks,DRK-04,1,38000,38000,Digital Wallet,Unknown
SUN-4194603,2023-09-23,Iced Americano,Drinks,DRK-02,3,28000,84000,Cash,Take Away
SUN-2510315,2023-07-28,Caramel Machiato,Drinks,DRK-04,4,38000,152000,Cash,Unknown
SUN-8797339,2023-05-14,Grill Chicken Caesar Salad,Food,FOD-04,2,42000,84000,Debit Card,Dine In
SUN-5435220,2023-04-13,Cafe Latte,Drinks,DRK-03,3,32000,96000,Cash,Dine In
SUN-5323651,2023-06-13,Buttermilk Fried Chicken,Food,FOD-01,4,48000,192000,Unknown,Dine In
SUN-2691185,2023-07-28,Choco Lava Cake,Dessert,DST-04,3,35000,105000,Cash,Take Away
SUN-8355592,2023-05-15,Grill Chicken Caesar Salad,Food,FOD-04,2,42000,84000,Digital Wallet,Dine In
SUN-9556826,2023-02-23,Beef Carbonara Pasta,Food,FOD-02,3,52000,156000,Digital Wallet,Take Away
SUN-5612383,2023-02-10,Creamy Maycha Latte,Drinks,DRK-05,4,35000,140000,Debit Card,Dine In
SUN-5319858,2023-01-17,Buttermilk Fried Chicken,Food,FOD-01,2,48000,96000,Debit Card,Unknown
SUN-8421588,2023-03-16,Espreso Single,Drinks,DRK-01,4,22000,88000,Debit Card,Online Order
SUN-2821147,2023-05-29,Grill Chicken Caesar Salad,Food,FOD-04,2,42000,84000,Unknown,Unknown
SUN-7381352,2023-04-14,Cafe Latte,Drinks,DRK-03,4,32000,128000,Unknown,Take Away
SUN-2816243,2023-03-06,Cinnamon Roll,Dessert,DST-05,1,28000,28000,Cash,Dine In
SUN-7746832,2023-04-25,Beef Carbonara Pasta,Food,FOD-02,2,52000,104000,Debit Card,Dine In
SUN-7359141,2023-09-18,Beef Carbonara Pasta,Food,FOD-02,,52000,,Unknown,Online Order
SUN-1762618,2023-04-25,Caramel Machiato,Drinks,DRK-04,2,38000,76000,Digital Wallet,Dine In
SUN-4862565,2023-12-02,Creamy Maycha Latte,Drinks,DRK-05,4,35000,140000,Debit Card,Dine In
SUN-2301108,2023-07-30,Grill Chicken Caesar Salad,Food,FOD-04,3,42000,126000,Cash,Take Away
SUN-3531137,2023-02-20,Iced Americano,Drinks,DRK-02,4,28000,112000,Cash,Take Away
SUN-2674547,2023-12-21,Cafe Latte,Drinks,DRK-03,2,32000,64000,Debit Card,Online Order
SUN-6706571,2023-11-18,Grill Chicken Caesar Salad,Food,FOD-04,4,42000,168000,Unknown,Take Away
SUN-4124414,2023-10-10,Cinnamon Roll,Dessert,DST-05,2,28000,56000,Debit Card,Online Order
SUN-3837979,2023-02-27,Creamy Maycha Latte,Drinks,DRK-05,4,35000,140000,Digital Wallet,Dine In
SUN-8354539,2023-10-16,Creamy Maycha Latte,Drinks,DRK-05,1,35000,35000,Cash,Take Away
SUN-9734873,2023-09-13,Cafe Latte,Drinks,DRK-03,4,32000,128000,Unknown,Online Order
SUN-7209746,2023-10-05,New York Cheesecake,Dessert,DST-03,4,42000,168000,Cash,Take Away
SUN-7429649,2023-09-18,Iced Americano,Drinks,DRK-02,4,28000,112000,Digital Wallet,Unknown
SUN-4405617,2023-08-06,Beef Carbonara Pasta,Food,FOD-02,3,52000,156000,Debit Card,Take Away
SUN-4871448,2023-05-05,Cinnamon Roll,Dessert,DST-05,4,28000,112000,Digital Wallet,Unknown
SUN-1256167,2023-12-01,New York Cheesecake,Dessert,DST-03,4,42000,168000,Digital Wallet,Online Order
SUN-1377532,2023-12-24,Classic Tirmaisu,Dessert,DST-01,4,38000,152000,Digital Wallet,Online Order
SUN-4857266,2023-09-09,Classic Tirmaisu,Dessert,DST-01,3,38000,114000,Unknown,Unknown
SUN-1134107,2023-05-11,Choco Lava Cake,Dessert,DST-04,4,35000,140000,Cash,Take Away
SUN-8498309,2023-07-02,Espreso Single,Drinks,DRK-01,1,22000,22000,Digital Wallet,Online Order
SUN-2556907,2023-07-24,Fudgy Brownies,Dessert,DST-02,2,25000,50000,Debit Card,Online Order
SUN-2774642,2023-01-29,Grill Chicken Caesar Salad,Food,FOD-04,4,42000,168000,Unknown,Take Away
SUN-2083171,2023-02-02,Iced Americano,Drinks,DRK-02,1,28000,28000,Debit Card,Dine In
SUN-6770098,2023-06-28,Creamy Maycha Latte,Drinks,DRK-05,1,35000,35000,Digital Wallet,Dine In
SUN-9322860,2023-07-25,Cinnamon Roll,Dessert,DST-05,2,28000,56000,Digital Wallet,Unknown
SUN-4442015,2023-03-19,Club Sandwich,Food,FOD-05,1,45000,45000,Cash,Dine In
SUN-4819487,2023-04-07,Creamy Maycha Latte,Drinks,DRK-05,4,35000,140000,Debit Card,Online Order
SUN-7445465,2023-02-18,Choco Lava Cake,Dessert,DST-04,4,35000,140000,Cash,Take Away
SUN-8723081,2023-12-01,Fudgy Brownies,Dessert,DST-02,4,25000,100000,Digital Wallet,Online Order
SUN-7210372,2023-07-04,Club Sandwich,Food,FOD-05,3,45000,135000,Cash,Dine In
SUN-9528763,2023-04-11,Creamy Maycha Latte,Drinks,DRK-05,2,35000,70000,Unknown,Online Order
SUN-2789774,2023-10-14,Iced Americano,Drinks,DRK-02,3,28000,84000,Debit Card,Online Order
SUN-1029409,2023-12-17,Nasi Goreng Kampung,Food,FOD-03,4,38000,152000,Cash,Take Away
SUN-9773293,2023-04-18,Club Sandwich,Food,FOD-05,4,45000,180000,Unknown,Online Order
SUN-8922945,2023-11-24,Nasi Goreng Kampung,Food,FOD-03,1,38000,38000,Debit Card,Take Away
SUN-4768606,2023-10-08,Cinnamon Roll,Dessert,DST-05,3,28000,84000,Debit Card,Online Order
SUN-4106756,2023-10-17,Fudgy Brownies,Dessert,DST-02,3,25000,75000,Unknown,Take Away
SUN-5539868,2023-07-11,Grill Chicken Caesar Salad,Food,FOD-04,2,42000,84000,Unknown,Take Away
SUN-9406923,2023-11-29,Caramel Machiato,Drinks,DRK-04,4,38000,152000,Digital Wallet,Dine In
SUN-9997399,2023-02-24,Caramel Machiato,Drinks,DRK-04,3,38000,114000,Debit Card,Unknown
SUN-4512124,2023-02-02,Caramel Machiato,Drinks,DRK-04,4,38000,152000,Unknown,Dine In
SUN-2543859,2023-12-19,Beef Carbonara Pasta,Food,FOD-02,2,52000,104000,Debit Card,Unknown
SUN-8239829,2023-06-28,Beef Carbonara Pasta,Food,FOD-02,4,52000,208000,Debit Card,Take Away
SUN-6420377,2023-05-27,Buttermilk Fried Chicken,Food,FOD-01,3,48000,144000,Debit Card,Take Away
SUN-3543216,2023-09-24,Espreso Single,Drinks,DRK-01,3,22000,66000,Debit Card,Dine In
SUN-5729919,2023-04-18,Cinnamon Roll,Dessert,DST-05,1,28000,28000,Debit Card,Online Order
SUN-1030767,2023-08-21,Creamy Maycha Latte,Drinks,DRK-05,4,35000,140000,Unknown,Online Order
SUN-3027946,2023-11-06,Espreso Single,Drinks,DRK-01,3,22000,66000,Debit Card,Take Away
SUN-7415035,2023-10-21,Creamy Maycha Latte,Drinks,DRK-05,1,35000,35000,Unknown,Unknown
SUN-1480325,2023-02-15,Espreso Single,Drinks,DRK-01,1,22000,22000,Debit Card,Online Order
SUN-1769805,2023-12-20,Fudgy Brownies,Dessert,DST-02,2,25000,50000,Debit Card,Dine In
SUN-4174154,2023-09-25,Club Sandwich,Food,FOD-05,1,45000,45000,Unknown,Online Order
SUN-8558263,2023-09-12,Club Sandwich,Food,FOD-05,4,45000,180000,Digital Wallet,Online Order
SUN-1797661,2023-03-10,Fudgy Brownies,Dessert,DST-02,4,25000,100000,Debit Card,Dine In
SUN-1847640,2023-12-03,Caramel Machiato,Drinks,DRK-04,2,38000,76000,Cash,Take Away
SUN-9268320,2023-05-24,Club Sandwich,Food,FOD-05,3,45000,135000,Debit Card,Take Away
SUN-4437789,2023-12-10,Cinnamon Roll,Dessert,DST-05,3,28000,84000,Debit Card,Online Order
SUN-8061677,2023-03-26,Cinnamon Roll,Dessert,DST-05,1,28000,28000,Debit Card,Unknown
SUN-7979614,2023-02-04,Espreso Single,Drinks,DRK-01,,22000,,Digital Wallet,Online Order
SUN-2682731,2023-11-04,Beef Carbonara Pasta,Food,FOD-02,3,52000,156000,Debit Card,Dine In
SUN-9618766,2023-08-01,Fudgy Brownies,Dessert,DST-02,4,25000,100000,Digital Wallet,Unknown
SUN-2398916,2023-05-23,Caramel Machiato,Drinks,DRK-04,2,38000,76000,Digital Wallet,Dine In
SUN-1753518,2023-12-23,Choco Lava Cake,Dessert,DST-04,2,35000,70000,Digital Wallet,Take Away
SUN-4498683,2023-12-22,Choco Lava Cake,Dessert,DST-04,1,35000,35000,Unknown,Dine In
SUN-5408520,2023-01-05,Iced Americano,Drinks,DRK-02,1,28000,28000,Cash,Unknown
SUN-4045181,2023-08-17,Iced Americano,Drinks,DRK-02,4,28000,112000,Unknown,Dine In
SUN-9771208,2023-10-22,Fudgy Brownies,Dessert,DST-02,4,25000,100000,Cash,Dine In
SUN-5523093,2023-09-11,Cinnamon Roll,Dessert,DST-05,1,28000,28000,Debit Card,Dine In
SUN-2456469,2023-08-08,Cinnamon Roll,Dessert,DST-05,3,28000,84000,Debit Card,Dine In
SUN-4977738,2023-07-10,Choco Lava Cake,Dessert,DST-04,1,35000,35000,Unknown,Unknown
SUN-3826687,2023-07-14,Fudgy Brownies,Dessert,DST-02,4,25000,100000,Cash,Dine In
SUN-1397063,2023-04-23,Nasi Goreng Kampung,Food,FOD-03,2,38000,76000,Cash,Unknown
SUN-6488202,2023-02-22,Caramel Machiato,Drinks,DRK-04,3,38000,114000,Debit Card,Online Order
SUN-4165877,2023-05-25,Caramel Machiato,Drinks,DRK-04,1,38000,38000,Unknown,Take Away
SUN-2746638,2023-09-12,Creamy Maycha Latte,Drinks,DRK-05,3,35000,105000,Digital Wallet,Online Order
SUN-7816474,2023-12-10,Classic Tirmaisu,Dessert,DST-01,1,38000,38000,Unknown,Unknown
SUN-1505644,2023-12-18,Nasi Goreng Kampung,Food,FOD-03,4,38000,152000,Unknown,Dine In
SUN-7522696,2023-03-15,Cinnamon Roll,Dessert,DST-05,3,28000,84000,Debit Card,Take Away
SUN-3544975,2023-01-11,Cinnamon Roll,Dessert,DST-05,2,28000,56000,Cash,Dine In
SUN-3637143,2023-12-27,New York Cheesecake,Dessert,DST-03,1,42000,42000,Debit Card,Online Order
SUN-6399813,2023-09-03,Espreso Single,Drinks,DRK-01,1,22000,22000,Unknown,Online Order
SUN-4152039,2023-10-04,Beef Carbonara Pasta,Food,FOD-02,3,52000,156000,Debit Card,Unknown
SUN-7931804,2023-10-25,Nasi Goreng Kampung,Food,FOD-03,3,38000,114000,Digital Wallet,Unknown
SUN-1816544,2023-05-12,Choco Lava Cake,Dessert,DST-04,1,35000,35000,Digital Wallet,Online Order
SUN-4045362,2023-11-13,Beef Carbonara Pasta,Food,FOD-02,1,52000,52000,Debit Card,Take Away
SUN-9796984,2023-08-23,Nasi Goreng Kampung,Food,FOD-03,4,38000,152000,Digital Wallet,Dine In
SUN-1726544,2023-08-23,Cinnamon Roll,Dessert,DST-05,2,28000,56000,Digital Wallet,Take Away
SUN-7762970,2023-05-20,Espreso Single,Drinks,DRK-01,1,22000,22000,Debit Card,Unknown
SUN-9389914,2023-05-06,Grill Chicken Caesar Salad,Food,FOD-04,1,42000,42000,Cash,Dine In
SUN-6556153,2023-05-20,Fudgy Brownies,Dessert,DST-02,,25000,,Digital Wallet,Take Away
SUN-5426375,2023-09-18,Club Sandwich,Food,FOD-05,4,45000,180000,Debit Card,Unknown
SUN-5696946,2023-07-03,Creamy Maycha Latte,Drinks,DRK-05,3,35000,105000,Unknown,Take Away
SUN-5399262,2023-01-08,New York Cheesecake,Dessert,DST-03,2,42000,84000,Digital Wallet,Take Away
SUN-9376436,2023-01-07,Buttermilk Fried Chicken,Food,FOD-01,2,48000,96000,Debit Card,Online Order
SUN-7246805,2023-03-12,New York Cheesecake,Dessert,DST-03,1,42000,42000,Debit Card,Dine In
SUN-1955084,2023-06-30,Cafe Latte,Drinks,DRK-03,4,32000,128000,Debit Card,Unknown
SUN-3276269,2023-08-07,Iced Americano,Drinks,DRK-02,1,28000,28000,Debit Card,Unknown
SUN-2353688,2023-12-21,Club Sandwich,Food,FOD-05,2,45000,90000,Unknown,Take Away
SUN-2662613,2023-10-12,Cinnamon Roll,Dessert,DST-05,2,28000,56000,Digital Wallet,Online Order
SUN-2371872,2023-04-15,Nasi Goreng Kampung,Food,FOD-03,2,38000,76000,Digital Wallet,Unknown
SUN-5290536,2023-07-07,Cafe Latte,Drinks,DRK-03,1,32000,32000,Cash,Take Away
SUN-6005328,2023-10-01,Caramel Machiato,Drinks,DRK-04,2,38000,76000,Digital Wallet,Take Away
SUN-2022653,2023-11-19,Nasi Goreng Kampung,Food,FOD-03,1,38000,38000,Digital Wallet,Online Order
SUN-9179409,2023-06-11,Iced Americano,Drinks,DRK-02,2,28000,56000,Cash,Dine In
SUN-5206878,2023-09-19,New York Cheesecake,Dessert,DST-03,3,42000,126000,Digital Wallet,Dine In
SUN-6121218,2023-03-18,Iced Americano,Drinks,DRK-02,3,28000,84000,Cash,Dine In
SUN-3336719,2023-06-17,Nasi Goreng Kampung,Food,FOD-03,3,38000,114000,Debit Card,Take Away
SUN-5402441,2023-11-27,Creamy Maycha Latte,Drinks,DRK-05,1,35000,35000,Debit Card,Dine In
SUN-3569702,2023-05-20,Club Sandwich,Food,FOD-05,3,45000,135000,Debit Card,Dine In
SUN-1381307,2023-01-07,Classic Tirmaisu,Dessert,DST-01,2,38000,76000,Unknown,Take Away
SUN-8451726,2023-10-15,New York Cheesecake,Dessert,DST-03,1,42000,42000,Debit Card,Online Order
SUN-1489974,2023-04-21,Fudgy Brownies,Dessert,DST-02,1,25000,25000,Debit Card,Online Order
SUN-3192938,2023-06-10,Choco Lava Cake,Dessert,DST-04,1,35000,35000,Digital Wallet,Take Away
SUN-6804505,2023-12-31,Creamy Maycha Latte,Drinks,DRK-05,2,35000,70000,Cash,Dine In
SUN-8970521,2023-05-22,Cafe Latte,Drinks,DRK-03,4,32000,128000,Cash,Unknown
SUN-9425824,2023-04-06,Cafe Latte,Drinks,DRK-03,4,32000,128000,Digital Wallet,Online Order
SUN-7104675,2023-03-27,Caramel Machiato,Drinks,DRK-04,1,38000,38000,Cash,Dine In
SUN-1882201,2023-11-06,Caramel Machiato,Drinks,DRK-04,3,38000,114000,Debit Card,Take Away
SUN-8215332,2023-03-20,Buttermilk Fried Chicken,Food,FOD-01,4,48000,192000,Digital Wallet,Dine In
SUN-2898317,2023-08-10,Cafe Latte,Drinks,DRK-03,4,32000,128000,Cash,Dine In
SUN-2416281,2023-03-28,Fudgy Brownies,Dessert,DST-02,2,25000,50000,Unknown,Take Away
SUN-1841516,2023-10-22,Iced Americano,Drinks,DRK-02,4,28000,112000,Debit Card,Online Order
SUN-1118085,2023-09-20,Nasi Goreng Kampung,Food,FOD-03,2,38000,76000,Debit Card,Online Order
SUN-2587441,2023-08-19,Club Sandwich,Food,FOD-05,1,45000,45000,Debit Card,Online Order
SUN-1128104,2023-06-05,New York Cheesecake,Dessert,DST-03,2,42000,84000,Unknown,Dine In
SUN-9704849,2023-05-13,Creamy Maycha Latte,Drinks,DRK-05,1,35000,35000,Digital Wallet,Unknown
SUN-1185213,2023-12-13,Iced Americano,Drinks,DRK-02,3,28000,84000,Debit Card,Dine In
SUN-1873349,2023-10-05,Cinnamon Roll,Dessert,DST-05,4,28000,112000,Debit Card,Online Order
SUN-8985896,2023-05-24,Buttermilk Fried Chicken,Food,FOD-01,4,48000,192000,Debit Card,Unknown
SUN-4006358,2023-01-10,Beef Carbonara Pasta,Food,FOD-02,1,52000,52000,Digital Wallet,Online Order
SUN-7919016,2023-02-16,Buttermilk Fried Chicken,Food,FOD-01,1,48000,48000,Unknown,Dine In
SUN-4007735,2023-06-13,Nasi Goreng Kampung,Food,FOD-03,4,38000,152000,Digital Wallet,Unknown
SUN-8883757,2023-06-17,Nasi Goreng Kampung,Food,FOD-03,1,38000,38000,Cash,Dine In
SUN-8018614,2023-05-16,Buttermilk Fried Chicken,Food,FOD-01,1,48000,48000,Debit Card,Online Order
SUN-9226217,2023-12-26,Classic Tirmaisu,Dessert,DST-01,1,38000,38000,Digital Wallet,Dine In
SUN-5571863,2023-06-24,Iced Americano,Drinks,DRK-02,1,28000,28000,Digital Wallet,Unknown
SUN-5709432,2023-10-17,Cafe Latte,Drinks,DRK-03,2,32000,64000,Digital Wallet,Dine In
SUN-7472387,2023-02-16,Espreso Single,Drinks,DRK-01,2,22000,44000,Unknown,Online Order
SUN-8499553,2023-05-17,Fudgy Brownies,Dessert,DST-02,4,25000,100000,Digital Wallet,Take Away
SUN-6581890,2023-03-23,Iced Americano,Drinks,DRK-02,3,28000,84000,Debit Card,Take Away
SUN-6564866,2023-02-22,Club Sandwich,Food,FOD-05,3,45000,135000,Debit Card,Unknown
SUN-8008079,2023-07-25,Creamy Maycha Latte,Drinks,DRK-05,4,35000,140000,Debit Card,Take Away
SUN-3078409,2023-02-21,Grill Chicken Caesar Salad,Food,FOD-04,3,42000,126000,Debit Card,Online Order
SUN-5938043,2023-05-22,New York Cheesecake,Dessert,DST-03,1,42000,42000,Debit Card,Take Away
SUN-3499587,2023-09-08,Espreso Single,Drinks,DRK-01,3,22000,66000,Cash,Unknown
SUN-2362000,2023-10-16,Iced Americano,Drinks,DRK-02,1,28000,28000,Digital Wallet,Dine In
SUN-9155910,2023-07-24,Classic Tirmaisu,Dessert,DST-01,2,38000,76000,Debit Card,Take Away
SUN-3704493,2023-08-09,Buttermilk Fried Chicken,Food,FOD-01,4,48000,192000,Cash,Take Away
SUN-5178826,2023-04-18,Beef Carbonara Pasta,Food,FOD-02,4,52000,208000,Digital Wallet,Online Order
SUN-4768636,2023-11-11,Creamy Maycha Latte,Drinks,DRK-05,2,35000,70000,Digital Wallet,Dine In
SUN-1016205,2023-03-09,New York Cheesecake,Dessert,DST-03,3,42000,126000,Debit Card,Take Away
SUN-8935007,2023-09-25,Cafe Latte,Drinks,DRK-03,3,32000,96000,Digital Wallet,Dine In
SUN-7951911,2023-02-02,Buttermilk Fried Chicken,Food,FOD-01,4,48000,192000,Digital Wallet,Online Order
SUN-1103558,2023-08-08,Classic Tirmaisu,Dessert,DST-01,3,38000,114000,Digital Wallet,Take Away
SUN-2197512,2023-04-02,Caramel Machiato,Drinks,DRK-04,,38000,,Debit Card,Online Order
SUN-1221935,2023-04-15,Choco Lava Cake,Dessert,DST-04,4,35000,140000,Cash,Dine In
SUN-9853177,2023-05-06,Fudgy Brownies,Dessert,DST-02,2,25000,50000,Debit Card,Dine In
SUN-7387208,2023-10-13,Choco Lava Cake,Dessert,DST-04,4,35000,140000,Digital Wallet,Unknown
SUN-6659749,2023-10-16,Espreso Single,Drinks,DRK-01,3,22000,66000,Debit Card,Online Order
SUN-1372525,2023-04-02,Classic Tirmaisu,Dessert,DST-01,3,38000,114000,Digital Wallet,Take Away
SUN-4958482,2023-07-16,Creamy Maycha Latte,Drinks,DRK-05,3,35000,105000,Debit Card,Online Order
SUN-8118846,2023-01-28,Fudgy Brownies,Dessert,DST-02,2,25000,50000,Unknown,Dine In
SUN-4770221,2023-11-22,Espreso Single,Drinks,DRK-01,4,22000,88000,Unknown,Take Away
SUN-4376420,2023-12-18,Choco Lava Cake,Dessert,DST-04,1,35000,35000,Debit Card,Take Away
SUN-4486484,2023-05-13,Cafe Latte,Drinks,DRK-03,4,32000,128000,Debit Card,Online Order
SUN-3959123,2023-07-17,Grill Chicken Caesar Salad,Food,FOD-04,1,42000,42000,Debit Card,Take Away
SUN-2811084,2023-07-16,Grill Chicken Caesar Salad,Food,FOD-04,3,42000,126000,Cash,Take Away
SUN-4387390,2023-10-10,Caramel Machiato,Drinks,DRK-04,3,38000,114000,Unknown,Unknown
SUN-1021619,2023-01-26,Iced Americano,Drinks,DRK-02,1,28000,28000,Cash,Take Away
SUN-8974534,2023-07-13,Grill Chicken Caesar Salad,Food,FOD-04,2,42000,84000,Debit Card,Online Order
SUN-4943061,2023-11-04,Club Sandwich,Food,FOD-05,1,45000,45000,Cash,Take Away
SUN-5283266,2023-08-12,Grill Chicken Caesar Salad,Food,FOD-04,2,42000,84000,Cash,Dine In
SUN-7959488,2023-07-23,Club Sandwich,Food,FOD-05,4,45000,180000,Digital Wallet,Online Order
SUN-8667313,2023-01-13,Choco Lava Cake,Dessert,DST-04,2,35000,70000,Debit Card,Unknown
SUN-8181221,2023-12-04,Cafe Latte,Drinks,DRK-03,3,32000,96000,Cash,Dine In
SUN-5290242,2023-03-10,Nasi Goreng Kampung,Food,FOD-03,3,38000,114000,Unknown,Unknown
SUN-8849257,2023-05-08,Caramel Machiato,Drinks,DRK-04,4,38000,152000,Cash,Unknown
SUN-4007209,2023-09-04,Buttermilk Fried Chicken,Food,FOD-01,,48000,,Digital Wallet,Take Away
SUN-6760631,2023-06-18,Club Sandwich,Food,FOD-05,4,45000,180000,Digital Wallet,Take Away
SUN-6991658,2023-07-28,Club Sandwich,Food,FOD-05,4,45000,180000,Cash,Dine In
SUN-6215306,2023-08-04,Caramel Machiato,Drinks,DRK-04,4,38000,152000,Debit Card,Take Away
SUN-8109579,,Cinnamon Roll,Dessert,DST-05,2,28000,56000,Cash,Unknown
SUN-7369332,2023-01-06,Iced Americano,Drinks,DRK-02,2,28000,56000,Digital Wallet,Dine In
SUN-8167247,2023-12-14,Beef Carbonara Pasta,Food,FOD-02,3,52000,156000,Cash,Take Away
SUN-9276663,2023-10-23,Beef Carbonara Pasta,Food,FOD-02,1,52000,52000,Digital Wallet,Online Order
SUN-8452148,2023-02-26,Espreso Single,Drinks,DRK-01,1,22000,22000,Cash,Take Away
SUN-9219218,2023-09-02,Grill Chicken Caesar Salad,Food,FOD-04,2,42000,84000,Debit Card,Dine In
SUN-6473691,2023-07-06,Creamy Maycha Latte,Drinks,DRK-05,1,35000,35000,Cash,Dine In
SUN-3721775,2023-09-27,New York Cheesecake,Dessert,DST-03,3,42000,126000,Debit Card,Online Order
SUN-9919718,2023-02-22,Grill Chicken Caesar Salad,Food,FOD-04,1,42000,42000,Debit Card,Dine In
SUN-2398984,2023-09-13,Club Sandwich,Food,FOD-05,3,45000,135000,Digital Wallet,Online Order
SUN-6660507,2023-09-19,Cinnamon Roll,Dessert,DST-05,2,28000,56000,Debit Card,Dine In
SUN-1768333,2023-12-31,Cinnamon Roll,Dessert,DST-05,4,28000,112000,Cash,Dine In
SUN-4056073,2023-04-11,Buttermilk Fried Chicken,Food,FOD-01,2,48000,96000,Unknown,Take Away
SUN-3428523,2023-06-07,Iced Americano,Drinks,DRK-02,2,28000,56000,Digital Wallet,Unknown
SUN-1125514,2023-02-18,New York Cheesecake,Dessert,DST-03,3,42000,126000,Digital Wallet,Online Order
SUN-8324187,2023-01-06,Classic Tirmaisu,Dessert,DST-01,2,38000,76000,Digital Wallet,Take Away
SUN-7539745,2023-01-17,New York Cheesecake,Dessert,DST-03,1,42000,42000,Cash,Take Away
SUN-6650900,2023-06-13,Nasi Goreng Kampung,Food,FOD-03,3,38000,114000,Digital Wallet,Dine In
SUN-2456442,2023-03-05,Buttermilk Fried Chicken,Food,FOD-01,3,48000,144000,Debit Card,Dine In
SUN-7994772,2023-09-29,New York Cheesecake,Dessert,DST-03,2,42000,84000,Debit Card,Take Away
SUN-8282188,2023-03-12,Buttermilk Fried Chicken,Food,FOD-01,1,48000,48000,Debit Card,Dine In
SUN-9572771,2023-08-17,Fudgy Brownies,Dessert,DST-02,2,25000,50000,Cash,Dine In
SUN-2028492,2023-07-15,Fudgy Brownies,Dessert,DST-02,2,25000,50000,Debit Card,Dine In
SUN-9165958,2023-05-01,Fudgy Brownies,Dessert,DST-02,4,25000,100000,Digital Wallet,Dine In
SUN-2152912,2023-06-14,Choco Lava Cake,Dessert,DST-04,4,35000,140000,Unknown,Online Order
SUN-6440272,2023-12-31,Nasi Goreng Kampung,Food,FOD-03,4,38000,152000,Debit Card,Take Away
SUN-3298785,2023-12-16,Nasi Goreng Kampung,Food,FOD-03,2,38000,76000,Cash,Take Away
SUN-5843575,2023-04-12,Beef Carbonara Pasta,Food,FOD-02,1,52000,52000,Digital Wallet,Take Away
SUN-2106667,2023-12-15,New York Cheesecake,Dessert,DST-03,3,42000,126000,Digital Wallet,Online Order
SUN-6924098,2023-03-21,Nasi Goreng Kampung,Food,FOD-03,2,38000,76000,Debit Card,Dine In
SUN-4548595,2023-10-18,Caramel Machiato,Drinks,DRK-04,1,38000,38000,Digital Wallet,Online Order
SUN-6238084,2023-05-06,Caramel Machiato,Drinks,DRK-04,3,38000,114000,Debit Card,Online Order
SUN-9732161,2023-09-03,Caramel Machiato,Drinks,DRK-04,3,38000,114000,Debit Card,Dine In
SUN-3392444,2023-08-26,Iced Americano,Drinks,DRK-02,1,28000,28000,Debit Card,Online Order
SUN-1470270,2023-11-05,Espreso Single,Drinks,DRK-01,4,22000,88000,Unknown,Take Away
SUN-6706682,2023-05-20,Cinnamon Roll,Dessert,DST-05,4,28000,112000,Debit Card,Take Away
SUN-2322526,2023-12-09,Iced Americano,Drinks,DRK-02,3,28000,84000,Debit Card,Take Away
SUN-5083411,2023-11-18,Caramel Machiato,Drinks,DRK-04,,38000,,Unknown,Unknown
SUN-5311525,2023-01-09,Iced Americano,Drinks,DRK-02,4,28000,112000,Digital Wallet,Take Away
SUN-2075741,2023-02-06,Espreso Single,Drinks,DRK-01,2,22000,44000,Digital Wallet,Online Order
SUN-5180620,2023-02-13,Classic Tirmaisu,Dessert,DST-01,4,38000,152000,Debit Card,Take Away
SUN-4840410,2023-08-24,Fudgy Brownies,Dessert,DST-02,2,25000,50000,Debit Card,Online Order
SUN-3842470,2023-05-12,Iced Americano,Drinks,DRK-02,4,28000,112000,Debit Card,Online Order
SUN-4396865,2023-02-26,Iced Americano,Drinks,DRK-02,1,28000,28000,Unknown,Take Away
SUN-8980260,2023-02-04,Nasi Goreng Kampung,Food,FOD-03,2,38000,76000,Cash,Take Away
SUN-3282611,2023-12-01,Club Sandwich,Food,FOD-05,2,45000,90000,Cash,Unknown
SUN-7298262,2023-08-07,Cinnamon Roll,Dessert,DST-05,3,28000,84000,Debit Card,Unknown
SUN-2390125,2023-01-13,Choco Lava Cake,Dessert,DST-04,2,35000,70000,Debit Card,Dine In
SUN-7275832,2023-04-06,Buttermilk Fried Chicken,Food,FOD-01,1,48000,48000,Cash,Take Away
SUN-9656174,2023-08-28,Cinnamon Roll,Dessert,DST-05,3,28000,84000,Digital Wallet,Take Away
SUN-5787125,2023-04-07,Beef Carbonara Pasta,Food,FOD-02,4,52000,208000,Debit Card,Online Order
SUN-9117990,2023-10-06,Iced Americano,Drinks,DRK-02,2,28000,56000,Debit Card,Unknown
SUN-9131907,2023-04-16,Caramel Machiato,Drinks,DRK-04,1,38000,38000,Digital Wallet,Dine In
SUN-1190552,2023-08-19,Grill Chicken Caesar Salad,Food,FOD-04,4,42000,168000,Cash,Unknown
SUN-7070835,2023-02-05,Beef Carbonara Pasta,Food,FOD-02,4,52000,208000,Cash,Take Away
SUN-1170595,2023-10-23,Cinnamon Roll,Dessert,DST-05,2,28000,56000,Cash,Dine In
SUN-6989509,2023-09-28,Buttermilk Fried Chicken,Food,FOD-01,4,48000,192000,Unknown,Online Order
SUN-1334408,2023-07-16,New York Cheesecake,Dessert,DST-03,3,42000,126000,Unknown,Dine In
SUN-3331131,2023-08-26,Grill Chicken Caesar Salad,Food,FOD-04,2,42000,84000,Debit Card,Take Away
SUN-3585942,2023-01-24,Caramel Machiato,Drinks,DRK-04,3,38000,114000,Cash,Take Away
SUN-5750008,2023-08-10,Fudgy Brownies,Dessert,DST-02,4,25000,100000,Cash,Dine In
SUN-3985646,2023-06-16,Fudgy Brownies,Dessert,DST-02,1,25000,25000,Debit Card,Online Order
SUN-5532495,2023-01-13,New York Cheesecake,Dessert,DST-03,2,42000,84000,Debit Card,Dine In
SUN-9133551,2023-01-11,Caramel Machiato,Drinks,DRK-04,4,38000,152000,Unknown,Dine In
SUN-5178202,2023-06-06,Iced Americano,Drinks,DRK-02,4,28000,112000,Unknown,Take Away
SUN-1124016,2023-09-21,Creamy Maycha Latte,Drinks,DRK-05,4,35000,140000,Debit Card,Dine In
SUN-1885203,2023-09-08,Choco Lava Cake,Dessert,DST-04,3,35000,105000,Digital Wallet,Take Away
SUN-6354140,2023-03-05,Classic Tirmaisu,Dessert,DST-01,4,38000,152000,Unknown,Online Order
SUN-9783504,2023-02-27,Creamy Maycha Latte,Drinks,DRK-05,1,35000,35000,Debit Card,Take Away
SUN-6406271,2023-04-02,Iced Americano,Drinks,DRK-02,4,28000,112000,Unknown,Take Away
SUN-1895137,2023-05-21,Nasi Goreng Kampung,Food,FOD-03,2,38000,76000,Debit Card,Online Order
SUN-6815911,,Espreso Single,Drinks,DRK-01,3,22000,66000,Cash,Take Away
SUN-4310135,2023-01-08,New York Cheesecake,Dessert,DST-03,1,42000,42000,Digital Wallet,Take Away
SUN-2288703,2023-05-13,Grill Chicken Caesar Salad,Food,FOD-04,1,42000,42000,Digital Wallet,Dine In
SUN-8690462,2023-01-30,Beef Carbonara Pasta,Food,FOD-02,3,52000,156000,Debit Card,Online Order
SUN-2787346,2023-03-14,Nasi Goreng Kampung,Food,FOD-03,,38000,,Digital Wallet,Dine In
SUN-6692806,2023-03-21,Creamy Maycha Latte,Drinks,DRK-05,4,35000,140000,Debit Card,Dine In
SUN-2097804,2023-05-20,Club Sandwich,Food,FOD-05,1,45000,45000,Debit Card,Online Order
SUN-8353639,2023-06-01,Choco Lava Cake,Dessert,DST-04,4,35000,140000,Digital Wallet,Online Order
SUN-3000311,2023-01-20,Iced Americano,Drinks,DRK-02,1,28000,28000,Digital Wallet,Dine In
SUN-7084958,2023-06-19,Grill Chicken Caesar Salad,Food,FOD-04,3,42000,126000,Debit Card,Take Away
SUN-2871925,2023-11-28,Creamy Maycha Latte,Drinks,DRK-05,3,35000,105000,Cash,Take Away
SUN-6628021,2023-11-19,Fudgy Brownies,Dessert,DST-02,2,25000,50000,Digital Wallet,Dine In
SUN-5221320,2023-02-20,Grill Chicken Caesar Salad,Food,FOD-04,4,42000,168000,Debit Card,Online Order
SUN-5777603,2023-04-26,Fudgy Brownies,Dessert,DST-02,3,25000,75000,Unknown,Online Order
SUN-2654927,2023-08-28,Choco Lava Cake,Dessert,DST-04,2,35000,70000,Cash,Take Away
SUN-6347278,2023-01-08,Iced Americano,Drinks,DRK-02,2,28000,56000,Cash,Take Away
SUN-8796986,2023-07-29,New York Cheesecake,Dessert,DST-03,,42000,,Cash,Dine In
SUN-4177594,2023-10-29,Caramel Machiato,Drinks,DRK-04,2,38000,76000,Debit Card,Online Order
SUN-6487325,2023-10-15,New York Cheesecake,Dessert,DST-03,2,42000,84000,Unknown,Take Away
SUN-2977261,2023-01-23,Nasi Goreng Kampung,Food,FOD-03,4,38000,152000,Unknown,Take Away
SUN-8895931,2023-04-11,Classic Tirmaisu,Dessert,DST-01,1,38000,38000,Digital Wallet,Online Order
SUN-8072233,2023-02-03,Club Sandwich,Food,FOD-05,2,45000,90000,Debit Card,Online Order
SUN-9296803,2023-07-03,Nasi Goreng Kampung,Food,FOD-03,4,38000,152000,Unknown,Dine In
SUN-9126527,2023-12-18,Grill Chicken Caesar Salad,Food,FOD-04,4,42000,168000,Cash,Take Away
SUN-1965121,2023-10-19,Classic Tirmaisu,Dessert,DST-01,1,38000,38000,Cash,Dine In
SUN-7045122,2023-10-02,Fudgy Brownies,Dessert,DST-02,3,25000,75000,Debit Card,Dine In
SUN-7128024,2023-10-02,Fudgy Brownies,Dessert,DST-02,1,25000,25000,Unknown,Dine In
SUN-4824265,2023-05-04,Club Sandwich,Food,FOD-05,4,45000,180000,Debit Card,Online Order
SUN-3944598,2023-12-23,Club Sandwich,Food,FOD-05,4,45000,180000,Debit Card,Unknown
SUN-3976495,2023-02-18,Cinnamon Roll,Dessert,DST-05,3,28000,84000,Digital Wallet,Unknown
SUN-8460476,,Choco Lava Cake,Dessert,DST-04,1,35000,35000,Debit Card,Dine In
SUN-1496273,2023-05-22,Beef Carbonara Pasta,Food,FOD-02,2,52000,104000,Cash,Take Away
SUN-2103960,2023-06-18,Cafe Latte,Drinks,DRK-03,2,32000,64000,Debit Card,Online Order
SUN-5232957,2023-05-04,Nasi Goreng Kampung,Food,FOD-03,3,38000,114000,Unknown,Take Away
SUN-4642156,2023-06-21,Fudgy Brownies,Dessert,DST-02,4,25000,100000,Debit Card,Online Order
SUN-2361219,2023-11-16,Classic Tirmaisu,Dessert,DST-01,3,38000,114000,Cash,Take Away
SUN-4420069,2023-06-19,Creamy Maycha Latte,Drinks,DRK-05,1,35000,35000,Digital Wallet,Take Away
SUN-1738839,2023-06-02,New York Cheesecake,Dessert,DST-03,4,42000,168000,Digital Wallet,Dine In
SUN-1091734,2023-08-21,Buttermilk Fried Chicken,Food,FOD-01,3,48000,144000,Digital Wallet,Unknown
SUN-3073383,2023-01-30,Creamy Maycha Latte,Drinks,DRK-05,2,35000,70000,Unknown,Unknown
SUN-9193911,2023-11-22,Choco Lava Cake,Dessert,DST-04,2,35000,70000,Cash,Unknown
SUN-3985207,2023-12-05,New York Cheesecake,Dessert,DST-03,3,42000,126000,Debit Card,Take Away
SUN-2020376,2023-01-08,Club Sandwich,Food,FOD-05,1,45000,45000,Cash,Dine In
SUN-2716666,2023-08-16,Iced Americano,Drinks,DRK-02,4,28000,112000,Debit Card,Take Away
SUN-2012318,2023-12-30,Club Sandwich,Food,FOD-05,1,45000,45000,Digital Wallet,Dine In
SUN-6498910,2023-02-12,Iced Americano,Drinks,DRK-02,3,28000,84000,Digital Wallet,Online Order
SUN-1078513,2023-02-25,Espreso Single,Drinks,DRK-01,3,22000,66000,Cash,Take Away
SUN-4876866,2023-02-11,Nasi Goreng Kampung,Food,FOD-03,3,38000,114000,Debit Card,Dine In
SUN-7067415,2023-12-02,Grill Chicken Caesar Salad,Food,FOD-04,4,42000,168000,Cash,Dine In
SUN-4910016,2023-06-20,New York Cheesecake,Dessert,DST-03,1,42000,42000,Cash,Take Away
SUN-7631407,2023-12-16,Iced Americano,Drinks,DRK-02,4,28000,112000,Unknown,Online Order
SUN-6480960,2023-02-03,New York Cheesecake,Dessert,DST-03,4,42000,168000,Digital Wallet,Take Away
SUN-2243805,2023-09-08,Beef Carbonara Pasta,Food,FOD-02,1,52000,52000,Unknown,Online Order
SUN-4539484,2023-08-19,Choco Lava Cake,Dessert,DST-04,3,35000,105000,Cash,Take Away
SUN-7766140,2023-07-16,Iced Americano,Drinks,DRK-02,4,28000,112000,Unknown,Take Away
SUN-5264074,2023-08-13,Club Sandwich,Food,FOD-05,3,45000,135000,Debit Card,Unknown
SUN-1607097,2023-02-16,Espreso Single,Drinks,DRK-01,2,22000,44000,Debit Card,Online Order
SUN-5257382,,Fudgy Brownies,Dessert,DST-02,3,25000,75000,Debit Card,Take Away
SUN-5446022,2023-08-14,Choco Lava Cake,Dessert,DST-04,,35000,,Digital Wallet,Dine In
SUN-4737796,2023-10-22,Choco Lava Cake,Dessert,DST-04,4,35000,140000,Digital Wallet,Online Order
SUN-2867914,2023-11-25,Grill Chicken Caesar Salad,Food,FOD-04,2,42000,84000,Cash,Dine In
SUN-3835532,2023-10-15,Choco Lava Cake,Dessert,DST-04,1,35000,35000,Cash,Dine In
SUN-6080909,2023-06-18,Beef Carbonara Pasta,Food,FOD-02,2,52000,104000,Debit Card,Dine In
SUN-1242131,2023-12-01,Caramel Machiato,Drinks,DRK-04,2,38000,76000,Debit Card,Take Away
SUN-8079228,2023-01-13,Iced Americano,Drinks,DRK-02,2,28000,56000,Debit Card,Dine In
SUN-1931557,2023-09-02,Grill Chicken Caesar Salad,Food,FOD-04,3,42000,126000,Debit Card,Take Away
SUN-1788058,2023-07-07,Fudgy Brownies,Dessert,DST-02,1,25000,25000,Cash,Dine In
SUN-8277389,2023-09-10,Cinnamon Roll,Dessert,DST-05,4,28000,112000,Cash,Dine In
SUN-3201156,2023-11-14,New York Cheesecake,Dessert,DST-03,2,42000,84000,Debit Card,Dine In
SUN-1621894,2023-03-01,Classic Tirmaisu,Dessert,DST-01,3,38000,114000,Cash,Dine In
SUN-5497219,2023-10-12,Choco Lava Cake,Dessert,DST-04,3,35000,105000,Digital Wallet,Dine In
SUN-7491467,2023-01-09,Classic Tirmaisu,Dessert,DST-01,1,38000,38000,Digital Wallet,Online Order
SUN-7771752,2023-06-17,Espreso Single,Drinks,DRK-01,3,22000,66000,Digital Wallet,Dine In
SUN-4404363,2023-01-24,Club Sandwich,Food,FOD-05,4,45000,180000,Unknown,Take Away
SUN-4310943,2023-03-31,Choco Lava Cake,Dessert,DST-04,4,35000,140000,Unknown,Unknown
SUN-1693197,2023-12-19,Creamy Maycha Latte,Drinks,DRK-05,3,35000,105000,Unknown,Online Order
SUN-3784440,2023-05-29,Espreso Single,Drinks,DRK-01,2,22000,44000,Digital Wallet,Take Away
SUN-2464798,2023-08-24,Nasi Goreng Kampung,Food,FOD-03,1,38000,38000,Unknown,Dine In
SUN-5318810,2023-12-15,Caramel Machiato,Drinks,DRK-04,4,38000,152000,Debit Card,Dine In
SUN-1838134,2023-12-12,Beef Carbonara Pasta,Food,FOD-02,2,52000,104000,Debit Card,Take Away
SUN-2579270,2023-02-02,Creamy Maycha Latte,Drinks,DRK-05,4,35000,140000,Debit Card,Dine In
SUN-4008256,2023-05-08,Choco Lava Cake,Dessert,DST-04,4,35000,140000,Unknown,Dine In
SUN-8366078,2023-12-29,Caramel Machiato,Drinks,DRK-04,1,38000,38000,Digital Wallet,Unknown
SUN-6049874,2023-10-03,Classic Tirmaisu,Dessert,DST-01,2,38000,76000,Debit Card,Take Away
SUN-3254109,2023-06-03,Iced Americano,Drinks,DRK-02,4,28000,112000,Digital Wallet,Online Order
SUN-9245262,2023-01-24,Fudgy Brownies,Dessert,DST-02,3,25000,75000,Cash,Take Away
SUN-6472750,2023-08-25,New York Cheesecake,Dessert,DST-03,2,42000,84000,Cash,Unknown
SUN-2437520,2023-03-02,Grill Chicken Caesar Salad,Food,FOD-04,2,42000,84000,Cash,Dine In
SUN-6032128,2023-11-27,Grill Chicken Caesar Salad,Food,FOD-04,2,42000,84000,Cash,Take Away
SUN-3946202,2023-04-12,Choco Lava Cake,Dessert,DST-04,3,35000,105000,Unknown,Dine In
SUN-1157734,2023-06-13,Buttermilk Fried Chicken,Food,FOD-01,4,48000,192000,Debit Card,Dine In
SUN-6264480,2023-07-20,New York Cheesecake,Dessert,DST-03,2,42000,84000,Unknown,Online Order
SUN-6075222,2023-06-29,Buttermilk Fried Chicken,Food,FOD-01,3,48000,144000,Unknown,Take Away
SUN-5497940,2023-07-23,Buttermilk Fried Chicken,Food,FOD-01,2,48000,96000,Debit Card,Online Order
SUN-4193677,2023-10-22,Cafe Latte,Drinks,DRK-03,4,32000,128000,Debit Card,Dine In
SUN-1921825,2023-07-02,Espreso Single,Drinks,DRK-01,1,22000,22000,Digital Wallet,Unknown
SUN-8577143,2023-05-04,Cafe Latte,Drinks,DRK-03,2,32000,64000,Debit Card,Dine In
SUN-7292384,2023-06-04,Cinnamon Roll,Dessert,DST-05,2,28000,56000,Debit Card,Dine In
SUN-4751461,2023-10-18,Fudgy Brownies,Dessert,DST-02,3,25000,75000,Debit Card,Dine In
SUN-5830990,2023-07-30,Cinnamon Roll,Dessert,DST-05,3,28000,84000,Digital Wallet,Dine In
SUN-2243966,2023-06-19,Grill Chicken Caesar Salad,Food,FOD-04,2,42000,84000,Debit Card,Unknown
SUN-1240401,2023-12-19,Cafe Latte,Drinks,DRK-03,3,32000,96000,Cash,Take Away
SUN-5457839,2023-04-03,Grill Chicken Caesar Salad,Food,FOD-04,1,42000,42000,Cash,Take Away
SUN-9152954,2023-06-17,Choco Lava Cake,Dessert,DST-04,2,35000,70000,Debit Card,Take Away
SUN-3882377,2023-12-16,Espreso Single,Drinks,DRK-01,4,22000,88000,Digital Wallet,Take Away
SUN-3651522,2023-11-02,Creamy Maycha Latte,Drinks,DRK-05,3,35000,105000,Digital Wallet,Unknown
SUN-1770664,2023-07-29,Iced Americano,Drinks,DRK-02,4,28000,112000,Cash,Take Away
SUN-5128106,2023-01-21,Iced Americano,Drinks,DRK-02,2,28000,56000,Cash,Dine In
SUN-3986666,2023-07-23,Cinnamon Roll,Dessert,DST-05,3,28000,84000,Unknown,Dine In
SUN-2045480,2023-05-21,Cinnamon Roll,Dessert,DST-05,3,28000,84000,Unknown,Take Away
SUN-5789834,2023-12-20,Classic Tirmaisu,Dessert,DST-01,3,38000,114000,Unknown,Take Away
SUN-7581831,2023-07-24,New York Cheesecake,Dessert,DST-03,3,42000,126000,Digital Wallet,Take Away
SUN-1744971,2023-07-29,Caramel Machiato,Drinks,DRK-04,4,38000,152000,Digital Wallet,Unknown
SUN-3765242,2023-08-15,Choco Lava Cake,Dessert,DST-04,3,35000,105000,Cash,Take Away
SUN-3761142,2023-05-29,Club Sandwich,Food,FOD-05,2,45000,90000,Cash,Take Away
SUN-5884930,2023-04-02,Classic Tirmaisu,Dessert,DST-01,4,38000,152000,Unknown,Take Away
SUN-1034085,2023-07-06,Iced Americano,Drinks,DRK-02,4,28000,112000,Cash,Take Away
SUN-3304160,2023-05-26,Choco Lava Cake,Dessert,DST-04,,35000,,Debit Card,Online Order
SUN-8828098,2023-10-30,Classic Tirmaisu,Dessert,DST-01,3,38000,114000,Debit Card,Take Away
SUN-5916429,2023-12-12,Cafe Latte,Drinks,DRK-03,4,32000,128000,Cash,Dine In
SUN-1871245,,Buttermilk Fried Chicken,Food,FOD-01,1,48000,48000,Debit Card,Online Order
SUN-2758454,2023-08-25,Espreso Single,Drinks,DRK-01,4,22000,88000,Digital Wallet,Online Order
SUN-4089438,2023-03-13,Espreso Single,Drinks,DRK-01,4,22000,88000,Cash,Dine In
SUN-3700009,,Caramel Machiato,Drinks,DRK-04,4,38000,152000,Cash,Take Away
SUN-5674238,2023-02-26,Choco Lava Cake,Dessert,DST-04,2,35000,70000,Unknown,Online Order
SUN-4221282,2023-01-24,Fudgy Brownies,Dessert,DST-02,3,25000,75000,Digital Wallet,Online Order
SUN-9668260,2023-03-16,Classic Tirmaisu,Dessert,DST-01,3,38000,114000,Unknown,Take Away
SUN-4779307,2023-01-20,Choco Lava Cake,Dessert,DST-04,1,35000,35000,Cash,Unknown
SUN-1509421,2023-11-12,Nasi Goreng Kampung,Food,FOD-03,2,38000,76000,Unknown,Online Order
SUN-8522576,2023-03-19,Espreso Single,Drinks,DRK-01,4,22000,88000,Unknown,Online Order
SUN-4482325,2023-11-30,Grill Chicken Caesar Salad,Food,FOD-04,2,42000,84000,Digital Wallet,Online Order
SUN-8532221,2023-02-20,Cinnamon Roll,Dessert,DST-05,3,28000,84000,Unknown,Dine In
SUN-5971538,2023-09-02,Club Sandwich,Food,FOD-05,3,45000,135000,Digital Wallet,Online Order
SUN-9793458,2023-12-26,Fudgy Brownies,Dessert,DST-02,1,25000,25000,Cash,Take Away
SUN-1660564,2023-02-10,Caramel Machiato,Drinks,DRK-04,4,38000,152000,Digital Wallet,Unknown
SUN-4547332,2023-01-02,Caramel Machiato,Drinks,DRK-04,1,38000,38000,Digital Wallet,Dine In
SUN-8320688,2023-04-14,Caramel Machiato,Drinks,DRK-04,1,38000,38000,Unknown,Dine In
SUN-3569260,2023-05-14,Club Sandwich,Food,FOD-05,2,45000,90000,Debit Card,Online Order
SUN-4795443,2023-06-27,Espreso Single,Drinks,DRK-01,2,22000,44000,Debit Card,Online Order
SUN-2533701,2023-01-22,New York Cheesecake,Dessert,DST-03,2,42000,84000,Debit Card,Dine In
SUN-9850892,2023-01-26,Iced Americano,Drinks,DRK-02,3,28000,84000,Digital Wallet,Unknown
SUN-3313150,2023-08-22,Beef Carbonara Pasta,Food,FOD-02,2,52000,104000,Digital Wallet,Take Away
SUN-7402043,2023-02-02,Espreso Single,Drinks,DRK-01,3,22000,66000,Debit Card,Dine In
SUN-8957084,2023-01-17,Caramel Machiato,Drinks,DRK-04,3,38000,114000,Digital Wallet,Online Order
SUN-2445224,2023-05-20,Beef Carbonara Pasta,Food,FOD-02,4,52000,208000,Debit Card,Dine In
SUN-1056149,2023-01-25,Caramel Machiato,Drinks,DRK-04,4,38000,152000,Unknown,Take Away
SUN-5052250,2023-02-23,Cafe Latte,Drinks,DRK-03,1,32000,32000,Cash,Take Away
SUN-4364140,2023-01-30,New York Cheesecake,Dessert,DST-03,2,42000,84000,Digital Wallet,Unknown
SUN-6813923,2023-06-27,Espreso Single,Drinks,DRK-01,3,22000,66000,Debit Card,Online Order
SUN-1115969,2023-04-10,Cinnamon Roll,Dessert,DST-05,1,28000,28000,Debit Card,Online Order
SUN-9413963,2023-10-31,Caramel Machiato,Drinks,DRK-04,2,38000,76000,Digital Wallet,Online Order
SUN-4937657,2023-07-30,Espreso Single,Drinks,DRK-01,3,22000,66000,Debit Card,Dine In
SUN-5584391,2023-05-02,Club Sandwich,Food,FOD-05,4,45000,180000,Unknown,Online Order
SUN-6882928,2023-10-21,Choco Lava Cake,Dessert,DST-04,1,35000,35000,Unknown,Dine In
SUN-7863771,2023-03-14,Espreso Single,Drinks,DRK-01,2,22000,44000,Digital Wallet,Unknown
SUN-2467865,2023-04-08,Fudgy Brownies,Dessert,DST-02,,25000,,Digital Wallet,Dine In
SUN-8118947,2023-02-20,Choco Lava Cake,Dessert,DST-04,4,35000,140000,Debit Card,Online Order
SUN-5074460,2023-04-14,Nasi Goreng Kampung,Food,FOD-03,3,38000,114000,Debit Card,Dine In
SUN-7187321,2023-05-30,Classic Tirmaisu,Dessert,DST-01,1,38000,38000,Unknown,Take Away
SUN-6497466,2023-10-28,Grill Chicken Caesar Salad,Food,FOD-04,3,42000,126000,Cash,Dine In
SUN-6297953,2023-05-12,Fudgy Brownies,Dessert,DST-02,1,25000,25000,Debit Card,Online Order
SUN-3961823,2023-09-30,Nasi Goreng Kampung,Food,FOD-03,4,38000,152000,Digital Wallet,Online Order
SUN-3204540,2023-11-05,Caramel Machiato,Drinks,DRK-04,2,38000,76000,Unknown,Unknown
SUN-2300328,2023-02-16,Iced Americano,Drinks,DRK-02,4,28000,112000,Cash,Take Away
SUN-5421267,2023-09-23,Buttermilk Fried Chicken,Food,FOD-01,1,48000,48000,Debit Card,Online Order
SUN-6785391,2023-10-22,Choco Lava Cake,Dessert,DST-04,2,35000,70000,Unknown,Unknown
SUN-3661350,2023-05-09,Classic Tirmaisu,Dessert,DST-01,3,38000,114000,Debit Card,Online Order
SUN-3024426,2023-10-31,Grill Chicken Caesar Salad,Food,FOD-04,3,42000,126000,Debit Card,Dine In
SUN-1189151,2023-10-22,Club Sandwich,Food,FOD-05,3,45000,135000,Digital Wallet,Online Order
SUN-5783733,2023-03-06,Choco Lava Cake,Dessert,DST-04,4,35000,140000,Debit Card,Online Order
SUN-6826839,2023-03-01,Beef Carbonara Pasta,Food,FOD-02,3,52000,156000,Cash,Dine In
SUN-3326714,2023-08-17,Iced Americano,Drinks,DRK-02,4,28000,112000,Digital Wallet,Online Order
SUN-6560452,2023-06-02,Fudgy Brownies,Dessert,DST-02,1,25000,25000,Digital Wallet,Online Order
SUN-2299593,,Iced Americano,Drinks,DRK-02,4,28000,112000,Unknown,Take Away
SUN-1227917,2023-12-22,Club Sandwich,Food,FOD-05,4,45000,180000,Cash,Dine In
SUN-7303566,2023-03-30,Cafe Latte,Drinks,DRK-03,3,32000,96000,Digital Wallet,Unknown
SUN-1353154,2023-03-04,Espreso Single,Drinks,DRK-01,3,22000,66000,Cash,Take Away
SUN-3291266,2023-06-30,Fudgy Brownies,Dessert,DST-02,4,25000,100000,Debit Card,Online Order
SUN-8009056,2023-05-14,Grill Chicken Caesar Salad,Food,FOD-04,,42000,,Debit Card,Online Order
SUN-8198633,2023-07-10,Creamy Maycha Latte,Drinks,DRK-05,1,35000,35000,Digital Wallet,Take Away
SUN-4429583,2023-04-28,Classic Tirmaisu,Dessert,DST-01,3,38000,114000,Debit Card,Online Order
SUN-6567119,2023-06-24,New York Cheesecake,Dessert,DST-03,3,42000,126000,Digital Wallet,Dine In
SUN-3779991,2023-06-19,Creamy Maycha Latte,Drinks,DRK-05,3,35000,105000,Debit Card,Dine In
SUN-6620442,2023-07-17,Espreso Single,Drinks,DRK-01,3,22000,66000,Digital Wallet,Online Order
SUN-3852405,2023-11-29,Creamy Maycha Latte,Drinks,DRK-05,1,35000,35000,Unknown,Online Order
SUN-4528119,2023-03-19,Creamy Maycha Latte,Drinks,DRK-05,1,35000,35000,Debit Card,Online Order
SUN-7795267,2023-06-02,Classic Tirmaisu,Dessert,DST-01,4,38000,152000,Unknown,Unknown
SUN-1975904,2023-10-12,Buttermilk Fried Chicken,Food,FOD-01,4,48000,192000,Cash,Take Away
SUN-1774311,2023-11-28,Choco Lava Cake,Dessert,DST-04,4,35000,140000,Cash,Take Away
SUN-1091792,2023-04-12,Club Sandwich,Food,FOD-05,2,45000,90000,Cash,Dine In
SUN-6147423,2023-12-13,Creamy Maycha Latte,Drinks,DRK-05,1,35000,35000,Unknown,Online Order
SUN-4279974,2023-11-30,Club Sandwich,Food,FOD-05,2,45000,90000,Unknown,Dine In
SUN-1023102,2023-04-12,Cinnamon Roll,Dessert,DST-05,4,28000,112000,Digital Wallet,Unknown
SUN-2085441,2023-07-08,Classic Tirmaisu,Dessert,DST-01,3,38000,114000,Cash,Dine In
SUN-6324055,2023-09-18,Club Sandwich,Food,FOD-05,3,45000,135000,Digital Wallet,Take Away
SUN-7901065,2023-04-21,Cinnamon Roll,Dessert,DST-05,3,28000,84000,Digital Wallet,Take Away
SUN-9441071,2023-03-23,Iced Americano,Drinks,DRK-02,4,28000,112000,Digital Wallet,Unknown
SUN-3030596,2023-03-05,Cinnamon Roll,Dessert,DST-05,2,28000,56000,Digital Wallet,Online Order
SUN-1501831,2023-06-20,Club Sandwich,Food,FOD-05,4,45000,180000,Unknown,Online Order
SUN-1943113,2023-06-27,Iced Americano,Drinks,DRK-02,3,28000,84000,Digital Wallet,Online Order
SUN-5142355,2023-09-21,Choco Lava Cake,Dessert,DST-04,3,35000,105000,Cash,Take Away
SUN-2530011,2023-05-18,Grill Chicken Caesar Salad,Food,FOD-04,2,42000,84000,Unknown,Dine In
SUN-8136745,2023-06-29,Club Sandwich,Food,FOD-05,1,45000,45000,Debit Card,Take Away
SUN-3388134,2023-08-16,Espreso Single,Drinks,DRK-01,3,22000,66000,Debit Card,Dine In
SUN-3129445,2023-09-29,Beef Carbonara Pasta,Food,FOD-02,2,52000,104000,Debit Card,Dine In
SUN-3540384,2023-07-01,Club Sandwich,Food,FOD-05,1,45000,45000,Cash,Take Away
SUN-7856166,2023-03-08,Espreso Single,Drinks,DRK-01,1,22000,22000,Debit Card,Online Order
SUN-4155641,2023-01-14,Iced Americano,Drinks,DRK-02,1,28000,28000,Cash,Take Away
SUN-5316321,2023-07-02,Cafe Latte,Drinks,DRK-03,3,32000,96000,Unknown,Online Order
SUN-6163135,2023-11-01,New York Cheesecake,Dessert,DST-03,1,42000,42000,Digital Wallet,Online Order
SUN-5449594,2023-07-29,Caramel Machiato,Drinks,DRK-04,3,38000,114000,Debit Card,Online Order
SUN-1867136,2023-01-19,Creamy Maycha Latte,Drinks,DRK-05,3,35000,105000,Debit Card,Dine In
SUN-3004853,2023-02-07,Beef Carbonara Pasta,Food,FOD-02,4,52000,208000,Digital Wallet,Online Order
SUN-8729255,2023-10-30,Espreso Single,Drinks,DRK-01,3,22000,66000,Cash,Unknown
SUN-1956505,2023-04-24,Cinnamon Roll,Dessert,DST-05,4,28000,112000,Digital Wallet,Dine In
SUN-8969390,2023-10-24,Cafe Latte,Drinks,DRK-03,2,32000,64000,Unknown,Take Away
SUN-1802380,2023-03-02,Beef Carbonara Pasta,Food,FOD-02,2,52000,104000,Cash,Unknown
SUN-7230469,2023-12-04,Espreso Single,Drinks,DRK-01,,22000,,Cash,Dine In
SUN-3297406,2023-03-05,Grill Chicken Caesar Salad,Food,FOD-04,1,42000,42000,Unknown,Take Away
SUN-9038013,2023-08-31,New York Cheesecake,Dessert,DST-03,4,42000,168000,Digital Wallet,Online Order
SUN-6844923,2023-06-13,Club Sandwich,Food,FOD-05,1,45000,45000,Digital Wallet,Unknown
SUN-9134710,2023-02-28,Buttermilk Fried Chicken,Food,FOD-01,3,48000,144000,Digital Wallet,Online Order
SUN-8286805,2023-05-03,Cinnamon Roll,Dessert,DST-05,2,28000,56000,Digital Wallet,Online Order
SUN-1366277,2023-06-11,Espreso Single,Drinks,DRK-01,2,22000,44000,Digital Wallet,Online Order
SUN-1946883,2023-03-24,Choco Lava Cake,Dessert,DST-04,,35000,,Debit Card,Online Order
SUN-3190564,2023-06-10,Classic Tirmaisu,Dessert,DST-01,2,38000,76000,Debit Card,Unknown
SUN-4111319,2023-02-14,Cinnamon Roll,Dessert,DST-05,3,28000,84000,Debit Card,Dine In
SUN-9356423,2023-08-19,Club Sandwich,Food,FOD-05,4,45000,180000,Unknown,Unknown
SUN-9219003,2023-12-15,Creamy Maycha Latte,Drinks,DRK-05,4,35000,140000,Debit Card,Unknown
SUN-3597648,2023-05-20,Beef Carbonara Pasta,Food,FOD-02,2,52000,104000,Digital Wallet,Dine In
SUN-7055730,2023-06-14,New York Cheesecake,Dessert,DST-03,2,42000,84000,Cash,Dine In
SUN-6721418,2023-09-04,Cinnamon Roll,Dessert,DST-05,3,28000,84000,Cash,Dine In
SUN-3981926,2023-12-07,Classic Tirmaisu,Dessert,DST-01,2,38000,76000,Unknown,Dine In
SUN-7420114,2023-03-16,Club Sandwich,Food,FOD-05,3,45000,135000,Digital Wallet,Online Order
SUN-4274504,2023-02-26,Classic Tirmaisu,Dessert,DST-01,3,38000,114000,Debit Card,Unknown
SUN-8247079,2023-05-09,Nasi Goreng Kampung,Food,FOD-03,1,38000,38000,Debit Card,Dine In
SUN-3124959,2023-12-16,Grill Chicken Caesar Salad,Food,FOD-04,4,42000,168000,Cash,Dine In
SUN-2627834,2023-07-18,Espreso Single,Drinks,DRK-01,3,22000,66000,Unknown,Take Away
SUN-4414369,2023-01-25,Club Sandwich,Food,FOD-05,3,45000,135000,Unknown,Unknown
SUN-3079972,2023-06-06,Nasi Goreng Kampung,Food,FOD-03,1,38000,38000,Debit Card,Dine In
SUN-8167227,2023-12-22,Club Sandwich,Food,FOD-05,,45000,,Digital Wallet,Unknown
SUN-3529322,2023-02-14,Beef Carbonara Pasta,Food,FOD-02,4,52000,208000,Debit Card,Unknown
SUN-5432512,2023-03-26,Grill Chicken Caesar Salad,Food,FOD-04,3,42000,126000,Debit Card,Dine In
SUN-7001292,2023-12-19,Fudgy Brownies,Dessert,DST-02,2,25000,50000,Debit Card,Online Order
SUN-5094713,2023-01-19,Nasi Goreng Kampung,Food,FOD-03,4,38000,152000,Debit Card,Online Order
SUN-3492417,2023-09-10,Nasi Goreng Kampung,Food,FOD-03,4,38000,152000,Cash,Take Away
SUN-9938573,2023-07-14,Espreso Single,Drinks,DRK-01,4,22000,88000,Unknown,Take Away
SUN-4635661,2023-11-01,Cinnamon Roll,Dessert,DST-05,1,28000,28000,Digital Wallet,Dine In
SUN-4882325,2023-12-01,Buttermilk Fried Chicken,Food,FOD-01,4,48000,192000,Debit Card,Unknown
SUN-8877207,2023-05-11,Grill Chicken Caesar Salad,Food,FOD-04,3,42000,126000,Unknown,Online Order
SUN-3578835,2023-04-20,New York Cheesecake,Dessert,DST-03,3,42000,126000,Digital Wallet,Dine In
SUN-1120499,2023-12-11,Cinnamon Roll,Dessert,DST-05,2,28000,56000,Unknown,Unknown
SUN-5302953,2023-08-09,Nasi Goreng Kampung,Food,FOD-03,3,38000,114000,Debit Card,Dine In
SUN-9827540,2023-10-24,Fudgy Brownies,Dessert,DST-02,2,25000,50000,Unknown,Online Order
SUN-9812106,2023-01-11,Cafe Latte,Drinks,DRK-03,2,32000,64000,Cash,Dine In
SUN-6386293,2023-12-24,Iced Americano,Drinks,DRK-02,1,28000,28000,Debit Card,Online Order
SUN-9689503,,Iced Americano,Drinks,DRK-02,2,28000,56000,Debit Card,Unknown
SUN-6534324,2023-03-14,Beef Carbonara Pasta,Food,FOD-02,1,52000,52000,Digital Wallet,Dine In
SUN-5762482,2023-08-26,Beef Carbonara Pasta,Food,FOD-02,2,52000,104000,Digital Wallet,Take Away
SUN-6790462,2023-06-24,Espreso Single,Drinks,DRK-01,4,22000,88000,Debit Card,Unknown
SUN-1927100,2023-09-26,Classic Tirmaisu,Dessert,DST-01,3,38000,114000,Digital Wallet,Take Away
SUN-8214562,2023-05-21,Buttermilk Fried Chicken,Food,FOD-01,1,48000,48000,Digital Wallet,Dine In
SUN-6078744,2023-04-17,Espreso Single,Drinks,DRK-01,2,22000,44000,Cash,Unknown
SUN-7205832,2023-08-13,Caramel Machiato,Drinks,DRK-04,1,38000,38000,Cash,Unknown
SUN-3604075,2023-12-01,Club Sandwich,Food,FOD-05,3,45000,135000,Debit Card,Online Order
SUN-1918747,2023-04-02,Cinnamon Roll,Dessert,DST-05,3,28000,84000,Debit Card,Online Order
SUN-8818528,2023-08-20,Cafe Latte,Drinks,DRK-03,4,32000,128000,Debit Card,Take Away
SUN-5855008,2023-02-06,Caramel Machiato,Drinks,DRK-04,1,38000,38000,Unknown,Take Away
SUN-6262943,,Cinnamon Roll,Dessert,DST-05,2,28000,56000,Digital Wallet,Dine In
SUN-3210035,2023-06-23,Classic Tirmaisu,Dessert,DST-01,2,38000,76000,Debit Card,Take Away
SUN-1578887,2023-01-23,Beef Carbonara Pasta,Food,FOD-02,4,52000,208000,Cash,Dine In
SUN-4569405,2023-08-22,Club Sandwich,Food,FOD-05,4,45000,180000,Debit Card,Take Away
SUN-8811930,2023-07-31,Cinnamon Roll,Dessert,DST-05,2,28000,56000,Digital Wallet,Online Order
SUN-6140875,2023-05-21,Creamy Maycha Latte,Drinks,DRK-05,3,35000,105000,Unknown,Dine In
SUN-2616692,2023-10-01,Cafe Latte,Drinks,DRK-03,2,32000,64000,Unknown,Online Order
SUN-6787523,2023-12-27,Choco Lava Cake,Dessert,DST-04,1,35000,35000,Debit Card,Take Away
SUN-8115369,2023-12-03,Fudgy Brownies,Dessert,DST-02,1,25000,25000,Unknown,Dine In
SUN-9214845,2023-05-29,Club Sandwich,Food,FOD-05,1,45000,45000,Debit Card,Dine In
SUN-8840337,,Espreso Single,Drinks,DRK-01,2,22000,44000,Digital Wallet,Online Order
SUN-1538317,2023-04-20,Creamy Maycha Latte,Drinks,DRK-05,3,35000,105000,Digital Wallet,Online Order
SUN-3907040,2023-02-02,Choco Lava Cake,Dessert,DST-04,3,35000,105000,Digital Wallet,Online Order
SUN-4967151,2023-10-25,Caramel Machiato,Drinks,DRK-04,4,38000,152000,Unknown,Online Order
SUN-7315405,2023-05-27,Cinnamon Roll,Dessert,DST-05,3,28000,84000,Unknown,Online Order
SUN-1605165,2023-06-20,Creamy Maycha Latte,Drinks,DRK-05,2,35000,70000,Debit Card,Online Order
SUN-8879133,2023-05-31,Club Sandwich,Food,FOD-05,4,45000,180000,Digital Wallet,Unknown
SUN-7190155,2023-04-10,Grill Chicken Caesar Salad,Food,FOD-04,3,42000,126000,Debit Card,Online Order
SUN-2654387,2023-09-14,Creamy Maycha Latte,Drinks,DRK-05,1,35000,35000,Digital Wallet,Dine In
SUN-6722990,2023-04-15,New York Cheesecake,Dessert,DST-03,4,42000,168000,Digital Wallet,Online Order
SUN-1218521,2023-01-08,Beef Carbonara Pasta,Food,FOD-02,4,52000,208000,Digital Wallet,Take Away
SUN-4153046,2023-12-12,Classic Tirmaisu,Dessert,DST-01,1,38000,38000,Debit Card,Take Away
SUN-3481740,2023-09-16,Iced Americano,Drinks,DRK-02,3,28000,84000,Debit Card,Take Away
SUN-5276648,2023-12-18,Grill Chicken Caesar Salad,Food,FOD-04,3,42000,126000,Debit Card,Take Away
SUN-6893033,2023-10-31,Cinnamon Roll,Dessert,DST-05,2,28000,56000,Digital Wallet,Take Away
SUN-3770178,2023-08-24,Cinnamon Roll,Dessert,DST-05,4,28000,112000,Debit Card,Dine In
SUN-8622899,2023-12-28,Cafe Latte,Drinks,DRK-03,2,32000,64000,Digital Wallet,Online Order
SUN-6135414,2023-04-12,Espreso Single,Drinks,DRK-01,3,22000,66000,Unknown,Dine In
SUN-4880452,2023-02-28,Cinnamon Roll,Dessert,DST-05,4,28000,112000,Debit Card,Online Order
SUN-3197683,2023-09-17,Beef Carbonara Pasta,Food,FOD-02,3,52000,156000,Digital Wallet,Unknown
SUN-4354732,2023-09-08,Fudgy Brownies,Dessert,DST-02,2,25000,50000,Digital Wallet,Online Order
SUN-3551988,2023-03-21,Cinnamon Roll,Dessert,DST-05,1,28000,28000,Cash,Take Away
SUN-9016868,2023-12-26,Grill Chicken Caesar Salad,Food,FOD-04,1,42000,42000,Cash,Take Away
SUN-4137143,2023-04-28,Fudgy Brownies,Dessert,DST-02,,25000,,Debit Card,Online Order
SUN-3191590,2023-12-23,Caramel Machiato,Drinks,DRK-04,2,38000,76000,Digital Wallet,Online Order
SUN-6994327,2023-07-17,Espreso Single,Drinks,DRK-01,1,22000,22000,Digital Wallet,Online Order
SUN-6243491,2023-03-08,Buttermilk Fried Chicken,Food,FOD-01,4,48000,192000,Digital Wallet,Unknown
SUN-2628398,2023-05-27,Fudgy Brownies,Dessert,DST-02,3,25000,75000,Unknown,Dine In
SUN-5197802,2023-02-17,Creamy Maycha Latte,Drinks,DRK-05,3,35000,105000,Debit Card,Dine In
SUN-3046764,2023-05-09,Beef Carbonara Pasta,Food,FOD-02,2,52000,104000,Digital Wallet,Unknown
SUN-4329688,2023-07-21,Cafe Latte,Drinks,DRK-03,3,32000,96000,Unknown,Take Away
SUN-2242505,2023-12-22,Cafe Latte,Drinks,DRK-03,1,32000,32000,Unknown,Unknown
SUN-2600447,2023-12-20,New York Cheesecake,Dessert,DST-03,1,42000,42000,Cash,Unknown
SUN-8304065,2023-03-04,Grill Chicken Caesar Salad,Food,FOD-04,1,42000,42000,Unknown,Dine In
SUN-5628375,2023-09-03,Grill Chicken Caesar Salad,Food,FOD-04,3,42000,126000,Debit Card,Dine In
SUN-4034573,2023-08-13,Cinnamon Roll,Dessert,DST-05,2,28000,56000,Digital Wallet,Online Order
SUN-7936967,2023-05-18,Creamy Maycha Latte,Drinks,DRK-05,1,35000,35000,Debit Card,Online Order
SUN-7333617,2023-01-15,Cinnamon Roll,Dessert,DST-05,1,28000,28000,Unknown,Dine In
SUN-6078202,2023-07-21,Classic Tirmaisu,Dessert,DST-01,4,38000,152000,Digital Wallet,Unknown
SUN-9459571,,Cinnamon Roll,Dessert,DST-05,2,28000,56000,Debit Card,Online Order
SUN-4821540,2023-10-25,Cinnamon Roll,Dessert,DST-05,2,28000,56000,Digital Wallet,Online Order
SUN-2253537,2023-03-18,Espreso Single,Drinks,DRK-01,4,22000,88000,Unknown,Online Order
SUN-2318982,2023-10-11,Classic Tirmaisu,Dessert,DST-01,2,38000,76000,Debit Card,Dine In
SUN-1484739,2023-12-28,Caramel Machiato,Drinks,DRK-04,1,38000,38000,Digital Wallet,Online Order
SUN-2360211,2023-06-29,Nasi Goreng Kampung,Food,FOD-03,3,38000,114000,Debit Card,Dine In
SUN-2543211,2023-09-23,Iced Americano,Drinks,DRK-02,3,28000,84000,Digital Wallet,Take Away
SUN-3754437,2023-05-30,Fudgy Brownies,Dessert,DST-02,1,25000,25000,Debit Card,Online Order
SUN-7355017,2023-11-13,Cafe Latte,Drinks,DRK-03,1,32000,32000,Debit Card,Take Away
SUN-2824563,2023-09-12,Classic Tirmaisu,Dessert,DST-01,3,38000,114000,Debit Card,Dine In
SUN-1949260,2023-01-19,Fudgy Brownies,Dessert,DST-02,4,25000,100000,Cash,Take Away
SUN-5629303,2023-05-19,Nasi Goreng Kampung,Food,FOD-03,1,38000,38000,Debit Card,Take Away
SUN-8850461,2023-09-06,Espreso Single,Drinks,DRK-01,4,22000,88000,Cash,Unknown
SUN-7493074,2023-06-30,Grill Chicken Caesar Salad,Food,FOD-04,2,42000,84000,Digital Wallet,Online Order
SUN-1892566,2023-06-10,New York Cheesecake,Dessert,DST-03,1,42000,42000,Cash,Take Away
SUN-1832213,2023-06-13,Cinnamon Roll,Dessert,DST-05,4,28000,112000,Debit Card,Online Order
SUN-5292255,2023-06-01,Caramel Machiato,Drinks,DRK-04,1,38000,38000,Debit Card,Online Order
SUN-6133726,2023-07-13,New York Cheesecake,Dessert,DST-03,2,42000,84000,Debit Card,Dine In
SUN-6607273,,Creamy Maycha Latte,Drinks,DRK-05,3,35000,105000,Debit Card,Dine In
SUN-2024791,2023-04-15,New York Cheesecake,Dessert,DST-03,3,42000,126000,Cash,Take Away
SUN-8220043,2023-04-23,Buttermilk Fried Chicken,Food,FOD-01,1,48000,48000,Digital Wallet,Online Order
SUN-1449959,2023-07-01,Espreso Single,Drinks,DRK-01,1,22000,22000,Digital Wallet,Dine In
SUN-7399691,2023-07-07,Espreso Single,Drinks,DRK-01,2,22000,44000,Digital Wallet,Online Order
SUN-8892105,2023-06-29,Cafe Latte,Drinks,DRK-03,4,32000,128000,Unknown,Dine In
SUN-3831627,2023-04-06,Choco Lava Cake,Dessert,DST-04,4,35000,140000,Digital Wallet,Online Order
SUN-5226047,2023-09-19,Cinnamon Roll,Dessert,DST-05,3,28000,84000,Cash,Dine In
SUN-3699085,2023-05-23,Cinnamon Roll,Dessert,DST-05,3,28000,84000,Debit Card,Dine In
SUN-3724073,2023-08-09,Cafe Latte,Drinks,DRK-03,3,32000,96000,Digital Wallet,Dine In
SUN-6257590,2023-07-14,Nasi Goreng Kampung,Food,FOD-03,3,38000,114000,Debit Card,Online Order
SUN-6256088,2023-10-19,Cafe Latte,Drinks,DRK-03,2,32000,64000,Debit Card,Dine In
SUN-8268678,2023-02-27,Club Sandwich,Food,FOD-05,1,45000,45000,Digital Wallet,Take Away
SUN-4139066,2023-02-28,Beef Carbonara Pasta,Food,FOD-02,4,52000,208000,Unknown,Online Order
SUN-6129467,2023-04-11,Fudgy Brownies,Dessert,DST-02,1,25000,25000,Digital Wallet,Take Away
SUN-7394980,2023-12-21,Creamy Maycha Latte,Drinks,DRK-05,,35000,,Digital Wallet,Unknown
SUN-7808113,2023-06-03,Classic Tirmaisu,Dessert,DST-01,1,38000,38000,Unknown,Online Order
SUN-4249306,2023-01-11,Buttermilk Fried Chicken,Food,FOD-01,2,48000,96000,Digital Wallet,Dine In
SUN-7011367,2023-06-22,Nasi Goreng Kampung,Food,FOD-03,3,38000,114000,Debit Card,Dine In
SUN-1430989,2023-04-12,Buttermilk Fried Chicken,Food,FOD-01,3,48000,144000,Debit Card,Unknown
SUN-3368822,2023-10-20,Grill Chicken Caesar Salad,Food,FOD-04,3,42000,126000,Digital Wallet,Dine In
SUN-1138698,2023-01-08,Creamy Maycha Latte,Drinks,DRK-05,4,35000,140000,Unknown,Take Away
SUN-3464471,2023-08-23,Creamy Maycha Latte,Drinks,DRK-05,2,35000,70000,Debit Card,Online Order
SUN-4844826,2023-01-14,Grill Chicken Caesar Salad,Food,FOD-04,2,42000,84000,Digital Wallet,Unknown
SUN-3503241,2023-07-25,Grill Chicken Caesar Salad,Food,FOD-04,4,42000,168000,Unknown,Take Away
SUN-4651177,2023-10-19,Choco Lava Cake,Dessert,DST-04,1,35000,35000,Unknown,Unknown
SUN-6701756,2023-11-14,Nasi Goreng Kampung,Food,FOD-03,1,38000,38000,Debit Card,Online Order
SUN-3869218,2023-02-13,Espreso Single,Drinks,DRK-01,4,22000,88000,Debit Card,Unknown
SUN-6490364,2023-03-14,Choco Lava Cake,Dessert,DST-04,1,35000,35000,Debit Card,Take Away
SUN-8987159,2023-02-27,Club Sandwich,Food,FOD-05,3,45000,135000,Debit Card,Online Order
SUN-7382701,2023-02-07,Beef Carbonara Pasta,Food,FOD-02,1,52000,52000,Digital Wallet,Dine In
SUN-5531235,2023-01-10,Caramel Machiato,Drinks,DRK-04,3,38000,114000,Debit Card,Online Order
SUN-8414996,2023-05-24,Club Sandwich,Food,FOD-05,2,45000,90000,Cash,Dine In
SUN-5736249,2023-06-17,Creamy Maycha Latte,Drinks,DRK-05,4,35000,140000,Digital Wallet,Take Away
SUN-8411924,2023-02-20,Choco Lava Cake,Dessert,DST-04,1,35000,35000,Unknown,Take Away
SUN-2497272,2023-11-03,Fudgy Brownies,Dessert,DST-02,2,25000,50000,Debit Card,Unknown
SUN-2555001,2023-07-22,New York Cheesecake,Dessert,DST-03,4,42000,168000,Cash,Take Away
SUN-2224008,2023-10-16,Caramel Machiato,Drinks,DRK-04,2,38000,76000,Cash,Take Away
SUN-7136749,,Grill Chicken Caesar Salad,Food,FOD-04,1,42000,42000,Digital Wallet,Unknown
SUN-3046808,2023-07-16,Cafe Latte,Drinks,DRK-03,3,32000,96000,Unknown,Unknown
SUN-8425833,2023-02-18,Caramel Machiato,Drinks,DRK-04,4,38000,152000,Debit Card,Online Order
SUN-6119445,2023-05-23,Beef Carbonara Pasta,Food,FOD-02,2,52000,104000,Debit Card,Dine In
SUN-9708541,2023-09-19,Club Sandwich,Food,FOD-05,1,45000,45000,Digital Wallet,Take Away
SUN-2809547,2023-03-31,Buttermilk Fried Chicken,Food,FOD-01,3,48000,144000,Cash,Take Away
SUN-6616282,2023-07-23,Creamy Maycha Latte,Drinks,DRK-05,1,35000,35000,Debit Card,Online Order
SUN-2876745,2023-08-24,Iced Americano,Drinks,DRK-02,2,28000,56000,Debit Card,Online Order
SUN-8469885,2023-06-04,Choco Lava Cake,Dessert,DST-04,2,35000,70000,Debit Card,Take Away
SUN-5944908,2023-12-30,Espreso Single,Drinks,DRK-01,4,22000,88000,Digital Wallet,Online Order
SUN-5176996,2023-12-01,Buttermilk Fried Chicken,Food,FOD-01,,48000,,Cash,Take Away
SUN-4336486,2023-08-15,Grill Chicken Caesar Salad,Food,FOD-04,1,42000,42000,Debit Card,Unknown
SUN-8766783,2023-11-09,Grill Chicken Caesar Salad,Food,FOD-04,4,42000,168000,Debit Card,Dine In
SUN-8169070,2023-10-18,Buttermilk Fried Chicken,Food,FOD-01,4,48000,192000,Digital Wallet,Take Away
SUN-8515380,2023-03-22,Fudgy Brownies,Dessert,DST-02,3,25000,75000,Debit Card,Unknown
SUN-9112934,2023-03-30,Iced Americano,Drinks,DRK-02,2,28000,56000,Debit Card,Dine In
SUN-2850069,2023-03-02,Creamy Maycha Latte,Drinks,DRK-05,2,35000,70000,Unknown,Take Away
SUN-9958552,2023-02-10,Iced Americano,Drinks,DRK-02,4,28000,112000,Cash,Dine In
SUN-8593733,2023-12-01,Grill Chicken Caesar Salad,Food,FOD-04,4,42000,168000,Cash,Take Away
SUN-1671584,2023-05-27,Espreso Single,Drinks,DRK-01,2,22000,44000,Cash,Unknown
SUN-3857141,2023-02-27,Cinnamon Roll,Dessert,DST-05,3,28000,84000,Digital Wallet,Take Away
SUN-1753762,2023-04-17,Grill Chicken Caesar Salad,Food,FOD-04,1,42000,42000,Cash,Dine In
SUN-9889597,2023-10-04,Fudgy Brownies,Dessert,DST-02,1,25000,25000,Digital Wallet,Dine In
SUN-2086005,2023-05-11,Beef Carbonara Pasta,Food,FOD-02,1,52000,52000,Digital Wallet,Online Order
SUN-5808498,2023-04-25,Cinnamon Roll,Dessert,DST-05,2,28000,56000,Debit Card,Dine In
SUN-5604090,2023-08-01,Iced Americano,Drinks,DRK-02,3,28000,84000,Debit Card,Online Order
SUN-7797344,2023-05-12,Iced Americano,Drinks,DRK-02,1,28000,28000,Unknown,Online Order
SUN-3961877,2023-06-03,Club Sandwich,Food,FOD-05,4,45000,180000,Debit Card,Unknown
SUN-1577207,2023-07-22,Classic Tirmaisu,Dessert,DST-01,4,38000,152000,Debit Card,Dine In
SUN-2401067,2023-05-09,Choco Lava Cake,Dessert,DST-04,1,35000,35000,Debit Card,Take Away
SUN-5520693,2023-12-04,Grill Chicken Caesar Salad,Food,FOD-04,1,42000,42000,Unknown,Dine In
SUN-5445879,2023-09-11,Nasi Goreng Kampung,Food,FOD-03,4,38000,152000,Debit Card,Online Order
SUN-4403641,2023-01-01,Classic Tirmaisu,Dessert,DST-01,2,38000,76000,Cash,Dine In
SUN-5997606,2023-10-24,Choco Lava Cake,Dessert,DST-04,4,35000,140000,Unknown,Take Away
SUN-4561453,2023-03-01,Iced Americano,Drinks,DRK-02,3,28000,84000,Unknown,Dine In
SUN-3133750,2023-07-16,Choco Lava Cake,Dessert,DST-04,4,35000,140000,Digital Wallet,Dine In
SUN-9013292,2023-09-20,Classic Tirmaisu,Dessert,DST-01,3,38000,114000,Digital Wallet,Online Order
SUN-9951060,2023-03-31,Cafe Latte,Drinks,DRK-03,2,32000,64000,Unknown,Take Away
SUN-8854667,2023-05-24,Cafe Latte,Drinks,DRK-03,4,32000,128000,Debit Card,Online Order
SUN-4416315,2023-11-27,Buttermilk Fried Chicken,Food,FOD-01,2,48000,96000,Unknown,Dine In
SUN-5248799,2023-04-16,Grill Chicken Caesar Salad,Food,FOD-04,4,42000,168000,Unknown,Dine In
SUN-8628808,2023-02-13,Club Sandwich,Food,FOD-05,4,45000,180000,Unknown,Take Away
SUN-1278607,2023-12-18,Choco Lava Cake,Dessert,DST-04,4,35000,140000,Digital Wallet,Online Order
SUN-3614491,2023-05-24,Nasi Goreng Kampung,Food,FOD-03,3,38000,114000,Cash,Dine In
SUN-6386274,2023-04-07,New York Cheesecake,Dessert,DST-03,3,42000,126000,Digital Wallet,Online Order
SUN-3275978,2023-12-05,Buttermilk Fried Chicken,Food,FOD-01,3,48000,144000,Unknown,Take Away
SUN-5096334,2023-09-18,Grill Chicken Caesar Salad,Food,FOD-04,2,42000,84000,Unknown,Unknown
SUN-5757345,2023-09-19,Cinnamon Roll,Dessert,DST-05,1,28000,28000,Cash,Take Away
SUN-4100264,2023-12-18,Grill Chicken Caesar Salad,Food,FOD-04,1,42000,42000,Digital Wallet,Dine In
SUN-9609655,2023-01-29,Cinnamon Roll,Dessert,DST-05,1,28000,28000,Digital Wallet,Dine In
SUN-6909759,2023-10-06,Fudgy Brownies,Dessert,DST-02,1,25000,25000,Debit Card,Unknown
SUN-7970706,2023-08-08,Iced Americano,Drinks,DRK-02,4,28000,112000,Debit Card,Online Order
SUN-1441201,2023-09-16,Cinnamon Roll,Dessert,DST-05,1,28000,28000,Debit Card,Online Order
SUN-8077290,2023-08-02,Club Sandwich,Food,FOD-05,3,45000,135000,Cash,Unknown
SUN-3709209,2023-09-21,Classic Tirmaisu,Dessert,DST-01,1,38000,38000,Debit Card,Unknown
SUN-6216389,2023-09-22,Fudgy Brownies,Dessert,DST-02,2,25000,50000,Debit Card,Dine In
SUN-1712935,2023-10-21,Creamy Maycha Latte,Drinks,DRK-05,1,35000,35000,Digital Wallet,Online Order
SUN-8746358,2023-05-05,Buttermilk Fried Chicken,Food,FOD-01,1,48000,48000,Unknown,Online Order
SUN-3993213,2023-04-09,Cafe Latte,Drinks,DRK-03,2,32000,64000,Cash,Dine In
SUN-8451528,2023-06-24,Espreso Single,Drinks,DRK-01,4,22000,88000,Digital Wallet,Online Order
SUN-1264656,2023-08-17,Club Sandwich,Food,FOD-05,1,45000,45000,Cash,Take Away
SUN-1171675,2023-05-03,Iced Americano,Drinks,DRK-02,4,28000,112000,Debit Card,Take Away
SUN-1251343,2023-10-21,Choco Lava Cake,Dessert,DST-04,2,35000,70000,Digital Wallet,Online Order
SUN-8396291,2023-09-16,Nasi Goreng Kampung,Food,FOD-03,1,38000,38000,Cash,Dine In
SUN-4477708,2023-11-21,Choco Lava Cake,Dessert,DST-04,2,35000,70000,Digital Wallet,Take Away
SUN-5796544,2023-08-18,New York Cheesecake,Dessert,DST-03,3,42000,126000,Digital Wallet,Dine In
SUN-7618903,2023-11-27,Classic Tirmaisu,Dessert,DST-01,2,38000,76000,Cash,Take Away
SUN-4875778,2023-06-07,Nasi Goreng Kampung,Food,FOD-03,1,38000,38000,Debit Card,Dine In
SUN-4058117,2023-11-26,Choco Lava Cake,Dessert,DST-04,3,35000,105000,Digital Wallet,Take Away
SUN-2228058,2023-09-08,New York Cheesecake,Dessert,DST-03,2,42000,84000,Cash,Dine In
SUN-4648492,2023-02-05,Classic Tirmaisu,Dessert,DST-01,2,38000,76000,Digital Wallet,Online Order
SUN-7229963,2023-04-21,Buttermilk Fried Chicken,Food,FOD-01,1,48000,48000,Digital Wallet,Unknown
SUN-2390508,2023-05-18,Classic Tirmaisu,Dessert,DST-01,1,38000,38000,Cash,Take Away
SUN-9566856,2023-09-29,Beef Carbonara Pasta,Food,FOD-02,3,52000,156000,Unknown,Online Order
SUN-5061287,2023-06-16,Caramel Machiato,Drinks,DRK-04,3,38000,114000,Unknown,Dine In
SUN-8287377,2023-05-11,Club Sandwich,Food,FOD-05,3,45000,135000,Debit Card,Take Away
SUN-6990177,2023-11-22,Buttermilk Fried Chicken,Food,FOD-01,1,48000,48000,Unknown,Online Order
SUN-2646282,,Creamy Maycha Latte,Drinks,DRK-05,4,35000,140000,Debit Card,Online Order
SUN-2717350,2023-06-03,Fudgy Brownies,Dessert,DST-02,2,25000,50000,Cash,Dine In
SUN-5011642,2023-03-30,Buttermilk Fried Chicken,Food,FOD-01,4,48000,192000,Debit Card,Online Order
SUN-4368323,2023-04-07,Classic Tirmaisu,Dessert,DST-01,1,38000,38000,Digital Wallet,Dine In
SUN-2882856,2023-04-05,Buttermilk Fried Chicken,Food,FOD-01,3,48000,144000,Cash,Take Away
SUN-8205217,2023-01-08,Cafe Latte,Drinks,DRK-03,1,32000,32000,Unknown,Online Order
SUN-9803926,2023-07-27,Espreso Single,Drinks,DRK-01,2,22000,44000,Digital Wallet,Take Away
SUN-9232424,2023-04-16,Grill Chicken Caesar Salad,Food,FOD-04,4,42000,168000,Cash,Take Away
SUN-6979167,2023-08-17,New York Cheesecake,Dessert,DST-03,1,42000,42000,Unknown,Online Order
SUN-2341557,2023-10-12,Club Sandwich,Food,FOD-05,4,45000,180000,Debit Card,Take Away
SUN-1630669,2023-04-19,New York Cheesecake,Dessert,DST-03,4,42000,168000,Debit Card,Take Away
SUN-2192213,2023-01-08,Caramel Machiato,Drinks,DRK-04,4,38000,152000,Debit Card,Online Order
SUN-2404019,2023-07-30,Cafe Latte,Drinks,DRK-03,3,32000,96000,Digital Wallet,Take Away
SUN-5519639,2023-03-02,Espreso Single,Drinks,DRK-01,3,22000,66000,Digital Wallet,Take Away
SUN-2144002,2023-08-17,Grill Chicken Caesar Salad,Food,FOD-04,1,42000,42000,Cash,Take Away
SUN-9430054,2023-04-24,Cafe Latte,Drinks,DRK-03,4,32000,128000,Debit Card,Take Away
SUN-4784969,2023-11-08,Cinnamon Roll,Dessert,DST-05,3,28000,84000,Debit Card,Dine In
SUN-2721898,2023-07-14,Grill Chicken Caesar Salad,Food,FOD-04,2,42000,84000,Debit Card,Dine In
SUN-5510405,2023-09-05,Espreso Single,Drinks,DRK-01,2,22000,44000,Unknown,Online Order
SUN-7708930,2023-05-13,Nasi Goreng Kampung,Food,FOD-03,2,38000,76000,Unknown,Take Away
SUN-5738477,2023-06-01,Classic Tirmaisu,Dessert,DST-01,2,38000,76000,Debit Card,Online Order
SUN-9963933,2023-11-19,Caramel Machiato,Drinks,DRK-04,2,38000,76000,Debit Card,Unknown
SUN-6272559,2023-07-28,Grill Chicken Caesar Salad,Food,FOD-04,3,42000,126000,Debit Card,Unknown
SUN-8529143,2023-03-17,Nasi Goreng Kampung,Food,FOD-03,1,38000,38000,Unknown,Dine In
SUN-9385929,2023-02-09,Creamy Maycha Latte,Drinks,DRK-05,4,35000,140000,Debit Card,Dine In
SUN-3937317,2023-07-24,Caramel Machiato,Drinks,DRK-04,4,38000,152000,Debit Card,Take Away
SUN-2474568,2023-10-28,Cafe Latte,Drinks,DRK-03,1,32000,32000,Unknown,Dine In
SUN-5797497,2023-10-11,Creamy Maycha Latte,Drinks,DRK-05,4,35000,140000,Digital Wallet,Dine In
SUN-8724416,2023-01-19,Beef Carbonara Pasta,Food,FOD-02,1,52000,52000,Cash,Dine In
SUN-8086523,2023-12-06,Nasi Goreng Kampung,Food,FOD-03,4,38000,152000,Debit Card,Take Away
SUN-2129837,2023-09-14,Classic Tirmaisu,Dessert,DST-01,3,38000,114000,Debit Card,Online Order
SUN-6701954,2023-11-15,Beef Carbonara Pasta,Food,FOD-02,4,52000,208000,Cash,Take Away
SUN-9123587,2023-12-27,Espreso Single,Drinks,DRK-01,2,22000,44000,Debit Card,Take Away
SUN-5390482,2023-02-19,New York Cheesecake,Dessert,DST-03,4,42000,168000,Digital Wallet,Online Order
SUN-6728401,2023-01-18,Classic Tirmaisu,Dessert,DST-01,4,38000,152000,Debit Card,Online Order
SUN-3548836,2023-10-17,Fudgy Brownies,Dessert,DST-02,4,25000,100000,Debit Card,Unknown
SUN-8030733,2023-12-20,Buttermilk Fried Chicken,Food,FOD-01,,48000,,Digital Wallet,Take Away
SUN-7295613,2023-09-04,Creamy Maycha Latte,Drinks,DRK-05,2,35000,70000,Debit Card,Online Order
SUN-7516116,2023-11-08,Buttermilk Fried Chicken,Food,FOD-01,2,48000,96000,Debit Card,Online Order
SUN-1792045,2023-06-03,Espreso Single,Drinks,DRK-01,1,22000,22000,Debit Card,Take Away
SUN-6608286,2023-11-24,Cinnamon Roll,Dessert,DST-05,1,28000,28000,Debit Card,Unknown
SUN-6645025,2023-01-10,Cinnamon Roll,Dessert,DST-05,3,28000,84000,Debit Card,Take Away
SUN-9939462,2023-02-05,Creamy Maycha Latte,Drinks,DRK-05,1,35000,35000,Cash,Take Away
SUN-4435920,2023-03-03,Cafe Latte,Drinks,DRK-03,4,32000,128000,Debit Card,Online Order
SUN-2576351,2023-04-20,New York Cheesecake,Dessert,DST-03,4,42000,168000,Debit Card,Online Order
SUN-3215198,2023-10-01,Cinnamon Roll,Dessert,DST-05,4,28000,112000,Cash,Take Away
SUN-6790650,2023-04-23,Caramel Machiato,Drinks,DRK-04,1,38000,38000,Digital Wallet,Take Away
SUN-1446539,2023-01-31,Cinnamon Roll,Dessert,DST-05,2,28000,56000,Digital Wallet,Unknown
SUN-8928587,2023-12-03,Creamy Maycha Latte,Drinks,DRK-05,2,35000,70000,Cash,Dine In
SUN-2800361,2023-04-25,Classic Tirmaisu,Dessert,DST-01,2,38000,76000,Digital Wallet,Online Order
SUN-8982861,2023-12-06,Iced Americano,Drinks,DRK-02,4,28000,112000,Digital Wallet,Dine In
SUN-6478446,2023-04-04,New York Cheesecake,Dessert,DST-03,4,42000,168000,Debit Card,Unknown
SUN-4788764,2023-09-12,Creamy Maycha Latte,Drinks,DRK-05,1,35000,35000,Unknown,Online Order
SUN-1125198,2023-09-30,Grill Chicken Caesar Salad,Food,FOD-04,4,42000,168000,Debit Card,Dine In
SUN-1440458,2023-08-15,Nasi Goreng Kampung,Food,FOD-03,3,38000,114000,Unknown,Take Away
SUN-1989833,2023-05-12,Iced Americano,Drinks,DRK-02,1,28000,28000,Digital Wallet,Take Away
SUN-7907379,2023-08-23,Cafe Latte,Drinks,DRK-03,3,32000,96000,Cash,Take Away
SUN-4653970,2023-02-01,Club Sandwich,Food,FOD-05,4,45000,180000,Cash,Take Away
SUN-5836612,2023-05-13,New York Cheesecake,Dessert,DST-03,3,42000,126000,Unknown,Online Order
SUN-3148687,2023-05-16,Choco Lava Cake,Dessert,DST-04,1,35000,35000,Unknown,Online Order
SUN-9999568,2023-11-11,Cafe Latte,Drinks,DRK-03,2,32000,64000,Digital Wallet,Dine In
SUN-2809197,2023-04-30,Fudgy Brownies,Dessert,DST-02,1,25000,25000,Debit Card,Dine In
SUN-2822342,2023-03-04,Espreso Single,Drinks,DRK-01,3,22000,66000,Digital Wallet,Online Order
SUN-8129221,2023-09-19,Grill Chicken Caesar Salad,Food,FOD-04,1,42000,42000,Unknown,Online Order
SUN-8783747,2023-06-23,Iced Americano,Drinks,DRK-02,3,28000,84000,Debit Card,Unknown
SUN-1169595,2023-04-27,Beef Carbonara Pasta,Food,FOD-02,1,52000,52000,Digital Wallet,Take Away
SUN-8515711,2023-11-05,Cinnamon Roll,Dessert,DST-05,1,28000,28000,Cash,Take Away
SUN-7589665,2023-09-11,Nasi Goreng Kampung,Food,FOD-03,2,38000,76000,Unknown,Take Away
SUN-8372781,2023-04-22,New York Cheesecake,Dessert,DST-03,3,42000,126000,Digital Wallet,Online Order
SUN-6578048,2023-07-16,Creamy Maycha Latte,Drinks,DRK-05,3,35000,105000,Digital Wallet,Take Away
SUN-3656952,2023-12-16,Caramel Machiato,Drinks,DRK-04,1,38000,38000,Debit Card,Dine In
SUN-2910208,2023-11-21,Cinnamon Roll,Dessert,DST-05,4,28000,112000,Unknown,Unknown
SUN-5996881,,Fudgy Brownies,Dessert,DST-02,4,25000,100000,Unknown,Dine In
SUN-4644415,2023-09-25,Caramel Machiato,Drinks,DRK-04,2,38000,76000,Debit Card,Online Order
SUN-5817504,2023-08-15,Iced Americano,Drinks,DRK-02,3,28000,84000,Debit Card,Take Away
SUN-2240942,2023-05-29,Classic Tirmaisu,Dessert,DST-01,1,38000,38000,Digital Wallet,Unknown
SUN-9787096,2023-03-08,Beef Carbonara Pasta,Food,FOD-02,3,52000,156000,Debit Card,Dine In
SUN-2593743,2023-06-26,Cafe Latte,Drinks,DRK-03,2,32000,64000,Debit Card,Online Order
SUN-2223115,2023-06-03,Iced Americano,Drinks,DRK-02,3,28000,84000,Debit Card,Online Order
SUN-4541137,2023-06-22,Buttermilk Fried Chicken,Food,FOD-01,1,48000,48000,Debit Card,Online Order
SUN-5745970,2023-03-10,Choco Lava Cake,Dessert,DST-04,1,35000,35000,Debit Card,Take Away
SUN-7655186,2023-11-15,Cinnamon Roll,Dessert,DST-05,4,28000,112000,Debit Card,Unknown
SUN-2194940,2023-03-04,Caramel Machiato,Drinks,DRK-04,4,38000,152000,Unknown,Unknown
SUN-7472806,2023-02-20,Fudgy Brownies,Dessert,DST-02,2,25000,50000,Unknown,Take Away
SUN-2652028,2023-05-13,Cafe Latte,Drinks,DRK-03,2,32000,64000,Unknown,Take Away
SUN-9089823,2023-06-04,Espreso Single,Drinks,DRK-01,3,22000,66000,Debit Card,Online Order
SUN-6722092,2023-02-13,Cinnamon Roll,Dessert,DST-05,1,28000,28000,Unknown,Take Away
SUN-5239643,2023-07-15,Caramel Machiato,Drinks,DRK-04,4,38000,152000,Digital Wallet,Unknown
SUN-5967145,2023-03-27,Beef Carbonara Pasta,Food,FOD-02,4,52000,208000,Digital Wallet,Online Order
SUN-1765824,2023-06-09,Grill Chicken Caesar Salad,Food,FOD-04,3,42000,126000,Unknown,Online Order
SUN-2376054,2023-02-18,Choco Lava Cake,Dessert,DST-04,1,35000,35000,Cash,Unknown
SUN-7430108,2023-08-07,Iced Americano,Drinks,DRK-02,2,28000,56000,Debit Card,Online Order
SUN-5373555,2023-08-31,Beef Carbonara Pasta,Food,FOD-02,,52000,,Debit Card,Take Away
SUN-9661257,2023-07-02,Choco Lava Cake,Dessert,DST-04,3,35000,105000,Digital Wallet,Online Order
SUN-2372238,2023-03-25,Creamy Maycha Latte,Drinks,DRK-05,2,35000,70000,Debit Card,Unknown
SUN-6619135,2023-05-31,Cinnamon Roll,Dessert,DST-05,4,28000,112000,Digital Wallet,Online Order
SUN-4636462,2023-11-08,Nasi Goreng Kampung,Food,FOD-03,1,38000,38000,Cash,Dine In
SUN-9996285,2023-09-08,Classic Tirmaisu,Dessert,DST-01,1,38000,38000,Digital Wallet,Take Away
SUN-1823070,2023-01-21,Fudgy Brownies,Dessert,DST-02,3,25000,75000,Digital Wallet,Take Away
SUN-2677593,2023-05-01,Nasi Goreng Kampung,Food,FOD-03,3,38000,114000,Digital Wallet,Take Away
SUN-7293725,2023-08-14,Classic Tirmaisu,Dessert,DST-01,2,38000,76000,Digital Wallet,Dine In
SUN-4343475,2023-08-10,Choco Lava Cake,Dessert,DST-04,2,35000,70000,Debit Card,Online Order
SUN-8448102,2023-01-10,Choco Lava Cake,Dessert,DST-04,1,35000,35000,Debit Card,Take Away
SUN-3675296,2023-09-23,Nasi Goreng Kampung,Food,FOD-03,1,38000,38000,Debit Card,Take Away
SUN-2897476,2023-01-25,Club Sandwich,Food,FOD-05,3,45000,135000,Digital Wallet,Dine In
SUN-6874049,2023-02-17,Fudgy Brownies,Dessert,DST-02,4,25000,100000,Digital Wallet,Online Order
SUN-2259985,2023-09-04,Fudgy Brownies,Dessert,DST-02,4,25000,100000,Debit Card,Online Order
SUN-9828157,2023-04-30,Nasi Goreng Kampung,Food,FOD-03,4,38000,152000,Digital Wallet,Dine In
SUN-3109223,2023-09-05,Cafe Latte,Drinks,DRK-03,2,32000,64000,Digital Wallet,Take Away
SUN-5752992,2023-12-11,Club Sandwich,Food,FOD-05,1,45000,45000,Debit Card,Online Order
SUN-9933351,2023-04-28,Espreso Single,Drinks,DRK-01,2,22000,44000,Debit Card,Take Away
SUN-3466455,2023-12-19,New York Cheesecake,Dessert,DST-03,2,42000,84000,Cash,Take Away
SUN-7070975,2023-08-02,Nasi Goreng Kampung,Food,FOD-03,3,38000,114000,Cash,Dine In
SUN-3183370,2023-12-29,Fudgy Brownies,Dessert,DST-02,4,25000,100000,Digital Wallet,Online Order
SUN-6398928,2023-10-14,Beef Carbonara Pasta,Food,FOD-02,3,52000,156000,Debit Card,Take Away
SUN-2758284,2023-01-16,Iced Americano,Drinks,DRK-02,3,28000,84000,Cash,Unknown
SUN-4516791,2023-05-02,Caramel Machiato,Drinks,DRK-04,4,38000,152000,Digital Wallet,Dine In
SUN-8946301,2023-10-29,Beef Carbonara Pasta,Food,FOD-02,2,52000,104000,Debit Card,Online Order
SUN-3143679,2023-10-12,Buttermilk Fried Chicken,Food,FOD-01,2,48000,96000,Digital Wallet,Dine In
SUN-9896096,2023-12-08,Cafe Latte,Drinks,DRK-03,1,32000,32000,Debit Card,Online Order
SUN-6220572,2023-11-05,Choco Lava Cake,Dessert,DST-04,3,35000,105000,Digital Wallet,Online Order
SUN-4045698,2023-11-26,Cafe Latte,Drinks,DRK-03,4,32000,128000,Digital Wallet,Online Order
SUN-2329566,2023-01-04,Buttermilk Fried Chicken,Food,FOD-01,3,48000,144000,Digital Wallet,Online Order
SUN-5564060,2023-09-18,Choco Lava Cake,Dessert,DST-04,3,35000,105000,Digital Wallet,Online Order
SUN-2057260,2023-04-01,Iced Americano,Drinks,DRK-02,2,28000,56000,Digital Wallet,Online Order
SUN-5912252,2023-09-04,New York Cheesecake,Dessert,DST-03,2,42000,84000,Unknown,Take Away
SUN-9045367,2023-10-21,Classic Tirmaisu,Dessert,DST-01,3,38000,114000,Debit Card,Online Order
SUN-1525134,2023-09-20,Choco Lava Cake,Dessert,DST-04,2,35000,70000,Digital Wallet,Take Away
SUN-6130936,2023-11-16,Beef Carbonara Pasta,Food,FOD-02,2,52000,104000,Debit Card,Take Away
SUN-1412918,2023-07-29,Cafe Latte,Drinks,DRK-03,4,32000,128000,Debit Card,Online Order
SUN-9852850,2023-06-09,Iced Americano,Drinks,DRK-02,3,28000,84000,Cash,Dine In
SUN-9416812,2023-10-15,Iced Americano,Drinks,DRK-02,3,28000,84000,Unknown,Online Order
SUN-6176195,2023-03-21,Beef Carbonara Pasta,Food,FOD-02,3,52000,156000,Digital Wallet,Online Order
SUN-6886521,2023-07-03,Espreso Single,Drinks,DRK-01,1,22000,22000,Digital Wallet,Online Order
SUN-2175384,2023-12-22,Choco Lava Cake,Dessert,DST-04,3,35000,105000,Debit Card,Unknown
SUN-8252598,2023-03-24,Buttermilk Fried Chicken,Food,FOD-01,3,48000,144000,Debit Card,Online Order
SUN-7067295,2023-09-10,Buttermilk Fried Chicken,Food,FOD-01,4,48000,192000,Digital Wallet,Dine In
SUN-5063785,2023-02-04,Nasi Goreng Kampung,Food,FOD-03,4,38000,152000,Debit Card,Online Order
SUN-4314023,2023-12-27,Cafe Latte,Drinks,DRK-03,4,32000,128000,Cash,Take Away
SUN-8825594,2023-11-28,New York Cheesecake,Dessert,DST-03,3,42000,126000,Unknown,Unknown
SUN-8387880,2023-07-25,Choco Lava Cake,Dessert,DST-04,2,35000,70000,Debit Card,Online Order
SUN-8228467,2023-10-03,Club Sandwich,Food,FOD-05,1,45000,45000,Digital Wallet,Online Order
SUN-1039973,2023-07-28,Caramel Machiato,Drinks,DRK-04,3,38000,114000,Unknown,Take Away
SUN-3680955,2023-03-06,Cafe Latte,Drinks,DRK-03,2,32000,64000,Debit Card,Online Order
SUN-6462038,2023-06-06,Grill Chicken Caesar Salad,Food,FOD-04,3,42000,126000,Digital Wallet,Take Away
SUN-4179611,2023-10-28,Choco Lava Cake,Dessert,DST-04,2,35000,70000,Debit Card,Online Order
SUN-7870486,2023-04-09,Nasi Goreng Kampung,Food,FOD-03,,38000,,Debit Card,Take Away
SUN-7899403,2023-04-20,Beef Carbonara Pasta,Food,FOD-02,3,52000,156000,Digital Wallet,Take Away
SUN-5982531,2023-09-30,Club Sandwich,Food,FOD-05,3,45000,135000,Digital Wallet,Take Away
SUN-9798216,2023-08-21,New York Cheesecake,Dessert,DST-03,1,42000,42000,Digital Wallet,Dine In
SUN-1806012,2023-05-29,Creamy Maycha Latte,Drinks,DRK-05,2,35000,70000,Unknown,Dine In
SUN-3608522,2023-05-10,Caramel Machiato,Drinks,DRK-04,2,38000,76000,Debit Card,Online Order
SUN-4381825,2023-10-20,Fudgy Brownies,Dessert,DST-02,3,25000,75000,Unknown,Take Away
SUN-3506376,2023-03-20,Cafe Latte,Drinks,DRK-03,2,32000,64000,Debit Card,Take Away
SUN-4725655,2023-05-04,Caramel Machiato,Drinks,DRK-04,4,38000,152000,Cash,Unknown
SUN-5767246,2023-03-06,Beef Carbonara Pasta,Food,FOD-02,1,52000,52000,Digital Wallet,Dine In
SUN-1205178,2023-04-16,Cinnamon Roll,Dessert,DST-05,2,28000,56000,Digital Wallet,Unknown
SUN-2631462,2023-01-26,Fudgy Brownies,Dessert,DST-02,1,25000,25000,Digital Wallet,Take Away
SUN-7742959,2023-04-11,Beef Carbonara Pasta,Food,FOD-02,4,52000,208000,Debit Card,Unknown
SUN-2913723,2023-01-28,Classic Tirmaisu,Dessert,DST-01,1,38000,38000,Digital Wallet,Unknown
SUN-8718311,2023-07-28,Caramel Machiato,Drinks,DRK-04,1,38000,38000,Unknown,Online Order
SUN-1200465,2023-01-26,Fudgy Brownies,Dessert,DST-02,3,25000,75000,Digital Wallet,Online Order
SUN-9290931,2023-01-02,Nasi Goreng Kampung,Food,FOD-03,3,38000,114000,Debit Card,Online Order
SUN-8896079,2023-02-02,Nasi Goreng Kampung,Food,FOD-03,1,38000,38000,Digital Wallet,Dine In
SUN-9170660,2023-02-28,Buttermilk Fried Chicken,Food,FOD-01,2,48000,96000,Digital Wallet,Take Away
SUN-2923608,2023-11-01,Fudgy Brownies,Dessert,DST-02,1,25000,25000,Digital Wallet,Take Away
SUN-4566777,2023-09-09,Beef Carbonara Pasta,Food,FOD-02,3,52000,156000,Cash,Dine In
SUN-7241406,2023-07-09,Iced Americano,Drinks,DRK-02,2,28000,56000,Debit Card,Online Order
SUN-6614117,2023-05-09,Club Sandwich,Food,FOD-05,2,45000,90000,Debit Card,Take Away
SUN-3572003,2023-02-16,Caramel Machiato,Drinks,DRK-04,2,38000,76000,Digital Wallet,Take Away
SUN-9793310,2023-07-12,Cinnamon Roll,Dessert,DST-05,1,28000,28000,Debit Card,Online Order
SUN-7966283,2023-07-11,Fudgy Brownies,Dessert,DST-02,2,25000,50000,Cash,Dine In
SUN-1984536,2023-07-06,Nasi Goreng Kampung,Food,FOD-03,1,38000,38000,Digital Wallet,Dine In
SUN-4842707,2023-07-18,Creamy Maycha Latte,Drinks,DRK-05,2,35000,70000,Debit Card,Online Order
SUN-5471121,2023-07-16,Espreso Single,Drinks,DRK-01,3,22000,66000,Debit Card,Online Order
SUN-8136533,2023-07-01,New York Cheesecake,Dessert,DST-03,1,42000,42000,Debit Card,Online Order
SUN-7615718,2023-02-06,Espreso Single,Drinks,DRK-01,4,22000,88000,Unknown,Take Away
SUN-3778248,2023-03-17,Caramel Machiato,Drinks,DRK-04,4,38000,152000,Digital Wallet,Online Order
SUN-5802185,2023-01-30,New York Cheesecake,Dessert,DST-03,4,42000,168000,Digital Wallet,Online Order
SUN-6072796,2023-06-08,Club Sandwich,Food,FOD-05,4,45000,180000,Unknown,Online Order
SUN-7880122,2023-08-04,Iced Americano,Drinks,DRK-02,3,28000,84000,Debit Card,Online Order
SUN-2067426,2023-11-14,Beef Carbonara Pasta,Food,FOD-02,2,52000,104000,Cash,Dine In
SUN-7212883,2023-05-27,Classic Tirmaisu,Dessert,DST-01,2,38000,76000,Unknown,Dine In
SUN-2756530,,Fudgy Brownies,Dessert,DST-02,4,25000,100000,Debit Card,Online Order
SUN-6225494,2023-12-22,New York Cheesecake,Dessert,DST-03,4,42000,168000,Cash,Dine In
SUN-6966168,2023-07-03,Choco Lava Cake,Dessert,DST-04,4,35000,140000,Digital Wallet,Unknown
SUN-8256690,2023-05-19,Caramel Machiato,Drinks,DRK-04,3,38000,114000,Digital Wallet,Online Order
SUN-9364067,2023-12-06,Choco Lava Cake,Dessert,DST-04,4,35000,140000,Cash,Take Away
SUN-6272118,2023-08-20,Caramel Machiato,Drinks,DRK-04,4,38000,152000,Digital Wallet,Dine In
SUN-4173768,2023-03-26,Espreso Single,Drinks,DRK-01,2,22000,44000,Unknown,Dine In
SUN-8825499,2023-10-30,Classic Tirmaisu,Dessert,DST-01,1,38000,38000,Digital Wallet,Online Order
SUN-4379643,2023-09-22,Espreso Single,Drinks,DRK-01,3,22000,66000,Debit Card,Dine In
SUN-1664091,2023-02-23,Buttermilk Fried Chicken,Food,FOD-01,1,48000,48000,Debit Card,Online Order
SUN-1093868,2023-06-26,New York Cheesecake,Dessert,DST-03,4,42000,168000,Debit Card,Online Order
SUN-9937670,2023-07-17,Iced Americano,Drinks,DRK-02,2,28000,56000,Cash,Dine In
SUN-3863333,2023-10-15,Club Sandwich,Food,FOD-05,3,45000,135000,Unknown,Dine In
SUN-2652483,2023-06-01,New York Cheesecake,Dessert,DST-03,4,42000,168000,Digital Wallet,Unknown
SUN-2534204,2023-05-12,Choco Lava Cake,Dessert,DST-04,4,35000,140000,Debit Card,Online Order
SUN-1078903,2023-08-03,Fudgy Brownies,Dessert,DST-02,2,25000,50000,Debit Card,Unknown
SUN-1003275,2023-07-17,Classic Tirmaisu,Dessert,DST-01,3,38000,114000,Cash,Dine In
SUN-1115039,2023-07-24,Grill Chicken Caesar Salad,Food,FOD-04,1,42000,42000,Debit Card,Online Order
SUN-2453148,2023-05-15,Creamy Maycha Latte,Drinks,DRK-05,4,35000,140000,Digital Wallet,Dine In
SUN-8963445,2023-03-15,Cafe Latte,Drinks,DRK-03,2,32000,64000,Cash,Unknown
SUN-6043393,2023-11-13,Caramel Machiato,Drinks,DRK-04,3,38000,114000,Cash,Dine In
SUN-9683904,2023-11-17,Cinnamon Roll,Dessert,DST-05,3,28000,84000,Debit Card,Online Order
SUN-8378731,2023-11-30,Choco Lava Cake,Dessert,DST-04,4,35000,140000,Digital Wallet,Dine In
SUN-8755635,2023-01-26,Creamy Maycha Latte,Drinks,DRK-05,4,35000,140000,Cash,Dine In
SUN-2950713,2023-08-19,Nasi Goreng Kampung,Food,FOD-03,1,38000,38000,Digital Wallet,Dine In
SUN-1668108,2023-04-28,Nasi Goreng Kampung,Food,FOD-03,4,38000,152000,Debit Card,Online Order
SUN-1465379,2023-12-25,Choco Lava Cake,Dessert,DST-04,3,35000,105000,Digital Wallet,Dine In
SUN-3318141,2023-08-24,Caramel Machiato,Drinks,DRK-04,3,38000,114000,Debit Card,Online Order
SUN-5727207,2023-09-25,Cafe Latte,Drinks,DRK-03,1,32000,32000,Cash,Dine In
SUN-2457245,2023-08-15,Creamy Maycha Latte,Drinks,DRK-05,1,35000,35000,Debit Card,Online Order
SUN-8185815,2023-10-31,Cinnamon Roll,Dessert,DST-05,3,28000,84000,Debit Card,Take Away
SUN-6181129,2023-03-19,Caramel Machiato,Drinks,DRK-04,1,38000,38000,Debit Card,Take Away
SUN-5541378,2023-11-23,Nasi Goreng Kampung,Food,FOD-03,3,38000,114000,Debit Card,Take Away
SUN-9313203,2023-05-19,Cinnamon Roll,Dessert,DST-05,2,28000,56000,Debit Card,Dine In
SUN-8899710,2023-04-10,Cafe Latte,Drinks,DRK-03,4,32000,128000,Cash,Dine In
SUN-7711869,2023-05-25,Espreso Single,Drinks,DRK-01,4,22000,88000,Unknown,Dine In
SUN-2766937,2023-12-27,Creamy Maycha Latte,Drinks,DRK-05,1,35000,35000,Unknown,Online Order
SUN-4168858,2023-02-27,Espreso Single,Drinks,DRK-01,1,22000,22000,Digital Wallet,Online Order
SUN-4036884,2023-05-23,Creamy Maycha Latte,Drinks,DRK-05,4,35000,140000,Cash,Dine In
SUN-1470507,2023-11-07,New York Cheesecake,Dessert,DST-03,3,42000,126000,Digital Wallet,Take Away
SUN-7849592,2023-07-01,Buttermilk Fried Chicken,Food,FOD-01,4,48000,192000,Debit Card,Online Order
SUN-7349684,2023-03-09,Beef Carbonara Pasta,Food,FOD-02,4,52000,208000,Digital Wallet,Online Order
SUN-6266423,2023-03-07,Espreso Single,Drinks,DRK-01,3,22000,66000,Unknown,Dine In
SUN-4998900,2023-12-12,Cinnamon Roll,Dessert,DST-05,2,28000,56000,Debit Card,Online Order
SUN-1825060,2023-10-27,Beef Carbonara Pasta,Food,FOD-02,1,52000,52000,Digital Wallet,Online Order
SUN-2202331,2023-09-27,Espreso Single,Drinks,DRK-01,1,22000,22000,Debit Card,Unknown
SUN-1268502,2023-05-03,Caramel Machiato,Drinks,DRK-04,4,38000,152000,Digital Wallet,Online Order
SUN-8798688,2023-01-14,Club Sandwich,Food,FOD-05,,45000,,Digital Wallet,Take Away
SUN-2451672,2023-09-09,Beef Carbonara Pasta,Food,FOD-02,3,52000,156000,Debit Card,Online Order
SUN-4230031,2023-11-10,New York Cheesecake,Dessert,DST-03,2,42000,84000,Debit Card,Unknown
SUN-6972356,2023-03-21,Iced Americano,Drinks,DRK-02,2,28000,56000,Digital Wallet,Dine In
SUN-7533107,2023-02-08,Iced Americano,Drinks,DRK-02,3,28000,84000,Cash,Take Away
SUN-2839303,2023-05-09,Beef Carbonara Pasta,Food,FOD-02,3,52000,156000,Unknown,Dine In
SUN-5482208,2023-04-03,Grill Chicken Caesar Salad,Food,FOD-04,4,42000,168000,Cash,Take Away
SUN-5721138,2023-05-21,Beef Carbonara Pasta,Food,FOD-02,2,52000,104000,Debit Card,Online Order
SUN-9817846,2023-05-28,Beef Carbonara Pasta,Food,FOD-02,4,52000,208000,Debit Card,Online Order
SUN-1069304,2023-03-28,Beef Carbonara Pasta,Food,FOD-02,1,52000,52000,Digital Wallet,Take Away
SUN-7363199,2023-12-21,Cafe Latte,Drinks,DRK-03,4,32000,128000,Cash,Dine In
SUN-2780161,2023-01-13,Club Sandwich,Food,FOD-05,2,45000,90000,Unknown,Unknown
SUN-3883254,2023-09-22,Cafe Latte,Drinks,DRK-03,4,32000,128000,Digital Wallet,Dine In
SUN-6117186,2023-10-09,Choco Lava Cake,Dessert,DST-04,1,35000,35000,Debit Card,Dine In
SUN-2677880,2023-06-06,Creamy Maycha Latte,Drinks,DRK-05,3,35000,105000,Cash,Unknown
SUN-8168968,2023-12-13,Grill Chicken Caesar Salad,Food,FOD-04,1,42000,42000,Cash,Unknown
SUN-4094801,2023-12-29,Choco Lava Cake,Dessert,DST-04,2,35000,70000,Cash,Take Away
SUN-6984161,2023-03-24,Creamy Maycha Latte,Drinks,DRK-05,4,35000,140000,Cash,Take Away
SUN-4483388,2023-03-14,Nasi Goreng Kampung,Food,FOD-03,3,38000,114000,Digital Wallet,Take Away
SUN-6433752,2023-03-01,Nasi Goreng Kampung,Food,FOD-03,2,38000,76000,Cash,Take Away
SUN-8740912,2023-02-08,Buttermilk Fried Chicken,Food,FOD-01,1,48000,48000,Cash,Unknown
SUN-2722429,2023-05-07,Cafe Latte,Drinks,DRK-03,4,32000,128000,Unknown,Dine In
SUN-4166431,2023-03-22,Creamy Maycha Latte,Drinks,DRK-05,4,35000,140000,Digital Wallet,Dine In
SUN-2278636,2023-01-31,Choco Lava Cake,Dessert,DST-04,4,35000,140000,Debit Card,Dine In
SUN-8060811,2023-07-16,New York Cheesecake,Dessert,DST-03,1,42000,42000,Cash,Dine In
SUN-8843831,2023-08-26,Nasi Goreng Kampung,Food,FOD-03,1,38000,38000,Debit Card,Dine In
SUN-4951923,2023-10-27,Caramel Machiato,Drinks,DRK-04,3,38000,114000,Digital Wallet,Dine In
SUN-5952994,2023-05-15,Choco Lava Cake,Dessert,DST-04,3,35000,105000,Unknown,Unknown
SUN-5518256,2023-04-12,Club Sandwich,Food,FOD-05,1,45000,45000,Debit Card,Online Order
SUN-8068725,2023-07-25,Beef Carbonara Pasta,Food,FOD-02,4,52000,208000,Debit Card,Take Away
SUN-7236792,2023-07-09,Caramel Machiato,Drinks,DRK-04,4,38000,152000,Digital Wallet,Online Order
SUN-3059618,2023-11-27,Nasi Goreng Kampung,Food,FOD-03,1,38000,38000,Digital Wallet,Online Order
SUN-4490274,2023-07-05,Creamy Maycha Latte,Drinks,DRK-05,4,35000,140000,Debit Card,Online Order
SUN-7667216,2023-11-11,Beef Carbonara Pasta,Food,FOD-02,2,52000,104000,Debit Card,Dine In
SUN-2869053,2023-02-01,Cafe Latte,Drinks,DRK-03,4,32000,128000,Unknown,Dine In
SUN-6774194,2023-12-03,Choco Lava Cake,Dessert,DST-04,4,35000,140000,Digital Wallet,Dine In
SUN-7761990,2023-05-29,New York Cheesecake,Dessert,DST-03,3,42000,126000,Cash,Dine In
SUN-1774789,2023-12-08,Buttermilk Fried Chicken,Food,FOD-01,2,48000,96000,Cash,Dine In
SUN-4088409,2023-02-13,Cafe Latte,Drinks,DRK-03,4,32000,128000,Debit Card,Online Order
SUN-6280388,2023-08-04,Fudgy Brownies,Dessert,DST-02,2,25000,50000,Cash,Dine In
SUN-8797549,2023-07-21,Cinnamon Roll,Dessert,DST-05,4,28000,112000,Cash,Dine In
SUN-8556687,2023-07-03,Grill Chicken Caesar Salad,Food,FOD-04,2,42000,84000,Cash,Take Away
SUN-8808309,2023-03-31,Buttermilk Fried Chicken,Food,FOD-01,3,48000,144000,Digital Wallet,Online Order
SUN-6889023,2023-01-14,Grill Chicken Caesar Salad,Food,FOD-04,4,42000,168000,Digital Wallet,Take Away
SUN-5913336,2023-02-19,Club Sandwich,Food,FOD-05,3,45000,135000,Unknown,Online Order
SUN-3113163,2023-02-07,Choco Lava Cake,Dessert,DST-04,3,35000,105000,Digital Wallet,Dine In
SUN-3553110,2023-08-06,Cinnamon Roll,Dessert,DST-05,1,28000,28000,Digital Wallet,Online Order
SUN-3796924,2023-07-11,Grill Chicken Caesar Salad,Food,FOD-04,2,42000,84000,Digital Wallet,Dine In
SUN-4516970,2023-05-30,Cinnamon Roll,Dessert,DST-05,1,28000,28000,Digital Wallet,Online Order
SUN-4809006,2023-11-09,Iced Americano,Drinks,DRK-02,4,28000,112000,Debit Card,Take Away
SUN-9982022,2023-05-18,Club Sandwich,Food,FOD-05,3,45000,135000,Cash,Dine In
SUN-4679047,2023-06-07,Buttermilk Fried Chicken,Food,FOD-01,4,48000,192000,Unknown,Online Order
SUN-7970920,2023-01-21,Nasi Goreng Kampung,Food,FOD-03,4,38000,152000,Cash,Take Away
SUN-4693310,2023-01-02,Grill Chicken Caesar Salad,Food,FOD-04,3,42000,126000,Debit Card,Unknown
SUN-5121168,2023-12-12,Nasi Goreng Kampung,Food,FOD-03,3,38000,114000,Cash,Dine In
SUN-5397504,2023-03-19,Espreso Single,Drinks,DRK-01,1,22000,22000,Cash,Unknown
SUN-6307329,2023-03-08,Buttermilk Fried Chicken,Food,FOD-01,3,48000,144000,Debit Card,Unknown
SUN-5715691,2023-10-05,Choco Lava Cake,Dessert,DST-04,3,35000,105000,Unknown,Take Away
SUN-1876281,2023-11-01,Cafe Latte,Drinks,DRK-03,2,32000,64000,Debit Card,Take Away
SUN-1897229,2023-02-27,Club Sandwich,Food,FOD-05,2,45000,90000,Digital Wallet,Online Order
SUN-3078987,2023-07-20,Nasi Goreng Kampung,Food,FOD-03,1,38000,38000,Cash,Take Away
SUN-4513626,2023-03-14,Classic Tirmaisu,Dessert,DST-01,3,38000,114000,Debit Card,Online Order
SUN-6649617,2023-08-01,Buttermilk Fried Chicken,Food,FOD-01,3,48000,144000,Unknown,Unknown
SUN-3934314,2023-04-15,Classic Tirmaisu,Dessert,DST-01,3,38000,114000,Debit Card,Online Order
SUN-5004386,2023-04-30,Grill Chicken Caesar Salad,Food,FOD-04,4,42000,168000,Digital Wallet,Unknown
SUN-7078306,2023-08-11,Buttermilk Fried Chicken,Food,FOD-01,4,48000,192000,Unknown,Online Order
SUN-4763803,2023-12-07,Buttermilk Fried Chicken,Food,FOD-01,1,48000,48000,Cash,Take Away
SUN-6620903,2023-11-02,Creamy Maycha Latte,Drinks,DRK-05,3,35000,105000,Unknown,Online Order
SUN-5255113,2023-01-06,Cinnamon Roll,Dessert,DST-05,1,28000,28000,Digital Wallet,Online Order
SUN-4705664,,Fudgy Brownies,Dessert,DST-02,3,25000,75000,Debit Card,Dine In
SUN-7124946,2023-11-23,Cafe Latte,Drinks,DRK-03,2,32000,64000,Digital Wallet,Take Away
SUN-4463692,2023-08-07,Fudgy Brownies,Dessert,DST-02,4,25000,100000,Unknown,Unknown
SUN-6460717,2023-04-15,Espreso Single,Drinks,DRK-01,1,22000,22000,Digital Wallet,Dine In
SUN-2193425,2023-07-13,Cafe Latte,Drinks,DRK-03,2,32000,64000,Digital Wallet,Online Order
SUN-5739781,2023-12-23,Beef Carbonara Pasta,Food,FOD-02,2,52000,104000,Debit Card,Dine In
SUN-7529558,2023-06-12,Choco Lava Cake,Dessert,DST-04,4,35000,140000,Debit Card,Dine In
SUN-1391075,2023-01-11,New York Cheesecake,Dessert,DST-03,1,42000,42000,Unknown,Dine In
SUN-8539016,2023-07-31,New York Cheesecake,Dessert,DST-03,2,42000,84000,Debit Card,Dine In
SUN-8882800,2023-10-24,Espreso Single,Drinks,DRK-01,2,22000,44000,Digital Wallet,Dine In
SUN-2121850,2023-10-25,Cafe Latte,Drinks,DRK-03,1,32000,32000,Digital Wallet,Online Order
SUN-9210562,2023-09-15,Cafe Latte,Drinks,DRK-03,2,32000,64000,Unknown,Dine In
SUN-6519720,2023-03-21,Choco Lava Cake,Dessert,DST-04,4,35000,140000,Debit Card,Take Away
SUN-6294405,2023-06-25,Fudgy Brownies,Dessert,DST-02,4,25000,100000,Digital Wallet,Online Order
SUN-8891046,2023-07-01,Nasi Goreng Kampung,Food,FOD-03,3,38000,114000,Digital Wallet,Online Order
SUN-3415955,2023-09-23,Choco Lava Cake,Dessert,DST-04,4,35000,140000,Cash,Dine In
SUN-1859339,2023-02-05,Fudgy Brownies,Dessert,DST-02,1,25000,25000,Unknown,Online Order
SUN-5421945,2023-02-06,Espreso Single,Drinks,DRK-01,2,22000,44000,Debit Card,Dine In
SUN-3633467,2023-07-07,Grill Chicken Caesar Salad,Food,FOD-04,4,42000,168000,Unknown,Online Order
SUN-8564617,2023-01-26,Grill Chicken Caesar Salad,Food,FOD-04,4,42000,168000,Digital Wallet,Dine In
SUN-9394611,2023-10-16,Grill Chicken Caesar Salad,Food,FOD-04,3,42000,126000,Debit Card,Online Order
SUN-3473402,2023-06-24,Buttermilk Fried Chicken,Food,FOD-01,3,48000,144000,Digital Wallet,Take Away
SUN-1039465,2023-12-31,Fudgy Brownies,Dessert,DST-02,1,25000,25000,Cash,Dine In
SUN-9341271,2023-03-26,Fudgy Brownies,Dessert,DST-02,3,25000,75000,Digital Wallet,Dine In
SUN-3419007,2023-06-23,Nasi Goreng Kampung,Food,FOD-03,2,38000,76000,Cash,Take Away
SUN-4673439,2023-11-21,Caramel Machiato,Drinks,DRK-04,1,38000,38000,Digital Wallet,Unknown
SUN-3671025,2023-04-19,Cafe Latte,Drinks,DRK-03,4,32000,128000,Cash,Take Away
SUN-3603105,2023-04-01,Beef Carbonara Pasta,Food,FOD-02,2,52000,104000,Debit Card,Unknown
SUN-5308734,2023-07-31,Nasi Goreng Kampung,Food,FOD-03,2,38000,76000,Debit Card,Online Order
SUN-4222315,2023-08-19,Cafe Latte,Drinks,DRK-03,1,32000,32000,Debit Card,Online Order
SUN-8341744,2023-05-16,Beef Carbonara Pasta,Food,FOD-02,4,52000,208000,Digital Wallet,Online Order
SUN-7094782,2023-10-28,Choco Lava Cake,Dessert,DST-04,2,35000,70000,Debit Card,Dine In
SUN-3980704,2023-02-12,Creamy Maycha Latte,Drinks,DRK-05,2,35000,70000,Debit Card,Dine In
SUN-1595833,2023-09-02,Beef Carbonara Pasta,Food,FOD-02,3,52000,156000,Cash,Take Away
SUN-2811222,2023-07-11,Buttermilk Fried Chicken,Food,FOD-01,4,48000,192000,Unknown,Take Away
SUN-9062827,2023-12-08,New York Cheesecake,Dessert,DST-03,4,42000,168000,Cash,Dine In
SUN-6325532,2023-10-19,Cafe Latte,Drinks,DRK-03,4,32000,128000,Debit Card,Online Order
SUN-7183228,2023-11-03,Beef Carbonara Pasta,Food,FOD-02,1,52000,52000,Cash,Dine In
SUN-6263136,2023-11-22,Iced Americano,Drinks,DRK-02,3,28000,84000,Digital Wallet,Dine In
SUN-2660753,2023-01-10,Choco Lava Cake,Dessert,DST-04,2,35000,70000,Cash,Unknown
SUN-2414142,2023-12-24,Beef Carbonara Pasta,Food,FOD-02,3,52000,156000,Debit Card,Online Order
SUN-9027437,2023-02-10,Espreso Single,Drinks,DRK-01,2,22000,44000,Unknown,Online Order
SUN-3323355,2023-05-15,Choco Lava Cake,Dessert,DST-04,4,35000,140000,Debit Card,Take Away
SUN-5113319,2023-04-03,Cinnamon Roll,Dessert,DST-05,1,28000,28000,Digital Wallet,Online Order
SUN-5880975,2023-04-02,Cinnamon Roll,Dessert,DST-05,2,28000,56000,Digital Wallet,Online Order
SUN-9447476,2023-02-06,Club Sandwich,Food,FOD-05,2,45000,90000,Debit Card,Online Order
SUN-4811684,2023-02-10,Classic Tirmaisu,Dessert,DST-01,2,38000,76000,Digital Wallet,Unknown
SUN-4236151,2023-04-10,Fudgy Brownies,Dessert,DST-02,3,25000,75000,Digital Wallet,Dine In
SUN-7237403,2023-06-09,Caramel Machiato,Drinks,DRK-04,2,38000,76000,Debit Card,Online Order
SUN-5036935,2023-03-31,Club Sandwich,Food,FOD-05,4,45000,180000,Cash,Take Away
SUN-6672869,2023-10-22,Espreso Single,Drinks,DRK-01,4,22000,88000,Debit Card,Dine In
SUN-6153497,2023-01-09,Cafe Latte,Drinks,DRK-03,3,32000,96000,Debit Card,Unknown
SUN-5885450,2023-03-27,Nasi Goreng Kampung,Food,FOD-03,4,38000,152000,Cash,Take Away
SUN-7013762,2023-12-21,Club Sandwich,Food,FOD-05,4,45000,180000,Debit Card,Dine In
SUN-1618007,2023-11-07,Buttermilk Fried Chicken,Food,FOD-01,1,48000,48000,Debit Card,Online Order
SUN-7238268,2023-11-19,Nasi Goreng Kampung,Food,FOD-03,1,38000,38000,Unknown,Online Order
SUN-5287202,2023-09-17,Espreso Single,Drinks,DRK-01,4,22000,88000,Unknown,Online Order
SUN-7181226,2023-07-11,Fudgy Brownies,Dessert,DST-02,2,25000,50000,Unknown,Unknown
SUN-2079404,2023-03-15,Club Sandwich,Food,FOD-05,2,45000,90000,Cash,Take Away
SUN-8784657,2023-10-20,Club Sandwich,Food,FOD-05,3,45000,135000,Debit Card,Dine In
SUN-5478819,2023-08-19,Buttermilk Fried Chicken,Food,FOD-01,2,48000,96000,Digital Wallet,Online Order
SUN-1021954,2023-11-20,Classic Tirmaisu,Dessert,DST-01,2,38000,76000,Digital Wallet,Online Order
SUN-5687151,2023-10-27,Creamy Maycha Latte,Drinks,DRK-05,1,35000,35000,Debit Card,Dine In
SUN-4774592,2023-11-24,Cafe Latte,Drinks,DRK-03,2,32000,64000,Debit Card,Dine In
SUN-2011266,2023-12-07,Choco Lava Cake,Dessert,DST-04,3,35000,105000,Debit Card,Online Order
SUN-5106537,2023-01-02,Espreso Single,Drinks,DRK-01,4,22000,88000,Cash,Take Away
SUN-8248469,2023-03-01,Beef Carbonara Pasta,Food,FOD-02,3,52000,156000,Debit Card,Dine In
SUN-9978075,2023-07-26,Espreso Single,Drinks,DRK-01,4,22000,88000,Digital Wallet,Online Order
SUN-4238412,2023-10-28,Beef Carbonara Pasta,Food,FOD-02,2,52000,104000,Debit Card,Dine In
SUN-2640321,2023-11-14,Creamy Maycha Latte,Drinks,DRK-05,2,35000,70000,Digital Wallet,Online Order
SUN-7055599,2023-10-11,Grill Chicken Caesar Salad,Food,FOD-04,2,42000,84000,Debit Card,Take Away
SUN-1948783,2023-11-19,Cafe Latte,Drinks,DRK-03,2,32000,64000,Unknown,Unknown
SUN-9294641,2023-03-30,Choco Lava Cake,Dessert,DST-04,4,35000,140000,Digital Wallet,Online Order
SUN-2882860,2023-10-30,Grill Chicken Caesar Salad,Food,FOD-04,2,42000,84000,Digital Wallet,Take Away
SUN-4502717,2023-04-18,Grill Chicken Caesar Salad,Food,FOD-04,1,42000,42000,Cash,Dine In
SUN-5096476,2023-01-18,New York Cheesecake,Dessert,DST-03,3,42000,126000,Debit Card,Take Away
SUN-2484441,2023-12-16,Beef Carbonara Pasta,Food,FOD-02,2,52000,104000,Digital Wallet,Unknown
SUN-7212822,2023-07-26,Caramel Machiato,Drinks,DRK-04,3,38000,114000,Cash,Dine In
SUN-7571440,2023-05-13,Club Sandwich,Food,FOD-05,3,45000,135000,Digital Wallet,Online Order
SUN-7346469,2023-05-18,Grill Chicken Caesar Salad,Food,FOD-04,,42000,,Debit Card,Take Away
SUN-1104215,2023-04-16,Grill Chicken Caesar Salad,Food,FOD-04,4,42000,168000,Unknown,Take Away
SUN-6303730,2023-09-28,Beef Carbonara Pasta,Food,FOD-02,1,52000,52000,Digital Wallet,Unknown
SUN-7786848,2023-09-20,Grill Chicken Caesar Salad,Food,FOD-04,4,42000,168000,Debit Card,Take Away
SUN-7909908,2023-05-15,Classic Tirmaisu,Dessert,DST-01,3,38000,114000,Debit Card,Take Away
SUN-5239850,2023-02-18,Espreso Single,Drinks,DRK-01,2,22000,44000,Digital Wallet,Online Order
SUN-5656381,2023-04-28,Iced Americano,Drinks,DRK-02,4,28000,112000,Debit Card,Take Away
SUN-1943535,2023-06-26,Club Sandwich,Food,FOD-05,1,45000,45000,Unknown,Take Away
SUN-5167195,2023-10-21,Classic Tirmaisu,Dessert,DST-01,3,38000,114000,Debit Card,Take Away
SUN-8354994,2023-05-11,Club Sandwich,Food,FOD-05,1,45000,45000,Digital Wallet,Online Order
SUN-6656723,2023-06-30,Grill Chicken Caesar Salad,Food,FOD-04,2,42000,84000,Digital Wallet,Unknown
SUN-5409856,2023-07-18,Iced Americano,Drinks,DRK-02,1,28000,28000,Unknown,Take Away
SUN-8345613,2023-02-23,Nasi Goreng Kampung,Food,FOD-03,4,38000,152000,Debit Card,Online Order
SUN-4294178,2023-08-09,Creamy Maycha Latte,Drinks,DRK-05,2,35000,70000,Cash,Unknown
SUN-3170166,2023-06-06,Iced Americano,Drinks,DRK-02,2,28000,56000,Unknown,Dine In
SUN-7170589,2023-08-22,Espreso Single,Drinks,DRK-01,1,22000,22000,Digital Wallet,Unknown
SUN-8590144,2023-09-28,Grill Chicken Caesar Salad,Food,FOD-04,1,42000,42000,Debit Card,Online Order
SUN-7676467,2023-06-07,Buttermilk Fried Chicken,Food,FOD-01,1,48000,48000,Digital Wallet,Dine In
SUN-4530677,2023-05-12,Cinnamon Roll,Dessert,DST-05,1,28000,28000,Unknown,Online Order
SUN-4735698,2023-11-20,Classic Tirmaisu,Dessert,DST-01,4,38000,152000,Debit Card,Online Order
SUN-6681366,2023-10-02,Cafe Latte,Drinks,DRK-03,3,32000,96000,Unknown,Online Order
SUN-2612539,2023-11-02,Club Sandwich,Food,FOD-05,4,45000,180000,Debit Card,Dine In
SUN-4012992,2023-09-22,Creamy Maycha Latte,Drinks,DRK-05,4,35000,140000,Digital Wallet,Take Away
SUN-9984679,2023-12-07,Creamy Maycha Latte,Drinks,DRK-05,1,35000,35000,Debit Card,Dine In
SUN-1562056,2023-11-15,Creamy Maycha Latte,Drinks,DRK-05,3,35000,105000,Cash,Unknown
SUN-2399608,2023-06-12,Creamy Maycha Latte,Drinks,DRK-05,2,35000,70000,Cash,Dine In
SUN-7720587,2023-12-09,Choco Lava Cake,Dessert,DST-04,1,35000,35000,Digital Wallet,Online Order
SUN-2208867,2023-09-24,New York Cheesecake,Dessert,DST-03,4,42000,168000,Digital Wallet,Dine In
SUN-3662561,2023-10-09,Cafe Latte,Drinks,DRK-03,1,32000,32000,Unknown,Take Away
SUN-9019287,2023-06-07,Club Sandwich,Food,FOD-05,4,45000,180000,Debit Card,Dine In
SUN-8962984,2023-05-26,Nasi Goreng Kampung,Food,FOD-03,3,38000,114000,Cash,Take Away
SUN-4166992,2023-04-12,Creamy Maycha Latte,Drinks,DRK-05,3,35000,105000,Cash,Dine In
SUN-6116755,2023-01-28,Classic Tirmaisu,Dessert,DST-01,1,38000,38000,Debit Card,Take Away
SUN-7107911,2023-08-26,Classic Tirmaisu,Dessert,DST-01,2,38000,76000,Cash,Take Away
SUN-7522052,2023-12-11,Creamy Maycha Latte,Drinks,DRK-05,4,35000,140000,Debit Card,Take Away
SUN-2760644,2023-12-12,Club Sandwich,Food,FOD-05,3,45000,135000,Unknown,Unknown
SUN-9120134,2023-05-28,Beef Carbonara Pasta,Food,FOD-02,3,52000,156000,Digital Wallet,Take Away
SUN-7972110,2023-10-21,Choco Lava Cake,Dessert,DST-04,4,35000,140000,Digital Wallet,Online Order
SUN-9711647,2023-09-09,Fudgy Brownies,Dessert,DST-02,1,25000,25000,Unknown,Unknown
SUN-3179749,2023-04-15,Grill Chicken Caesar Salad,Food,FOD-04,1,42000,42000,Debit Card,Online Order
SUN-1896934,2023-08-08,Cafe Latte,Drinks,DRK-03,1,32000,32000,Unknown,Take Away
SUN-4689390,2023-03-25,Grill Chicken Caesar Salad,Food,FOD-04,1,42000,42000,Debit Card,Take Away
SUN-1198637,2023-11-29,Cinnamon Roll,Dessert,DST-05,4,28000,112000,Debit Card,Take Away
SUN-5577099,2023-10-09,Club Sandwich,Food,FOD-05,1,45000,45000,Cash,Unknown
SUN-8944354,2023-08-29,Nasi Goreng Kampung,Food,FOD-03,3,38000,114000,Debit Card,Take Away
SUN-4674391,2023-09-15,Cafe Latte,Drinks,DRK-03,2,32000,64000,Debit Card,Online Order
SUN-1767518,2023-12-07,Fudgy Brownies,Dessert,DST-02,,25000,,Unknown,Online Order
SUN-5636990,2023-11-12,Club Sandwich,Food,FOD-05,4,45000,180000,Digital Wallet,Take Away
SUN-2655643,2023-06-17,Cinnamon Roll,Dessert,DST-05,4,28000,112000,Digital Wallet,Take Away
SUN-9460969,2023-02-23,Buttermilk Fried Chicken,Food,FOD-01,1,48000,48000,Digital Wallet,Online Order
SUN-2710304,2023-12-02,New York Cheesecake,Dessert,DST-03,2,42000,84000,Debit Card,Online Order
SUN-4045635,2023-11-11,Choco Lava Cake,Dessert,DST-04,3,35000,105000,Debit Card,Take Away
SUN-8533260,2023-08-03,Iced Americano,Drinks,DRK-02,4,28000,112000,Debit Card,Online Order
SUN-6208592,2023-06-07,Beef Carbonara Pasta,Food,FOD-02,4,52000,208000,Unknown,Dine In
SUN-9254205,2023-03-17,Creamy Maycha Latte,Drinks,DRK-05,2,35000,70000,Debit Card,Unknown
SUN-7007427,2023-04-10,Choco Lava Cake,Dessert,DST-04,2,35000,70000,Digital Wallet,Take Away
SUN-7729151,2023-12-07,Buttermilk Fried Chicken,Food,FOD-01,4,48000,192000,Debit Card,Online Order
SUN-4856943,2023-05-06,Choco Lava Cake,Dessert,DST-04,4,35000,140000,Digital Wallet,Online Order
SUN-9926293,2023-03-08,Cinnamon Roll,Dessert,DST-05,3,28000,84000,Cash,Dine In
SUN-5763656,2023-12-29,New York Cheesecake,Dessert,DST-03,2,42000,84000,Digital Wallet,Online Order
SUN-2897417,2023-11-19,Cafe Latte,Drinks,DRK-03,4,32000,128000,Cash,Unknown
SUN-6938960,2023-12-15,Espreso Single,Drinks,DRK-01,4,22000,88000,Debit Card,Unknown
SUN-8957722,2023-07-23,Caramel Machiato,Drinks,DRK-04,1,38000,38000,Cash,Dine In
SUN-4795668,2023-01-31,Beef Carbonara Pasta,Food,FOD-02,1,52000,52000,Cash,Dine In
SUN-7964080,2023-12-03,New York Cheesecake,Dessert,DST-03,,42000,,Cash,Unknown
SUN-2153307,2023-04-26,Cafe Latte,Drinks,DRK-03,3,32000,96000,Cash,Take Away
SUN-1545823,2023-10-15,Nasi Goreng Kampung,Food,FOD-03,4,38000,152000,Unknown,Online Order
SUN-7067397,2023-09-20,Creamy Maycha Latte,Drinks,DRK-05,1,35000,35000,Digital Wallet,Dine In
SUN-1283630,2023-12-26,Creamy Maycha Latte,Drinks,DRK-05,1,35000,35000,Cash,Dine In
SUN-4300488,2023-01-13,Classic Tirmaisu,Dessert,DST-01,2,38000,76000,Debit Card,Take Away
SUN-9160184,2023-12-17,Club Sandwich,Food,FOD-05,2,45000,90000,Unknown,Take Away
SUN-7636731,2023-01-14,Creamy Maycha Latte,Drinks,DRK-05,3,35000,105000,Digital Wallet,Online Order
SUN-3846090,2023-02-26,Fudgy Brownies,Dessert,DST-02,4,25000,100000,Cash,Unknown
SUN-9305910,2023-01-17,Nasi Goreng Kampung,Food,FOD-03,3,38000,114000,Digital Wallet,Dine In
SUN-3013827,2023-03-23,Classic Tirmaisu,Dessert,DST-01,3,38000,114000,Digital Wallet,Online Order
SUN-3808365,2023-11-13,Fudgy Brownies,Dessert,DST-02,4,25000,100000,Debit Card,Online Order
SUN-9882493,2023-12-16,Caramel Machiato,Drinks,DRK-04,1,38000,38000,Digital Wallet,Dine In
SUN-6081444,2023-05-02,Cafe Latte,Drinks,DRK-03,4,32000,128000,Digital Wallet,Online Order
SUN-1165436,2023-09-08,Buttermilk Fried Chicken,Food,FOD-01,3,48000,144000,Cash,Dine In
SUN-9641658,2023-04-27,Choco Lava Cake,Dessert,DST-04,1,35000,35000,Cash,Take Away
SUN-2937331,2023-11-23,Buttermilk Fried Chicken,Food,FOD-01,1,48000,48000,Digital Wallet,Dine In
SUN-9344634,2023-10-17,Club Sandwich,Food,FOD-05,3,45000,135000,Debit Card,Dine In
SUN-9603868,2023-07-02,Fudgy Brownies,Dessert,DST-02,4,25000,100000,Digital Wallet,Take Away
SUN-2566044,2023-04-27,Club Sandwich,Food,FOD-05,1,45000,45000,Cash,Dine In
SUN-8919406,2023-02-20,Buttermilk Fried Chicken,Food,FOD-01,2,48000,96000,Cash,Unknown
SUN-5294520,2023-09-27,Classic Tirmaisu,Dessert,DST-01,2,38000,76000,Debit Card,Online Order
SUN-1106346,2023-07-29,Grill Chicken Caesar Salad,Food,FOD-04,2,42000,84000,Debit Card,Take Away
SUN-7038457,2023-05-15,Creamy Maycha Latte,Drinks,DRK-05,1,35000,35000,Unknown,Unknown
SUN-3193691,2023-11-22,Cinnamon Roll,Dessert,DST-05,3,28000,84000,Unknown,Dine In
SUN-9506291,2023-04-19,Iced Americano,Drinks,DRK-02,1,28000,28000,Digital Wallet,Unknown
SUN-6057468,2023-01-16,New York Cheesecake,Dessert,DST-03,1,42000,42000,Debit Card,Unknown
SUN-1400134,2023-05-22,Beef Carbonara Pasta,Food,FOD-02,3,52000,156000,Digital Wallet,Online Order
SUN-5841003,2023-07-04,Grill Chicken Caesar Salad,Food,FOD-04,1,42000,42000,Unknown,Unknown
SUN-3257565,2023-03-03,Classic Tirmaisu,Dessert,DST-01,2,38000,76000,Digital Wallet,Take Away
SUN-1804814,2023-03-24,Cafe Latte,Drinks,DRK-03,3,32000,96000,Debit Card,Take Away
SUN-8083173,2023-01-28,Fudgy Brownies,Dessert,DST-02,4,25000,100000,Digital Wallet,Take Away
SUN-1195355,2023-12-17,Iced Americano,Drinks,DRK-02,1,28000,28000,Debit Card,Take Away
SUN-8505868,2023-11-14,Espreso Single,Drinks,DRK-01,3,22000,66000,Unknown,Online Order
SUN-5406951,2023-06-27,Caramel Machiato,Drinks,DRK-04,1,38000,38000,Cash,Dine In
SUN-8109772,2023-11-13,Choco Lava Cake,Dessert,DST-04,4,35000,140000,Cash,Dine In
SUN-1501187,2023-11-24,Caramel Machiato,Drinks,DRK-04,4,38000,152000,Cash,Take Away
SUN-4890382,2023-06-18,Cinnamon Roll,Dessert,DST-05,4,28000,112000,Unknown,Online Order
SUN-2819795,2023-10-31,New York Cheesecake,Dessert,DST-03,2,42000,84000,Cash,Unknown
SUN-8448573,2023-09-09,Buttermilk Fried Chicken,Food,FOD-01,4,48000,192000,Digital Wallet,Dine In
SUN-1747318,2023-10-03,Classic Tirmaisu,Dessert,DST-01,4,38000,152000,Debit Card,Unknown
SUN-7587990,2023-11-11,Beef Carbonara Pasta,Food,FOD-02,2,52000,104000,Digital Wallet,Online Order
SUN-5269207,2023-04-07,Iced Americano,Drinks,DRK-02,,28000,,Unknown,Dine In
SUN-1041365,2023-05-23,Cafe Latte,Drinks,DRK-03,3,32000,96000,Cash,Take Away
SUN-3003787,2023-07-18,Creamy Maycha Latte,Drinks,DRK-05,3,35000,105000,Digital Wallet,Dine In
SUN-9787143,2023-09-17,Iced Americano,Drinks,DRK-02,1,28000,28000,Debit Card,Take Away
SUN-3095980,2023-08-31,Iced Americano,Drinks,DRK-02,3,28000,84000,Debit Card,Online Order
SUN-5345688,2023-10-03,Nasi Goreng Kampung,Food,FOD-03,3,38000,114000,Debit Card,Take Away
SUN-3319605,2023-09-24,Nasi Goreng Kampung,Food,FOD-03,3,38000,114000,Digital Wallet,Online Order
SUN-5439294,2023-01-29,Caramel Machiato,Drinks,DRK-04,2,38000,76000,Unknown,Unknown
SUN-4418022,2023-05-05,Espreso Single,Drinks,DRK-01,3,22000,66000,Debit Card,Take Away
SUN-2722688,2023-02-20,Nasi Goreng Kampung,Food,FOD-03,4,38000,152000,Cash,Unknown
SUN-6903079,2023-12-26,Iced Americano,Drinks,DRK-02,2,28000,56000,Debit Card,Take Away
SUN-8745811,2023-10-01,Buttermilk Fried Chicken,Food,FOD-01,3,48000,144000,Unknown,Online Order
SUN-5962977,2023-07-05,Cafe Latte,Drinks,DRK-03,4,32000,128000,Debit Card,Take Away
SUN-1471527,2023-09-15,Buttermilk Fried Chicken,Food,FOD-01,3,48000,144000,Digital Wallet,Online Order
SUN-1421073,2023-02-12,Espreso Single,Drinks,DRK-01,4,22000,88000,Digital Wallet,Online Order
SUN-3498834,2023-03-09,Espreso Single,Drinks,DRK-01,4,22000,88000,Cash,Unknown
SUN-2896206,2023-08-27,Espreso Single,Drinks,DRK-01,2,22000,44000,Digital Wallet,Take Away
SUN-8638019,2023-10-29,Cinnamon Roll,Dessert,DST-05,4,28000,112000,Unknown,Online Order
SUN-5403362,2023-09-12,Iced Americano,Drinks,DRK-02,3,28000,84000,Debit Card,Take Away
SUN-8150450,2023-10-20,Beef Carbonara Pasta,Food,FOD-02,3,52000,156000,Digital Wallet,Online Order
SUN-5066573,2023-05-27,Classic Tirmaisu,Dessert,DST-01,2,38000,76000,Cash,Dine In
SUN-4043067,2023-05-02,New York Cheesecake,Dessert,DST-03,1,42000,42000,Digital Wallet,Online Order
SUN-2839349,2023-07-06,Grill Chicken Caesar Salad,Food,FOD-04,1,42000,42000,Unknown,Unknown
SUN-3017358,2023-05-05,Nasi Goreng Kampung,Food,FOD-03,2,38000,76000,Debit Card,Take Away
SUN-3833299,2023-03-23,Cinnamon Roll,Dessert,DST-05,2,28000,56000,Digital Wallet,Online Order
SUN-2633591,2023-02-10,Club Sandwich,Food,FOD-05,4,45000,180000,Cash,Unknown
SUN-6782100,2023-10-29,New York Cheesecake,Dessert,DST-03,3,42000,126000,Debit Card,Online Order
SUN-7263015,2023-06-12,Choco Lava Cake,Dessert,DST-04,3,35000,105000,Digital Wallet,Take Away
SUN-2523566,2023-05-28,Iced Americano,Drinks,DRK-02,3,28000,84000,Cash,Take Away
SUN-1158326,2023-02-10,Nasi Goreng Kampung,Food,FOD-03,3,38000,114000,Unknown,Online Order
SUN-6395443,,Buttermilk Fried Chicken,Food,FOD-01,2,48000,96000,Debit Card,Take Away
SUN-7444402,2023-07-18,Fudgy Brownies,Dessert,DST-02,1,25000,25000,Debit Card,Unknown
SUN-3173463,2023-08-03,Buttermilk Fried Chicken,Food,FOD-01,3,48000,144000,Digital Wallet,Dine In
SUN-7511156,2023-08-16,Buttermilk Fried Chicken,Food,FOD-01,4,48000,192000,Digital Wallet,Unknown
SUN-7389438,2023-02-17,Cafe Latte,Drinks,DRK-03,4,32000,128000,Unknown,Take Away
SUN-8135975,2023-08-01,New York Cheesecake,Dessert,DST-03,1,42000,42000,Cash,Dine In
SUN-8362335,2023-08-25,Creamy Maycha Latte,Drinks,DRK-05,4,35000,140000,Cash,Take Away
SUN-8696101,2023-01-27,Buttermilk Fried Chicken,Food,FOD-01,1,48000,48000,Cash,Dine In
SUN-6765282,2023-09-30,Choco Lava Cake,Dessert,DST-04,3,35000,105000,Debit Card,Dine In
SUN-6329481,2023-08-15,Espreso Single,Drinks,DRK-01,1,22000,22000,Debit Card,Dine In
SUN-5259231,,Nasi Goreng Kampung,Food,FOD-03,4,38000,152000,Debit Card,Dine In
SUN-8842204,2023-10-02,Cafe Latte,Drinks,DRK-03,3,32000,96000,Unknown,Dine In
SUN-4721918,2023-05-08,Cinnamon Roll,Dessert,DST-05,,28000,,Unknown,Dine In
SUN-1905312,2023-02-21,Club Sandwich,Food,FOD-05,2,45000,90000,Digital Wallet,Take Away
SUN-9080959,2023-11-09,Beef Carbonara Pasta,Food,FOD-02,2,52000,104000,Unknown,Online Order
SUN-6307183,2023-08-06,Classic Tirmaisu,Dessert,DST-01,4,38000,152000,Digital Wallet,Dine In
SUN-1622578,2023-10-05,Iced Americano,Drinks,DRK-02,4,28000,112000,Digital Wallet,Online Order
SUN-7451214,2023-10-26,Caramel Machiato,Drinks,DRK-04,3,38000,114000,Unknown,Dine In
SUN-6049551,2023-08-06,Cinnamon Roll,Dessert,DST-05,2,28000,56000,Digital Wallet,Online Order
SUN-8574360,2023-03-12,Creamy Maycha Latte,Drinks,DRK-05,3,35000,105000,Unknown,Unknown
SUN-9669507,2023-07-02,Creamy Maycha Latte,Drinks,DRK-05,3,35000,105000,Debit Card,Online Order
SUN-4220498,2023-11-30,Classic Tirmaisu,Dessert,DST-01,1,38000,38000,Debit Card,Unknown
SUN-7883493,2023-03-13,Grill Chicken Caesar Salad,Food,FOD-04,1,42000,42000,Debit Card,Dine In
SUN-1863441,2023-12-21,Caramel Machiato,Drinks,DRK-04,4,38000,152000,Digital Wallet,Online Order
SUN-6671933,2023-02-21,Espreso Single,Drinks,DRK-01,3,22000,66000,Digital Wallet,Dine In
SUN-2117997,,Cafe Latte,Drinks,DRK-03,2,32000,64000,Debit Card,Dine In
SUN-9352871,2023-08-10,New York Cheesecake,Dessert,DST-03,4,42000,168000,Debit Card,Online Order
SUN-1464836,2023-11-15,Espreso Single,Drinks,DRK-01,2,22000,44000,Digital Wallet,Online Order
SUN-7886373,2023-04-04,Cinnamon Roll,Dessert,DST-05,1,28000,28000,Cash,Take Away
SUN-7038640,2023-04-10,Classic Tirmaisu,Dessert,DST-01,2,38000,76000,Debit Card,Dine In
SUN-5011915,2023-03-13,Cafe Latte,Drinks,DRK-03,4,32000,128000,Unknown,Online Order
SUN-8465117,2023-08-31,Beef Carbonara Pasta,Food,FOD-02,4,52000,208000,Debit Card,Online Order
SUN-1747380,2023-04-11,Iced Americano,Drinks,DRK-02,2,28000,56000,Digital Wallet,Dine In
SUN-1847499,2023-12-05,Classic Tirmaisu,Dessert,DST-01,4,38000,152000,Digital Wallet,Unknown
SUN-8711125,2023-04-15,Caramel Machiato,Drinks,DRK-04,4,38000,152000,Debit Card,Online Order
SUN-5025948,2023-01-17,Creamy Maycha Latte,Drinks,DRK-05,1,35000,35000,Cash,Take Away
SUN-3946981,2023-04-05,New York Cheesecake,Dessert,DST-03,4,42000,168000,Cash,Dine In
SUN-4247031,2023-10-27,Choco Lava Cake,Dessert,DST-04,3,35000,105000,Debit Card,Unknown
SUN-8055234,2023-03-08,Fudgy Brownies,Dessert,DST-02,1,25000,25000,Debit Card,Take Away
SUN-8213164,2023-03-28,Creamy Maycha Latte,Drinks,DRK-05,2,35000,70000,Debit Card,Dine In
SUN-2686085,2023-02-19,Cinnamon Roll,Dessert,DST-05,1,28000,28000,Cash,Dine In
SUN-7325690,2023-10-20,Grill Chicken Caesar Salad,Food,FOD-04,1,42000,42000,Cash,Dine In
SUN-9128215,2023-09-01,Cafe Latte,Drinks,DRK-03,4,32000,128000,Cash,Dine In
SUN-3875502,2023-08-23,Creamy Maycha Latte,Drinks,DRK-05,3,35000,105000,Digital Wallet,Unknown
SUN-2153141,2023-05-06,Choco Lava Cake,Dessert,DST-04,2,35000,70000,Debit Card,Take Away
SUN-9078658,2023-10-20,Buttermilk Fried Chicken,Food,FOD-01,1,48000,48000,Digital Wallet,Dine In
SUN-2935456,2023-03-12,Choco Lava Cake,Dessert,DST-04,4,35000,140000,Unknown,Dine In
SUN-3565067,2023-05-27,Caramel Machiato,Drinks,DRK-04,3,38000,114000,Cash,Take Away
SUN-9679772,2023-03-15,Cinnamon Roll,Dessert,DST-05,2,28000,56000,Digital Wallet,Online Order
SUN-1452986,2023-06-14,Fudgy Brownies,Dessert,DST-02,3,25000,75000,Debit Card,Unknown
SUN-2691988,2023-05-26,Club Sandwich,Food,FOD-05,4,45000,180000,Cash,Dine In
SUN-5382163,2023-12-04,Creamy Maycha Latte,Drinks,DRK-05,1,35000,35000,Digital Wallet,Dine In
SUN-9568920,2023-07-03,Iced Americano,Drinks,DRK-02,1,28000,28000,Debit Card,Unknown
SUN-1989916,2023-01-27,Cinnamon Roll,Dessert,DST-05,1,28000,28000,Digital Wallet,Online Order
SUN-4848014,2023-03-25,Espreso Single,Drinks,DRK-01,4,22000,88000,Debit Card,Dine In
SUN-5185667,2023-02-27,Nasi Goreng Kampung,Food,FOD-03,3,38000,114000,Debit Card,Take Away
SUN-8162398,2023-08-20,Cafe Latte,Drinks,DRK-03,,32000,,Cash,Take Away
SUN-3886036,2023-12-22,Cafe Latte,Drinks,DRK-03,3,32000,96000,Unknown,Online Order
SUN-1399945,2023-03-18,Iced Americano,Drinks,DRK-02,1,28000,28000,Debit Card,Online Order
SUN-6372271,2023-11-30,Classic Tirmaisu,Dessert,DST-01,2,38000,76000,Digital Wallet,Take Away
SUN-2742290,2023-12-05,Creamy Maycha Latte,Drinks,DRK-05,2,35000,70000,Digital Wallet,Online Order
SUN-5957542,2023-02-23,Fudgy Brownies,Dessert,DST-02,2,25000,50000,Debit Card,Take Away
SUN-5273701,2023-01-21,Cinnamon Roll,Dessert,DST-05,1,28000,28000,Digital Wallet,Take Away
SUN-6517806,2023-12-22,Iced Americano,Drinks,DRK-02,3,28000,84000,Cash,Dine In
SUN-6193019,2023-12-02,Buttermilk Fried Chicken,Food,FOD-01,4,48000,192000,Debit Card,Online Order
SUN-8392806,2023-04-07,Creamy Maycha Latte,Drinks,DRK-05,3,35000,105000,Digital Wallet,Online Order
SUN-1893536,2023-03-01,Cinnamon Roll,Dessert,DST-05,1,28000,28000,Digital Wallet,Dine In
SUN-4237395,2023-11-22,Cinnamon Roll,Dessert,DST-05,2,28000,56000,Debit Card,Online Order
SUN-6318164,2023-09-09,Classic Tirmaisu,Dessert,DST-01,2,38000,76000,Digital Wallet,Take Away
SUN-9725876,2023-11-27,Grill Chicken Caesar Salad,Food,FOD-04,2,42000,84000,Digital Wallet,Dine In
SUN-2196814,2023-02-14,Espreso Single,Drinks,DRK-01,2,22000,44000,Debit Card,Dine In
SUN-1549405,2023-01-09,Choco Lava Cake,Dessert,DST-04,4,35000,140000,Cash,Take Away
SUN-5861892,2023-07-31,Classic Tirmaisu,Dessert,DST-01,4,38000,152000,Unknown,Dine In
SUN-4991774,2023-01-04,Choco Lava Cake,Dessert,DST-04,1,35000,35000,Unknown,Unknown
SUN-5467012,2023-04-04,Creamy Maycha Latte,Drinks,DRK-05,4,35000,140000,Digital Wallet,Unknown
SUN-7246568,2023-04-30,Club Sandwich,Food,FOD-05,4,45000,180000,Cash,Dine In
SUN-3690745,2023-12-25,Choco Lava Cake,Dessert,DST-04,2,35000,70000,Debit Card,Unknown
SUN-1724516,2023-12-06,Caramel Machiato,Drinks,DRK-04,2,38000,76000,Digital Wallet,Dine In
SUN-6577723,2023-05-11,Beef Carbonara Pasta,Food,FOD-02,4,52000,208000,Unknown,Take Away
SUN-2376465,2023-10-16,Iced Americano,Drinks,DRK-02,1,28000,28000,Debit Card,Online Order
SUN-1058922,2023-11-29,New York Cheesecake,Dessert,DST-03,3,42000,126000,Cash,Take Away
SUN-2961029,2023-05-22,Classic Tirmaisu,Dessert,DST-01,3,38000,114000,Debit Card,Dine In
SUN-5708223,2023-12-23,Nasi Goreng Kampung,Food,FOD-03,4,38000,152000,Digital Wallet,Take Away
SUN-7998357,2023-11-10,Creamy Maycha Latte,Drinks,DRK-05,1,35000,35000,Unknown,Dine In
SUN-1000595,2023-08-08,Creamy Maycha Latte,Drinks,DRK-05,1,35000,35000,Digital Wallet,Online Order
SUN-1871904,2023-04-23,Beef Carbonara Pasta,Food,FOD-02,2,52000,104000,Digital Wallet,Online Order
SUN-2512619,2023-03-31,Buttermilk Fried Chicken,Food,FOD-01,1,48000,48000,Digital Wallet,Dine In
SUN-3486674,2023-05-07,Fudgy Brownies,Dessert,DST-02,2,25000,50000,Debit Card,Unknown
SUN-9971923,2023-11-23,Fudgy Brownies,Dessert,DST-02,2,25000,50000,Unknown,Dine In
SUN-6578827,2023-03-11,Classic Tirmaisu,Dessert,DST-01,4,38000,152000,Digital Wallet,Take Away
SUN-3990777,2023-05-10,Choco Lava Cake,Dessert,DST-04,4,35000,140000,Digital Wallet,Take Away
SUN-6483075,2023-12-17,Choco Lava Cake,Dessert,DST-04,3,35000,105000,Digital Wallet,Online Order
SUN-3611059,2023-09-03,Fudgy Brownies,Dessert,DST-02,1,25000,25000,Digital Wallet,Dine In
SUN-2636290,2023-10-21,Caramel Machiato,Drinks,DRK-04,4,38000,152000,Unknown,Take Away
SUN-2972132,2023-02-05,Cafe Latte,Drinks,DRK-03,2,32000,64000,Unknown,Unknown
SUN-6156429,2023-06-18,Nasi Goreng Kampung,Food,FOD-03,4,38000,152000,Cash,Dine In
SUN-9085968,2023-10-11,Fudgy Brownies,Dessert,DST-02,1,25000,25000,Debit Card,Take Away
SUN-8197849,2023-04-07,Cafe Latte,Drinks,DRK-03,3,32000,96000,Digital Wallet,Dine In
SUN-8170020,2023-11-15,Fudgy Brownies,Dessert,DST-02,1,25000,25000,Debit Card,Take Away
SUN-1071885,2023-12-19,Cinnamon Roll,Dessert,DST-05,4,28000,112000,Debit Card,Online Order
SUN-4025830,2023-06-25,Classic Tirmaisu,Dessert,DST-01,1,38000,38000,Digital Wallet,Online Order
SUN-6802292,2023-05-25,Iced Americano,Drinks,DRK-02,1,28000,28000,Unknown,Dine In
SUN-2688126,2023-06-21,Creamy Maycha Latte,Drinks,DRK-05,1,35000,35000,Digital Wallet,Take Away
SUN-2736052,2023-03-18,Unknown,Unknown,Unknown,4,28000,112000,Debit Card,Online Order
SUN-4552008,2023-01-30,Club Sandwich,Food,FOD-05,1,45000,45000,Debit Card,Unknown
SUN-1979116,2023-06-04,Buttermilk Fried Chicken,Food,FOD-01,3,48000,144000,Unknown,Online Order
SUN-3892637,2023-05-16,Fudgy Brownies,Dessert,DST-02,2,25000,50000,Digital Wallet,Online Order
SUN-7292079,2023-09-20,Cinnamon Roll,Dessert,DST-05,4,28000,112000,Unknown,Take Away
SUN-1669717,2023-02-27,Buttermilk Fried Chicken,Food,FOD-01,2,48000,96000,Debit Card,Online Order
SUN-9071510,2023-10-09,New York Cheesecake,Dessert,DST-03,3,42000,126000,Unknown,Take Away
SUN-3565960,2023-03-01,Nasi Goreng Kampung,Food,FOD-03,2,38000,76000,Digital Wallet,Take Away
SUN-1742756,2023-02-09,New York Cheesecake,Dessert,DST-03,3,42000,126000,Digital Wallet,Take Away
SUN-4150722,,Buttermilk Fried Chicken,Food,FOD-01,,48000,,Digital Wallet,Online Order
SUN-6253363,2023-12-12,New York Cheesecake,Dessert,DST-03,3,42000,126000,Cash,Dine In
SUN-4694570,2023-04-29,Choco Lava Cake,Dessert,DST-04,2,35000,70000,Digital Wallet,Online Order
SUN-8449536,2023-09-04,Cafe Latte,Drinks,DRK-03,3,32000,96000,Digital Wallet,Unknown
SUN-8483521,2023-03-18,Espreso Single,Drinks,DRK-01,1,22000,22000,Debit Card,Dine In
SUN-5076119,2023-01-23,Cinnamon Roll,Dessert,DST-05,3,28000,84000,Cash,Unknown
SUN-5613010,2023-03-23,Creamy Maycha Latte,Drinks,DRK-05,2,35000,70000,Unknown,Unknown
SUN-9023660,2023-11-02,Choco Lava Cake,Dessert,DST-04,1,35000,35000,Debit Card,Dine In
SUN-9917267,2023-10-27,New York Cheesecake,Dessert,DST-03,4,42000,168000,Digital Wallet,Online Order
SUN-2425415,2023-12-21,Cafe Latte,Drinks,DRK-03,1,32000,32000,Digital Wallet,Online Order
SUN-7025506,2023-11-08,Cinnamon Roll,Dessert,DST-05,4,28000,112000,Debit Card,Online Order
SUN-8390795,2023-11-02,Cinnamon Roll,Dessert,DST-05,3,28000,84000,Digital Wallet,Dine In
SUN-9551132,2023-07-26,Fudgy Brownies,Dessert,DST-02,4,25000,100000,Debit Card,Dine In
SUN-3096529,2023-01-04,New York Cheesecake,Dessert,DST-03,3,42000,126000,Unknown,Dine In
SUN-3451330,2023-09-24,Beef Carbonara Pasta,Food,FOD-02,2,52000,104000,Unknown,Online Order
SUN-8649225,2023-06-22,Unknown,Unknown,Unknown,4,28000,112000,Digital Wallet,Dine In
SUN-1621244,2023-10-26,Buttermilk Fried Chicken,Food,FOD-01,4,48000,192000,Digital Wallet,Dine In
SUN-6949401,2023-08-04,Iced Americano,Drinks,DRK-02,4,28000,112000,Digital Wallet,Online Order
SUN-2980833,2023-05-06,Cafe Latte,Drinks,DRK-03,2,32000,64000,Cash,Dine In
SUN-3476466,2023-11-21,Grill Chicken Caesar Salad,Food,FOD-04,,42000,,Cash,Take Away
SUN-4378326,2023-07-30,Cafe Latte,Drinks,DRK-03,2,32000,64000,Digital Wallet,Online Order
SUN-1890583,2023-07-03,Classic Tirmaisu,Dessert,DST-01,3,38000,114000,Debit Card,Unknown
SUN-1892596,2023-04-09,Cafe Latte,Drinks,DRK-03,3,32000,96000,Digital Wallet,Online Order
SUN-7693708,2023-01-29,Nasi Goreng Kampung,Food,FOD-03,2,38000,76000,Unknown,Online Order
SUN-8746261,2023-02-10,Buttermilk Fried Chicken,Food,FOD-01,2,48000,96000,Cash,Take Away
SUN-8532570,2023-12-07,Classic Tirmaisu,Dessert,DST-01,1,38000,38000,Debit Card,Dine In
SUN-9956479,2023-01-20,Club Sandwich,Food,FOD-05,3,45000,135000,Cash,Dine In
SUN-3908362,2023-12-14,Classic Tirmaisu,Dessert,DST-01,4,38000,152000,Unknown,Dine In
SUN-1408972,2023-01-14,Nasi Goreng Kampung,Food,FOD-03,4,38000,152000,Unknown,Unknown
SUN-6712824,2023-06-27,Buttermilk Fried Chicken,Food,FOD-01,3,48000,144000,Digital Wallet,Online Order
SUN-8036194,2023-05-28,Club Sandwich,Food,FOD-05,3,45000,135000,Digital Wallet,Unknown
SUN-8671916,2023-01-20,Classic Tirmaisu,Dessert,DST-01,4,38000,152000,Digital Wallet,Take Away
SUN-8380224,2023-12-06,Fudgy Brownies,Dessert,DST-02,1,25000,25000,Unknown,Unknown
SUN-1235283,2023-11-03,Creamy Maycha Latte,Drinks,DRK-05,3,35000,105000,Debit Card,Online Order
SUN-8747768,2023-08-26,Caramel Machiato,Drinks,DRK-04,1,38000,38000,Digital Wallet,Online Order
SUN-7598745,2023-09-28,Creamy Maycha Latte,Drinks,DRK-05,1,35000,35000,Unknown,Online Order
SUN-4351376,2023-07-04,Choco Lava Cake,Dessert,DST-04,2,35000,70000,Cash,Take Away
SUN-8181523,2023-12-21,Fudgy Brownies,Dessert,DST-02,1,25000,25000,Unknown,Take Away
SUN-4863937,2023-11-07,Fudgy Brownies,Dessert,DST-02,2,25000,50000,Digital Wallet,Take Away
SUN-1310248,2023-01-03,Caramel Machiato,Drinks,DRK-04,1,38000,38000,Digital Wallet,Take Away
SUN-8453301,2023-04-12,Espreso Single,Drinks,DRK-01,2,22000,44000,Digital Wallet,Take Away
SUN-6897063,2023-06-08,Iced Americano,Drinks,DRK-02,2,28000,56000,Unknown,Unknown
SUN-3676155,2023-08-27,Club Sandwich,Food,FOD-05,4,45000,180000,Debit Card,Online Order
SUN-8765868,2023-04-14,Caramel Machiato,Drinks,DRK-04,2,38000,76000,Debit Card,Dine In
SUN-3416861,2023-07-28,Nasi Goreng Kampung,Food,FOD-03,3,38000,114000,Debit Card,Unknown
SUN-4177119,2023-02-09,Beef Carbonara Pasta,Food,FOD-02,1,52000,52000,Unknown,Dine In
SUN-5535520,2023-08-22,Espreso Single,Drinks,DRK-01,3,22000,66000,Cash,Dine In
SUN-4942266,2023-09-26,Choco Lava Cake,Dessert,DST-04,4,35000,140000,Cash,Dine In
SUN-1219422,2023-09-30,Grill Chicken Caesar Salad,Food,FOD-04,4,42000,168000,Debit Card,Take Away
SUN-1091022,2023-05-05,Fudgy Brownies,Dessert,DST-02,1,25000,25000,Debit Card,Dine In
SUN-4365491,2023-01-29,Grill Chicken Caesar Salad,Food,FOD-04,1,42000,42000,Cash,Take Away
SUN-1189725,2023-01-15,Espreso Single,Drinks,DRK-01,2,22000,44000,Debit Card,Dine In
SUN-2281972,2023-06-19,Nasi Goreng Kampung,Food,FOD-03,4,38000,152000,Debit Card,Online Order
SUN-2860857,2023-02-18,New York Cheesecake,Dessert,DST-03,2,42000,84000,Unknown,Dine In
SUN-1791018,2023-02-28,Choco Lava Cake,Dessert,DST-04,4,35000,140000,Debit Card,Online Order
SUN-7355952,2023-10-22,Caramel Machiato,Drinks,DRK-04,4,38000,152000,Digital Wallet,Take Away
SUN-6843518,2023-11-10,Iced Americano,Drinks,DRK-02,3,28000,84000,Digital Wallet,Online Order
SUN-6294549,2023-08-10,Cafe Latte,Drinks,DRK-03,2,32000,64000,Digital Wallet,Unknown
SUN-8054338,2023-02-08,Fudgy Brownies,Dessert,DST-02,2,25000,50000,Debit Card,Online Order
SUN-8451800,2023-03-20,Iced Americano,Drinks,DRK-02,1,28000,28000,Cash,Unknown
SUN-2453448,2023-11-26,Buttermilk Fried Chicken,Food,FOD-01,4,48000,192000,Cash,Take Away
SUN-4752772,2023-09-12,Classic Tirmaisu,Dessert,DST-01,2,38000,76000,Cash,Dine In
SUN-1755110,2023-03-28,Iced Americano,Drinks,DRK-02,2,28000,56000,Unknown,Dine In
SUN-9721183,2023-02-17,Beef Carbonara Pasta,Food,FOD-02,3,52000,156000,Unknown,Online Order
SUN-8802137,2023-07-16,Creamy Maycha Latte,Drinks,DRK-05,3,35000,105000,Debit Card,Online Order
SUN-3875284,2023-09-03,Choco Lava Cake,Dessert,DST-04,4,35000,140000,Unknown,Dine In
SUN-7187514,2023-08-09,Iced Americano,Drinks,DRK-02,1,28000,28000,Digital Wallet,Online Order
SUN-9380398,2023-08-28,New York Cheesecake,Dessert,DST-03,4,42000,168000,Unknown,Unknown
SUN-5896259,2023-03-21,Beef Carbonara Pasta,Food,FOD-02,1,52000,52000,Digital Wallet,Dine In
SUN-3302626,2023-01-03,Nasi Goreng Kampung,Food,FOD-03,2,38000,76000,Debit Card,Dine In
SUN-1786816,2023-02-24,Grill Chicken Caesar Salad,Food,FOD-04,1,42000,42000,Digital Wallet,Take Away
SUN-4522973,2023-07-06,Cafe Latte,Drinks,DRK-03,4,32000,128000,Digital Wallet,Dine In
SUN-8283316,2023-09-24,Grill Chicken Caesar Salad,Food,FOD-04,3,42000,126000,Debit Card,Dine In
SUN-8896534,2023-09-23,Grill Chicken Caesar Salad,Food,FOD-04,4,42000,168000,Cash,Unknown
SUN-4981333,2023-08-05,Creamy Maycha Latte,Drinks,DRK-05,4,35000,140000,Debit Card,Unknown
SUN-7745007,2023-10-04,Beef Carbonara Pasta,Food,FOD-02,2,52000,104000,Digital Wallet,Online Order
SUN-3691575,2023-06-30,New York Cheesecake,Dessert,DST-03,1,42000,42000,Digital Wallet,Online Order
SUN-4634887,2023-09-15,Caramel Machiato,Drinks,DRK-04,2,38000,76000,Cash,Dine In
SUN-7036355,2023-01-17,Cafe Latte,Drinks,DRK-03,1,32000,32000,Cash,Take Away
SUN-4594324,2023-11-20,Classic Tirmaisu,Dessert,DST-01,2,38000,76000,Digital Wallet,Take Away
SUN-2198701,2023-10-22,Espreso Single,Drinks,DRK-01,3,22000,66000,Unknown,Dine In
SUN-7816234,2023-10-04,Grill Chicken Caesar Salad,Food,FOD-04,3,42000,126000,Debit Card,Unknown
SUN-4630353,2023-11-11,New York Cheesecake,Dessert,DST-03,1,42000,42000,Unknown,Dine In
SUN-7348148,2023-12-03,Classic Tirmaisu,Dessert,DST-01,4,38000,152000,Debit Card,Unknown
SUN-7406945,2023-07-15,Classic Tirmaisu,Dessert,DST-01,4,38000,152000,Cash,Take Away
SUN-9082053,2023-06-01,Cinnamon Roll,Dessert,DST-05,3,28000,84000,Unknown,Unknown
SUN-3834735,2023-07-11,Iced Americano,Drinks,DRK-02,4,28000,112000,Debit Card,Online Order
SUN-5661362,2023-01-13,Beef Carbonara Pasta,Food,FOD-02,3,52000,156000,Digital Wallet,Unknown
SUN-2293035,2023-12-02,Iced Americano,Drinks,DRK-02,4,28000,112000,Cash,Take Away
SUN-8383322,2023-03-08,Espreso Single,Drinks,DRK-01,2,22000,44000,Debit Card,Unknown
SUN-2404789,2023-12-03,Cafe Latte,Drinks,DRK-03,2,32000,64000,Cash,Take Away
SUN-6998817,2023-04-16,Buttermilk Fried Chicken,Food,FOD-01,4,48000,192000,Debit Card,Unknown
SUN-4041528,2023-07-14,Choco Lava Cake,Dessert,DST-04,2,35000,70000,Cash,Dine In
SUN-9747188,2023-01-16,Beef Carbonara Pasta,Food,FOD-02,3,52000,156000,Cash,Unknown
SUN-7783072,2023-01-09,New York Cheesecake,Dessert,DST-03,4,42000,168000,Digital Wallet,Dine In
SUN-6412171,2023-02-09,Cafe Latte,Drinks,DRK-03,4,32000,128000,Debit Card,Online Order
SUN-5852598,2023-02-11,Beef Carbonara Pasta,Food,FOD-02,1,52000,52000,Cash,Dine In
SUN-3465346,2023-07-09,Fudgy Brownies,Dessert,DST-02,3,25000,75000,Digital Wallet,Online Order
SUN-3029053,2023-02-20,Classic Tirmaisu,Dessert,DST-01,1,38000,38000,Digital Wallet,Dine In
SUN-3913241,2023-04-03,Club Sandwich,Food,FOD-05,2,45000,90000,Cash,Take Away
SUN-2804210,2023-03-28,Nasi Goreng Kampung,Food,FOD-03,2,38000,76000,Cash,Dine In
SUN-8734965,2023-04-15,Beef Carbonara Pasta,Food,FOD-02,4,52000,208000,Cash,Dine In
SUN-3152397,2023-11-07,Espreso Single,Drinks,DRK-01,1,22000,22000,Digital Wallet,Online Order
SUN-6194062,2023-09-28,Iced Americano,Drinks,DRK-02,4,28000,112000,Debit Card,Take Away
SUN-7996217,2023-12-07,Cafe Latte,Drinks,DRK-03,2,32000,64000,Unknown,Dine In
SUN-1636651,2023-11-08,Espreso Single,Drinks,DRK-01,2,22000,44000,Debit Card,Dine In
SUN-4856637,2023-03-20,Fudgy Brownies,Dessert,DST-02,3,25000,75000,Cash,Unknown
SUN-8929299,2023-11-11,Espreso Single,Drinks,DRK-01,4,22000,88000,Debit Card,Online Order
SUN-6903896,2023-01-13,Buttermilk Fried Chicken,Food,FOD-01,1,48000,48000,Cash,Dine In
SUN-7352544,2023-05-16,Buttermilk Fried Chicken,Food,FOD-01,2,48000,96000,Digital Wallet,Online Order
SUN-5408319,2023-02-10,Creamy Maycha Latte,Drinks,DRK-05,4,35000,140000,Debit Card,Unknown
SUN-9057382,2023-09-17,Cinnamon Roll,Dessert,DST-05,4,28000,112000,Cash,Dine In
SUN-9153214,2023-08-04,Espreso Single,Drinks,DRK-01,1,22000,22000,Digital Wallet,Take Away
SUN-8962897,2023-11-08,Cafe Latte,Drinks,DRK-03,1,32000,32000,Cash,Take Away
SUN-3094882,2023-08-25,Classic Tirmaisu,Dessert,DST-01,3,38000,114000,Unknown,Online Order
SUN-1483578,2023-02-25,Fudgy Brownies,Dessert,DST-02,3,25000,75000,Cash,Unknown
SUN-4014001,2023-11-20,Fudgy Brownies,Dessert,DST-02,1,25000,25000,Digital Wallet,Online Order
SUN-7541246,2023-03-15,Grill Chicken Caesar Salad,Food,FOD-04,4,42000,168000,Digital Wallet,Online Order
SUN-2895322,2023-12-13,Caramel Machiato,Drinks,DRK-04,4,38000,152000,Cash,Dine In
SUN-4598463,2023-08-25,Grill Chicken Caesar Salad,Food,FOD-04,,42000,,Cash,Unknown
SUN-4104254,2023-04-20,Beef Carbonara Pasta,Food,FOD-02,1,52000,52000,Debit Card,Take Away
SUN-3643588,2023-04-07,Iced Americano,Drinks,DRK-02,1,28000,28000,Debit Card,Take Away
SUN-7216686,2023-04-12,Espreso Single,Drinks,DRK-01,2,22000,44000,Debit Card,Online Order
SUN-1078810,2023-03-12,Cafe Latte,Drinks,DRK-03,4,32000,128000,Cash,Dine In
SUN-1703746,2023-12-20,New York Cheesecake,Dessert,DST-03,1,42000,42000,Cash,Dine In
SUN-2701612,2023-05-15,Classic Tirmaisu,Dessert,DST-01,3,38000,114000,Debit Card,Dine In
SUN-8977578,2023-11-21,Cinnamon Roll,Dessert,DST-05,2,28000,56000,Cash,Dine In
SUN-5709363,2023-01-06,New York Cheesecake,Dessert,DST-03,1,42000,42000,Cash,Dine In
SUN-4482768,2023-08-09,Choco Lava Cake,Dessert,DST-04,1,35000,35000,Unknown,Dine In
SUN-8444401,2023-06-09,Creamy Maycha Latte,Drinks,DRK-05,1,35000,35000,Debit Card,Take Away
SUN-6036106,2023-11-17,Caramel Machiato,Drinks,DRK-04,1,38000,38000,Digital Wallet,Take Away
SUN-3978151,2023-01-18,Choco Lava Cake,Dessert,DST-04,2,35000,70000,Digital Wallet,Take Away
SUN-7455235,2023-11-15,Espreso Single,Drinks,DRK-01,4,22000,88000,Digital Wallet,Unknown
SUN-8244795,2023-03-31,Caramel Machiato,Drinks,DRK-04,3,38000,114000,Debit Card,Unknown
SUN-7403853,2023-03-14,Grill Chicken Caesar Salad,Food,FOD-04,2,42000,84000,Digital Wallet,Take Away
SUN-9350460,2023-03-21,Fudgy Brownies,Dessert,DST-02,3,25000,75000,Digital Wallet,Take Away
SUN-6653960,2023-05-01,Iced Americano,Drinks,DRK-02,3,28000,84000,Unknown,Online Order
SUN-4128079,2023-05-01,Nasi Goreng Kampung,Food,FOD-03,2,38000,76000,Unknown,Online Order
SUN-3526044,2023-05-05,Club Sandwich,Food,FOD-05,1,45000,45000,Debit Card,Online Order
SUN-8708922,2023-02-15,Cinnamon Roll,Dessert,DST-05,3,28000,84000,Cash,Take Away
SUN-9171720,2023-07-15,Cafe Latte,Drinks,DRK-03,3,32000,96000,Debit Card,Take Away
SUN-1672299,2023-06-21,Grill Chicken Caesar Salad,Food,FOD-04,4,42000,168000,Digital Wallet,Take Away
SUN-5850742,2023-06-01,Fudgy Brownies,Dessert,DST-02,3,25000,75000,Digital Wallet,Dine In
SUN-3992918,2023-09-09,Cafe Latte,Drinks,DRK-03,2,32000,64000,Debit Card,Take Away
SUN-4784415,2023-02-13,Nasi Goreng Kampung,Food,FOD-03,2,38000,76000,Digital Wallet,Online Order
SUN-9119211,2023-05-04,Iced Americano,Drinks,DRK-02,3,28000,84000,Digital Wallet,Unknown
SUN-4572938,2023-10-04,Grill Chicken Caesar Salad,Food,FOD-04,2,42000,84000,Unknown,Online Order
SUN-1647533,2023-12-05,New York Cheesecake,Dessert,DST-03,4,42000,168000,Debit Card,Unknown
SUN-1069414,2023-01-04,Grill Chicken Caesar Salad,Food,FOD-04,4,42000,168000,Cash,Take Away
SUN-7230101,2023-11-10,Creamy Maycha Latte,Drinks,DRK-05,1,35000,35000,Unknown,Take Away
SUN-4601578,2023-10-07,Choco Lava Cake,Dessert,DST-04,2,35000,70000,Debit Card,Dine In
SUN-4929088,2023-04-22,Iced Americano,Drinks,DRK-02,1,28000,28000,Debit Card,Dine In
SUN-6640839,2023-12-06,Iced Americano,Drinks,DRK-02,2,28000,56000,Debit Card,Take Away
SUN-3582009,2023-01-15,Espreso Single,Drinks,DRK-01,3,22000,66000,Digital Wallet,Dine In
SUN-1241899,2023-11-11,Iced Americano,Drinks,DRK-02,4,28000,112000,Cash,Take Away
SUN-1214622,2023-10-08,Classic Tirmaisu,Dessert,DST-01,3,38000,114000,Digital Wallet,Unknown
SUN-7789189,2023-07-26,Iced Americano,Drinks,DRK-02,3,28000,84000,Cash,Unknown
SUN-5496724,2023-03-29,Cinnamon Roll,Dessert,DST-05,4,28000,112000,Cash,Unknown
SUN-5371274,2023-04-17,Fudgy Brownies,Dessert,DST-02,2,25000,50000,Digital Wallet,Dine In
SUN-1170593,2023-05-02,Club Sandwich,Food,FOD-05,2,45000,90000,Digital Wallet,Online Order
SUN-5868816,2023-07-31,Cinnamon Roll,Dessert,DST-05,3,28000,84000,Digital Wallet,Online Order
SUN-4719071,2023-07-31,Cinnamon Roll,Dessert,DST-05,4,28000,112000,Unknown,Dine In
SUN-3727402,2023-11-14,Iced Americano,Drinks,DRK-02,4,28000,112000,Digital Wallet,Take Away
SUN-9768129,2023-12-31,New York Cheesecake,Dessert,DST-03,4,42000,168000,Cash,Dine In
SUN-2791772,2023-12-11,Cafe Latte,Drinks,DRK-03,,32000,,Debit Card,Online Order
SUN-8850396,2023-04-20,Cinnamon Roll,Dessert,DST-05,1,28000,28000,Debit Card,Dine In
SUN-6529683,2023-12-25,Cinnamon Roll,Dessert,DST-05,3,28000,84000,Debit Card,Take Away
SUN-1239222,2023-06-21,Grill Chicken Caesar Salad,Food,FOD-04,4,42000,168000,Digital Wallet,Take Away
SUN-1818372,2023-09-29,Caramel Machiato,Drinks,DRK-04,1,38000,38000,Digital Wallet,Dine In
SUN-3855344,2023-08-18,New York Cheesecake,Dessert,DST-03,4,42000,168000,Cash,Dine In
SUN-1516391,2023-06-21,Caramel Machiato,Drinks,DRK-04,1,38000,38000,Digital Wallet,Online Order
SUN-2204589,2023-09-07,Buttermilk Fried Chicken,Food,FOD-01,2,48000,96000,Cash,Take Away
SUN-9933281,2023-03-27,Club Sandwich,Food,FOD-05,1,45000,45000,Cash,Take Away
SUN-7435036,2023-03-19,Creamy Maycha Latte,Drinks,DRK-05,3,35000,105000,Debit Card,Take Away
SUN-8112166,2023-02-13,Cafe Latte,Drinks,DRK-03,4,32000,128000,Unknown,Dine In
SUN-9240153,2023-08-06,Classic Tirmaisu,Dessert,DST-01,3,38000,114000,Cash,Take Away
SUN-6347493,2023-10-29,Caramel Machiato,Drinks,DRK-04,2,38000,76000,Digital Wallet,Online Order
SUN-6733496,2023-07-18,Cinnamon Roll,Dessert,DST-05,1,28000,28000,Unknown,Take Away
SUN-5774342,2023-07-25,New York Cheesecake,Dessert,DST-03,2,42000,84000,Debit Card,Online Order
SUN-7756388,2023-08-29,Buttermilk Fried Chicken,Food,FOD-01,2,48000,96000,Unknown,Online Order
SUN-5297845,2023-11-27,Nasi Goreng Kampung,Food,FOD-03,3,38000,114000,Digital Wallet,Online Order
SUN-9264125,2023-02-11,Cinnamon Roll,Dessert,DST-05,2,28000,56000,Debit Card,Online Order
SUN-1403697,2023-08-12,Choco Lava Cake,Dessert,DST-04,1,35000,35000,Digital Wallet,Online Order
SUN-6973110,2023-02-16,Club Sandwich,Food,FOD-05,4,45000,180000,Debit Card,Online Order
SUN-7949478,2023-09-08,Espreso Single,Drinks,DRK-01,2,22000,44000,Debit Card,Take Away
SUN-6870116,2023-12-23,Creamy Maycha Latte,Drinks,DRK-05,4,35000,140000,Unknown,Online Order
SUN-1161783,2023-11-16,Choco Lava Cake,Dessert,DST-04,1,35000,35000,Digital Wallet,Take Away
SUN-8256596,2023-10-27,Caramel Machiato,Drinks,DRK-04,1,38000,38000,Debit Card,Dine In
SUN-8238570,2023-11-25,Cafe Latte,Drinks,DRK-03,1,32000,32000,Cash,Dine In
SUN-2725840,2023-10-30,Classic Tirmaisu,Dessert,DST-01,4,38000,152000,Unknown,Dine In
SUN-7393713,2023-11-04,Buttermilk Fried Chicken,Food,FOD-01,3,48000,144000,Debit Card,Online Order
SUN-7547970,2023-12-07,Fudgy Brownies,Dessert,DST-02,3,25000,75000,Cash,Dine In
SUN-6998441,2023-04-03,Beef Carbonara Pasta,Food,FOD-02,3,52000,156000,Digital Wallet,Online Order
SUN-8970002,2023-12-17,Grill Chicken Caesar Salad,Food,FOD-04,3,42000,126000,Digital Wallet,Dine In
SUN-2548043,2023-10-02,Fudgy Brownies,Dessert,DST-02,4,25000,100000,Digital Wallet,Dine In
SUN-4438297,2023-05-24,Espreso Single,Drinks,DRK-01,3,22000,66000,Digital Wallet,Dine In
SUN-9591737,2023-12-04,Nasi Goreng Kampung,Food,FOD-03,3,38000,114000,Debit Card,Online Order
SUN-6736525,2023-10-03,Creamy Maycha Latte,Drinks,DRK-05,4,35000,140000,Debit Card,Online Order
SUN-6671070,2023-12-25,Club Sandwich,Food,FOD-05,4,45000,180000,Digital Wallet,Unknown
SUN-9269266,2023-08-23,New York Cheesecake,Dessert,DST-03,3,42000,126000,Debit Card,Dine In
SUN-7522912,2023-12-29,Cinnamon Roll,Dessert,DST-05,3,28000,84000,Digital Wallet,Online Order
SUN-6641947,2023-07-24,Cafe Latte,Drinks,DRK-03,2,32000,64000,Digital Wallet,Take Away
SUN-7838933,2023-12-16,Espreso Single,Drinks,DRK-01,1,22000,22000,Unknown,Online Order
SUN-6079449,2023-09-05,Creamy Maycha Latte,Drinks,DRK-05,4,35000,140000,Cash,Take Away
SUN-6003074,2023-10-30,Grill Chicken Caesar Salad,Food,FOD-04,3,42000,126000,Debit Card,Dine In
SUN-7999880,2023-04-27,Espreso Single,Drinks,DRK-01,2,22000,44000,Debit Card,Dine In
SUN-6320931,2023-11-03,Choco Lava Cake,Dessert,DST-04,4,35000,140000,Unknown,Online Order
SUN-7351950,,Grill Chicken Caesar Salad,Food,FOD-04,4,42000,168000,Digital Wallet,Online Order
SUN-5285990,2023-05-24,Cafe Latte,Drinks,DRK-03,1,32000,32000,Debit Card,Online Order
SUN-6891981,2023-05-29,New York Cheesecake,Dessert,DST-03,3,42000,126000,Debit Card,Take Away
SUN-4142288,2023-09-06,Cinnamon Roll,Dessert,DST-05,1,28000,28000,Debit Card,Online Order
SUN-6773933,2023-02-24,Classic Tirmaisu,Dessert,DST-01,1,38000,38000,Unknown,Unknown
SUN-8574077,2023-12-27,New York Cheesecake,Dessert,DST-03,2,42000,84000,Cash,Unknown
SUN-8097896,2023-01-05,Beef Carbonara Pasta,Food,FOD-02,3,52000,156000,Cash,Unknown
SUN-3310391,2023-03-05,Beef Carbonara Pasta,Food,FOD-02,2,52000,104000,Digital Wallet,Dine In
SUN-8610940,2023-08-22,Fudgy Brownies,Dessert,DST-02,1,25000,25000,Digital Wallet,Take Away
SUN-6361977,2023-10-27,Beef Carbonara Pasta,Food,FOD-02,4,52000,208000,Debit Card,Dine In
SUN-4704871,2023-03-26,Grill Chicken Caesar Salad,Food,FOD-04,4,42000,168000,Unknown,Unknown
SUN-2860876,2023-08-21,Nasi Goreng Kampung,Food,FOD-03,2,38000,76000,Cash,Dine In
SUN-5569728,2023-12-15,Beef Carbonara Pasta,Food,FOD-02,3,52000,156000,Debit Card,Dine In
SUN-5174192,2023-02-28,Grill Chicken Caesar Salad,Food,FOD-04,3,42000,126000,Unknown,Dine In
SUN-4966169,2023-03-13,Caramel Machiato,Drinks,DRK-04,3,38000,114000,Debit Card,Take Away
SUN-8608993,2023-04-02,Creamy Maycha Latte,Drinks,DRK-05,3,35000,105000,Digital Wallet,Online Order
SUN-7489945,2023-04-26,Iced Americano,Drinks,DRK-02,4,28000,112000,Digital Wallet,Take Away
SUN-8702969,2023-08-05,Caramel Machiato,Drinks,DRK-04,4,38000,152000,Debit Card,Online Order
SUN-5022159,2023-12-26,Nasi Goreng Kampung,Food,FOD-03,4,38000,152000,Debit Card,Online Order
SUN-8780146,2023-10-27,Creamy Maycha Latte,Drinks,DRK-05,1,35000,35000,Unknown,Online Order
SUN-8631274,2023-07-09,Fudgy Brownies,Dessert,DST-02,4,25000,100000,Cash,Dine In
SUN-3214360,2023-08-16,Iced Americano,Drinks,DRK-02,3,28000,84000,Digital Wallet,Take Away
SUN-7407948,2023-12-03,Cafe Latte,Drinks,DRK-03,4,32000,128000,Debit Card,Take Away
SUN-9528812,2023-12-16,Club Sandwich,Food,FOD-05,4,45000,180000,Digital Wallet,Unknown
SUN-3041795,2023-10-13,Espreso Single,Drinks,DRK-01,4,22000,88000,Digital Wallet,Take Away
SUN-9144518,2023-10-19,Beef Carbonara Pasta,Food,FOD-02,3,52000,156000,Debit Card,Dine In
SUN-8760267,2023-02-13,Caramel Machiato,Drinks,DRK-04,4,38000,152000,Cash,Dine In
SUN-5918197,2023-04-23,Cafe Latte,Drinks,DRK-03,1,32000,32000,Debit Card,Online Order
SUN-7175075,2023-03-20,Club Sandwich,Food,FOD-05,1,45000,45000,Digital Wallet,Online Order
SUN-3820854,2023-10-23,Club Sandwich,Food,FOD-05,2,45000,90000,Unknown,Dine In
SUN-3001523,2023-05-22,Caramel Machiato,Drinks,DRK-04,1,38000,38000,Debit Card,Take Away
SUN-9297588,2023-01-23,Grill Chicken Caesar Salad,Food,FOD-04,4,42000,168000,Unknown,Take Away
SUN-1134907,2023-11-18,Choco Lava Cake,Dessert,DST-04,4,35000,140000,Debit Card,Online Order
SUN-1616577,2023-12-02,Cafe Latte,Drinks,DRK-03,,32000,,Debit Card,Online Order
SUN-7677679,2023-05-02,Fudgy Brownies,Dessert,DST-02,2,25000,50000,Digital Wallet,Dine In
SUN-2189905,2023-12-15,Creamy Maycha Latte,Drinks,DRK-05,3,35000,105000,Debit Card,Online Order
SUN-8137417,2023-06-19,Creamy Maycha Latte,Drinks,DRK-05,3,35000,105000,Debit Card,Online Order
SUN-1393568,2023-04-27,Fudgy Brownies,Dessert,DST-02,,25000,,Debit Card,Online Order
SUN-7046683,2023-06-25,Espreso Single,Drinks,DRK-01,2,22000,44000,Debit Card,Take Away
SUN-1037570,2023-07-06,Grill Chicken Caesar Salad,Food,FOD-04,2,42000,84000,Debit Card,Dine In
SUN-7653317,2023-04-29,Caramel Machiato,Drinks,DRK-04,3,38000,114000,Unknown,Dine In
SUN-7113720,2023-08-22,Fudgy Brownies,Dessert,DST-02,1,25000,25000,Debit Card,Dine In
SUN-9292484,2023-10-15,Classic Tirmaisu,Dessert,DST-01,4,38000,152000,Cash,Unknown
SUN-5312555,2023-11-04,Grill Chicken Caesar Salad,Food,FOD-04,3,42000,126000,Cash,Take Away
SUN-5792760,2023-01-21,Grill Chicken Caesar Salad,Food,FOD-04,4,42000,168000,Unknown,Online Order
SUN-6680352,2023-05-23,Cafe Latte,Drinks,DRK-03,3,32000,96000,Digital Wallet,Dine In
SUN-9188546,2023-03-24,Grill Chicken Caesar Salad,Food,FOD-04,2,42000,84000,Digital Wallet,Online Order
SUN-1335140,2023-11-16,Cafe Latte,Drinks,DRK-03,3,32000,96000,Digital Wallet,Unknown
SUN-2958008,2023-10-29,Cinnamon Roll,Dessert,DST-05,1,28000,28000,Digital Wallet,Take Away
SUN-4504277,2023-04-13,Buttermilk Fried Chicken,Food,FOD-01,1,48000,48000,Cash,Dine In
SUN-7739255,2023-08-13,Iced Americano,Drinks,DRK-02,3,28000,84000,Cash,Dine In
SUN-8024691,2023-03-15,Fudgy Brownies,Dessert,DST-02,1,25000,25000,Cash,Unknown
SUN-3613119,2023-07-06,Classic Tirmaisu,Dessert,DST-01,2,38000,76000,Unknown,Dine In
SUN-3018450,2023-12-22,Nasi Goreng Kampung,Food,FOD-03,1,38000,38000,Debit Card,Online Order
SUN-5221100,2023-05-15,Buttermilk Fried Chicken,Food,FOD-01,4,48000,192000,Debit Card,Online Order
SUN-7754531,2023-03-29,Grill Chicken Caesar Salad,Food,FOD-04,3,42000,126000,Debit Card,Online Order
SUN-4021694,2023-02-17,Iced Americano,Drinks,DRK-02,4,28000,112000,Unknown,Dine In
SUN-9307978,2023-05-10,Caramel Machiato,Drinks,DRK-04,1,38000,38000,Unknown,Dine In
SUN-1292534,2023-06-16,Choco Lava Cake,Dessert,DST-04,3,35000,105000,Unknown,Take Away
SUN-9984213,2023-09-04,Cinnamon Roll,Dessert,DST-05,1,28000,28000,Debit Card,Take Away
SUN-4418012,2023-12-27,Fudgy Brownies,Dessert,DST-02,3,25000,75000,Digital Wallet,Unknown
SUN-3845122,2023-05-01,New York Cheesecake,Dessert,DST-03,2,42000,84000,Debit Card,Dine In
SUN-4453192,2023-08-06,Nasi Goreng Kampung,Food,FOD-03,3,38000,114000,Digital Wallet,Online Order
SUN-9228930,2023-12-26,Classic Tirmaisu,Dessert,DST-01,2,38000,76000,Debit Card,Dine In
SUN-5459758,2023-07-30,Creamy Maycha Latte,Drinks,DRK-05,3,35000,105000,Debit Card,Online Order
SUN-3370919,2023-07-20,Grill Chicken Caesar Salad,Food,FOD-04,4,42000,168000,Debit Card,Online Order
SUN-2625850,2023-12-28,Buttermilk Fried Chicken,Food,FOD-01,1,48000,48000,Debit Card,Dine In
SUN-5166332,2023-12-19,Nasi Goreng Kampung,Food,FOD-03,3,38000,114000,Debit Card,Take Away
SUN-3476802,2023-11-20,Grill Chicken Caesar Salad,Food,FOD-04,4,42000,168000,Debit Card,Dine In
SUN-2386650,2023-03-11,New York Cheesecake,Dessert,DST-03,1,42000,42000,Debit Card,Dine In
SUN-4521570,2023-12-31,Espreso Single,Drinks,DRK-01,2,22000,44000,Debit Card,Dine In
SUN-3277728,2023-10-17,Iced Americano,Drinks,DRK-02,3,28000,84000,Unknown,Dine In
SUN-7602230,2023-12-15,Espreso Single,Drinks,DRK-01,1,22000,22000,Digital Wallet,Take Away
SUN-7358148,2023-05-27,Nasi Goreng Kampung,Food,FOD-03,4,38000,152000,Digital Wallet,Dine In
SUN-2606473,2023-09-01,Cafe Latte,Drinks,DRK-03,2,32000,64000,Cash,Unknown
SUN-7975432,2023-11-04,Classic Tirmaisu,Dessert,DST-01,3,38000,114000,Digital Wallet,Online Order
SUN-6968520,2023-04-22,Espreso Single,Drinks,DRK-01,3,22000,66000,Debit Card,Online Order
SUN-8823374,2023-10-31,Classic Tirmaisu,Dessert,DST-01,1,38000,38000,Debit Card,Online Order
SUN-5571112,2023-08-18,Caramel Machiato,Drinks,DRK-04,2,38000,76000,Digital Wallet,Take Away
SUN-9833292,2023-12-19,Classic Tirmaisu,Dessert,DST-01,3,38000,114000,Debit Card,Online Order
SUN-5085742,2023-05-08,New York Cheesecake,Dessert,DST-03,1,42000,42000,Cash,Dine In
SUN-6570917,2023-05-06,Caramel Machiato,Drinks,DRK-04,2,38000,76000,Digital Wallet,Unknown
SUN-5845425,2023-10-23,New York Cheesecake,Dessert,DST-03,3,42000,126000,Cash,Take Away
SUN-6800099,2023-01-17,Buttermilk Fried Chicken,Food,FOD-01,3,48000,144000,Unknown,Unknown
SUN-6640205,2023-02-20,Creamy Maycha Latte,Drinks,DRK-05,3,35000,105000,Digital Wallet,Online Order
SUN-8680735,2023-03-05,Buttermilk Fried Chicken,Food,FOD-01,2,48000,96000,Digital Wallet,Dine In
SUN-7405528,2023-06-18,Fudgy Brownies,Dessert,DST-02,4,25000,100000,Debit Card,Dine In
SUN-6335026,2023-05-20,Espreso Single,Drinks,DRK-01,1,22000,22000,Cash,Unknown
SUN-9820556,2023-11-03,Creamy Maycha Latte,Drinks,DRK-05,1,35000,35000,Digital Wallet,Dine In
SUN-5494799,2023-12-18,Nasi Goreng Kampung,Food,FOD-03,2,38000,76000,Digital Wallet,Dine In
SUN-9144570,2023-06-15,Buttermilk Fried Chicken,Food,FOD-01,2,48000,96000,Debit Card,Take Away
SUN-2449635,2023-07-28,Beef Carbonara Pasta,Food,FOD-02,3,52000,156000,Debit Card,Dine In
SUN-8617691,2023-08-08,Buttermilk Fried Chicken,Food,FOD-01,1,48000,48000,Cash,Unknown
SUN-6602138,2023-05-26,Grill Chicken Caesar Salad,Food,FOD-04,4,42000,168000,Digital Wallet,Online Order
SUN-6504878,2023-02-05,New York Cheesecake,Dessert,DST-03,2,42000,84000,Debit Card,Take Away
SUN-6867891,2023-11-15,Caramel Machiato,Drinks,DRK-04,1,38000,38000,Digital Wallet,Dine In
SUN-8653238,2023-04-15,Espreso Single,Drinks,DRK-01,1,22000,22000,Digital Wallet,Take Away
SUN-6926896,2023-09-24,New York Cheesecake,Dessert,DST-03,1,42000,42000,Digital Wallet,Unknown
SUN-3010311,2023-12-15,Buttermilk Fried Chicken,Food,FOD-01,2,48000,96000,Debit Card,Online Order
SUN-3330623,2023-08-27,Nasi Goreng Kampung,Food,FOD-03,2,38000,76000,Debit Card,Unknown
SUN-8848256,2023-08-28,Grill Chicken Caesar Salad,Food,FOD-04,3,42000,126000,Unknown,Unknown
SUN-7935190,2023-09-14,Caramel Machiato,Drinks,DRK-04,3,38000,114000,Cash,Dine In
SUN-9141573,2023-05-14,Choco Lava Cake,Dessert,DST-04,1,35000,35000,Debit Card,Dine In
SUN-2834959,2023-09-10,New York Cheesecake,Dessert,DST-03,2,42000,84000,Debit Card,Dine In
SUN-5047791,2023-07-08,Beef Carbonara Pasta,Food,FOD-02,4,52000,208000,Cash,Dine In
SUN-6692224,2023-10-13,Buttermilk Fried Chicken,Food,FOD-01,1,48000,48000,Debit Card,Take Away
SUN-9141878,2023-10-10,Club Sandwich,Food,FOD-05,1,45000,45000,Cash,Dine In
SUN-4690954,2023-08-04,Espreso Single,Drinks,DRK-01,4,22000,88000,Digital Wallet,Online Order
SUN-5991530,2023-10-15,Club Sandwich,Food,FOD-05,2,45000,90000,Debit Card,Take Away
SUN-5511594,2023-01-19,Creamy Maycha Latte,Drinks,DRK-05,2,35000,70000,Cash,Take Away
SUN-7219890,2023-10-30,Beef Carbonara Pasta,Food,FOD-02,3,52000,156000,Digital Wallet,Online Order
SUN-5870370,2023-12-17,Creamy Maycha Latte,Drinks,DRK-05,3,35000,105000,Digital Wallet,Take Away
SUN-7035040,2023-04-16,Espreso Single,Drinks,DRK-01,4,22000,88000,Debit Card,Take Away
SUN-3772823,2023-07-31,Grill Chicken Caesar Salad,Food,FOD-04,1,42000,42000,Unknown,Online Order
SUN-6116033,2023-03-28,Choco Lava Cake,Dessert,DST-04,2,35000,70000,Cash,Dine In
SUN-7269137,2023-07-21,Creamy Maycha Latte,Drinks,DRK-05,2,35000,70000,Digital Wallet,Dine In
SUN-5683181,2023-08-22,Grill Chicken Caesar Salad,Food,FOD-04,1,42000,42000,Cash,Dine In
SUN-5012841,2023-11-28,Buttermilk Fried Chicken,Food,FOD-01,3,48000,144000,Digital Wallet,Unknown
SUN-5017421,2023-07-12,Nasi Goreng Kampung,Food,FOD-03,4,38000,152000,Digital Wallet,Dine In
SUN-6099412,2023-08-18,New York Cheesecake,Dessert,DST-03,1,42000,42000,Digital Wallet,Dine In
SUN-7738955,2023-07-26,Club Sandwich,Food,FOD-05,4,45000,180000,Unknown,Take Away
SUN-5903700,2023-12-02,Classic Tirmaisu,Dessert,DST-01,1,38000,38000,Unknown,Take Away
SUN-8639958,2023-03-20,Club Sandwich,Food,FOD-05,2,45000,90000,Unknown,Take Away
SUN-3391639,2023-03-10,Cinnamon Roll,Dessert,DST-05,2,28000,56000,Digital Wallet,Take Away
SUN-5503244,2023-04-27,Nasi Goreng Kampung,Food,FOD-03,4,38000,152000,Digital Wallet,Unknown
SUN-8606827,2023-05-21,Espreso Single,Drinks,DRK-01,4,22000,88000,Unknown,Take Away
SUN-5593162,2023-10-02,Nasi Goreng Kampung,Food,FOD-03,4,38000,152000,Digital Wallet,Unknown
SUN-6622852,2023-02-04,Choco Lava Cake,Dessert,DST-04,2,35000,70000,Digital Wallet,Take Away
SUN-3277500,2023-05-11,Buttermilk Fried Chicken,Food,FOD-01,1,48000,48000,Unknown,Unknown
SUN-5848281,2023-02-02,Classic Tirmaisu,Dessert,DST-01,2,38000,76000,Unknown,Take Away
SUN-5124912,2023-10-04,Cafe Latte,Drinks,DRK-03,4,32000,128000,Digital Wallet,Dine In
SUN-7719207,2023-05-16,Creamy Maycha Latte,Drinks,DRK-05,3,35000,105000,Debit Card,Dine In
SUN-7738322,2023-01-18,Grill Chicken Caesar Salad,Food,FOD-04,1,42000,42000,Debit Card,Online Order
SUN-6241043,2023-09-14,Creamy Maycha Latte,Drinks,DRK-05,1,35000,35000,Digital Wallet,Take Away
SUN-7083043,2023-12-14,Creamy Maycha Latte,Drinks,DRK-05,2,35000,70000,Cash,Take Away
SUN-9858424,2023-05-08,Classic Tirmaisu,Dessert,DST-01,1,38000,38000,Digital Wallet,Online Order
SUN-8469764,2023-03-17,Buttermilk Fried Chicken,Food,FOD-01,2,48000,96000,Cash,Take Away
SUN-8732450,2023-08-26,Caramel Machiato,Drinks,DRK-04,3,38000,114000,Digital Wallet,Take Away
SUN-6918647,2023-06-24,Caramel Machiato,Drinks,DRK-04,4,38000,152000,Unknown,Online Order
SUN-3980263,2023-01-01,Classic Tirmaisu,Dessert,DST-01,3,38000,114000,Digital Wallet,Online Order
SUN-6200925,2023-12-03,Club Sandwich,Food,FOD-05,4,45000,180000,Cash,Dine In
SUN-9948759,2023-02-18,Espreso Single,Drinks,DRK-01,2,22000,44000,Unknown,Dine In
SUN-2705597,2023-04-03,Cafe Latte,Drinks,DRK-03,4,32000,128000,Digital Wallet,Dine In
SUN-7075970,2023-05-15,Classic Tirmaisu,Dessert,DST-01,4,38000,152000,Digital Wallet,Dine In
SUN-4193414,2023-03-24,Club Sandwich,Food,FOD-05,3,45000,135000,Cash,Take Away
SUN-4798691,2023-08-02,Grill Chicken Caesar Salad,Food,FOD-04,,42000,,Digital Wallet,Take Away
SUN-6616020,2023-12-26,Fudgy Brownies,Dessert,DST-02,4,25000,100000,Debit Card,Unknown
SUN-7915517,2023-09-23,Caramel Machiato,Drinks,DRK-04,1,38000,38000,Debit Card,Take Away
SUN-4576426,2023-11-27,Beef Carbonara Pasta,Food,FOD-02,4,52000,208000,Debit Card,Online Order
SUN-2958282,2023-06-23,Nasi Goreng Kampung,Food,FOD-03,3,38000,114000,Cash,Take Away
SUN-6409283,2023-07-14,Buttermilk Fried Chicken,Food,FOD-01,1,48000,48000,Digital Wallet,Online Order
SUN-1876344,2023-05-14,Espreso Single,Drinks,DRK-01,1,22000,22000,Debit Card,Dine In
SUN-2594801,2023-01-23,Creamy Maycha Latte,Drinks,DRK-05,4,35000,140000,Digital Wallet,Unknown
SUN-8012911,2023-09-03,Club Sandwich,Food,FOD-05,1,45000,45000,Digital Wallet,Online Order
SUN-3111034,2023-08-09,Cafe Latte,Drinks,DRK-03,2,32000,64000,Unknown,Online Order
SUN-9696043,2023-01-11,Grill Chicken Caesar Salad,Food,FOD-04,3,42000,126000,Debit Card,Online Order
SUN-1241830,2023-04-02,Classic Tirmaisu,Dessert,DST-01,3,38000,114000,Digital Wallet,Take Away
SUN-3923230,2023-01-05,Buttermilk Fried Chicken,Food,FOD-01,2,48000,96000,Debit Card,Online Order
SUN-7090366,2023-03-20,Club Sandwich,Food,FOD-05,1,45000,45000,Digital Wallet,Dine In
SUN-1586855,2023-09-14,Grill Chicken Caesar Salad,Food,FOD-04,2,42000,84000,Digital Wallet,Online Order
SUN-8827833,2023-12-07,Cafe Latte,Drinks,DRK-03,3,32000,96000,Cash,Dine In
SUN-5144353,2023-09-15,Club Sandwich,Food,FOD-05,4,45000,180000,Cash,Unknown
SUN-9483836,2023-08-15,Beef Carbonara Pasta,Food,FOD-02,3,52000,156000,Cash,Take Away
SUN-8621947,2023-11-28,Caramel Machiato,Drinks,DRK-04,3,38000,114000,Debit Card,Take Away
SUN-9510340,2023-06-12,Caramel Machiato,Drinks,DRK-04,3,38000,114000,Cash,Dine In
SUN-3745255,2023-06-06,Classic Tirmaisu,Dessert,DST-01,,38000,,Digital Wallet,Online Order
SUN-5421588,2023-01-23,Fudgy Brownies,Dessert,DST-02,3,25000,75000,Unknown,Online Order
SUN-4410178,2023-06-30,Nasi Goreng Kampung,Food,FOD-03,3,38000,114000,Unknown,Take Away
SUN-2172037,2023-05-16,Buttermilk Fried Chicken,Food,FOD-01,2,48000,96000,Debit Card,Unknown
SUN-6095397,2023-07-09,Cinnamon Roll,Dessert,DST-05,2,28000,56000,Debit Card,Dine In
SUN-5124489,2023-11-12,Fudgy Brownies,Dessert,DST-02,1,25000,25000,Unknown,Online Order
SUN-1624844,2023-02-23,Classic Tirmaisu,Dessert,DST-01,3,38000,114000,Cash,Take Away
SUN-5841359,2023-04-21,Beef Carbonara Pasta,Food,FOD-02,2,52000,104000,Debit Card,Unknown
SUN-9300720,2023-03-02,Choco Lava Cake,Dessert,DST-04,4,35000,140000,Unknown,Unknown
SUN-3807095,2023-04-28,Nasi Goreng Kampung,Food,FOD-03,2,38000,76000,Debit Card,Take Away
SUN-6938115,2023-05-02,Iced Americano,Drinks,DRK-02,2,28000,56000,Cash,Dine In
SUN-9416379,2023-08-10,Caramel Machiato,Drinks,DRK-04,1,38000,38000,Debit Card,Online Order
SUN-7577459,2023-09-01,Caramel Machiato,Drinks,DRK-04,1,38000,38000,Debit Card,Online Order
SUN-9641607,2023-04-03,Caramel Machiato,Drinks,DRK-04,1,38000,38000,Digital Wallet,Unknown
SUN-2025287,2023-04-10,Iced Americano,Drinks,DRK-02,4,28000,112000,Unknown,Dine In
SUN-2813787,2023-07-23,Iced Americano,Drinks,DRK-02,2,28000,56000,Digital Wallet,Online Order
SUN-7914376,2023-10-10,Buttermilk Fried Chicken,Food,FOD-01,3,48000,144000,Cash,Take Away
SUN-1951111,2023-10-08,New York Cheesecake,Dessert,DST-03,2,42000,84000,Cash,Dine In
SUN-3124802,2023-05-09,Beef Carbonara Pasta,Food,FOD-02,1,52000,52000,Cash,Take Away
SUN-9724703,2023-04-15,New York Cheesecake,Dessert,DST-03,3,42000,126000,Debit Card,Take Away
SUN-4689519,2023-03-21,Classic Tirmaisu,Dessert,DST-01,3,38000,114000,Debit Card,Take Away
SUN-7687544,2023-06-22,Cafe Latte,Drinks,DRK-03,4,32000,128000,Debit Card,Online Order
SUN-1226940,2023-08-07,Espreso Single,Drinks,DRK-01,3,22000,66000,Unknown,Dine In
SUN-6578838,2023-07-30,Creamy Maycha Latte,Drinks,DRK-05,1,35000,35000,Digital Wallet,Dine In
SUN-9337852,2023-11-13,Caramel Machiato,Drinks,DRK-04,1,38000,38000,Cash,Take Away
SUN-7291042,2023-05-13,Fudgy Brownies,Dessert,DST-02,3,25000,75000,Cash,Take Away
SUN-5957997,2023-07-01,Cafe Latte,Drinks,DRK-03,2,32000,64000,Cash,Take Away
SUN-5085523,2023-03-23,Creamy Maycha Latte,Drinks,DRK-05,3,35000,105000,Debit Card,Dine In
SUN-1549994,2023-06-11,New York Cheesecake,Dessert,DST-03,4,42000,168000,Digital Wallet,Take Away
SUN-3029462,2023-02-11,Buttermilk Fried Chicken,Food,FOD-01,2,48000,96000,Debit Card,Online Order
SUN-6863575,2023-06-14,Buttermilk Fried Chicken,Food,FOD-01,3,48000,144000,Digital Wallet,Take Away
SUN-8296354,2023-07-26,Nasi Goreng Kampung,Food,FOD-03,2,38000,76000,Unknown,Dine In
SUN-9661909,2023-01-26,Espreso Single,Drinks,DRK-01,4,22000,88000,Digital Wallet,Unknown
SUN-6585417,2023-12-09,Fudgy Brownies,Dessert,DST-02,4,25000,100000,Digital Wallet,Dine In
SUN-3436205,2023-01-15,Espreso Single,Drinks,DRK-01,2,22000,44000,Unknown,Online Order
SUN-4593153,2023-01-07,Club Sandwich,Food,FOD-05,3,45000,135000,Cash,Take Away
SUN-9587007,2023-01-28,Choco Lava Cake,Dessert,DST-04,1,35000,35000,Cash,Dine In
SUN-3325974,2023-11-12,Nasi Goreng Kampung,Food,FOD-03,2,38000,76000,Debit Card,Dine In
SUN-7510582,2023-10-10,Espreso Single,Drinks,DRK-01,4,22000,88000,Debit Card,Take Away
SUN-5270918,2023-12-18,Caramel Machiato,Drinks,DRK-04,2,38000,76000,Digital Wallet,Unknown
SUN-3636403,2023-08-18,Beef Carbonara Pasta,Food,FOD-02,4,52000,208000,Digital Wallet,Online Order
SUN-5553337,2023-07-17,Caramel Machiato,Drinks,DRK-04,2,38000,76000,Digital Wallet,Online Order
SUN-4928720,2023-05-17,Nasi Goreng Kampung,Food,FOD-03,3,38000,114000,Unknown,Online Order
SUN-5449056,2023-12-20,Grill Chicken Caesar Salad,Food,FOD-04,2,42000,84000,Unknown,Take Away
SUN-4672127,2023-08-21,Iced Americano,Drinks,DRK-02,3,28000,84000,Digital Wallet,Online Order
SUN-3785669,2023-09-15,New York Cheesecake,Dessert,DST-03,4,42000,168000,Unknown,Unknown
SUN-5882429,2023-06-10,Club Sandwich,Food,FOD-05,3,45000,135000,Unknown,Take Away
SUN-6975505,2023-07-19,Choco Lava Cake,Dessert,DST-04,1,35000,35000,Unknown,Dine In
SUN-3677578,2023-10-31,Cafe Latte,Drinks,DRK-03,3,32000,96000,Cash,Dine In
SUN-8753267,2023-06-19,Classic Tirmaisu,Dessert,DST-01,3,38000,114000,Digital Wallet,Take Away
SUN-6452176,2023-09-01,Espreso Single,Drinks,DRK-01,4,22000,88000,Digital Wallet,Take Away
SUN-8649166,2023-06-20,Beef Carbonara Pasta,Food,FOD-02,2,52000,104000,Cash,Take Away
SUN-4420679,2023-10-06,Creamy Maycha Latte,Drinks,DRK-05,2,35000,70000,Cash,Dine In
SUN-4145661,2023-09-06,Creamy Maycha Latte,Drinks,DRK-05,3,35000,105000,Digital Wallet,Online Order
SUN-9039407,2023-08-18,Cafe Latte,Drinks,DRK-03,3,32000,96000,Cash,Take Away
SUN-2153188,2023-03-27,Cafe Latte,Drinks,DRK-03,3,32000,96000,Debit Card,Take Away
SUN-1968981,2023-04-07,Beef Carbonara Pasta,Food,FOD-02,2,52000,104000,Unknown,Online Order
SUN-2514082,2023-09-19,Club Sandwich,Food,FOD-05,1,45000,45000,Digital Wallet,Online Order
SUN-6439418,2023-03-16,Iced Americano,Drinks,DRK-02,3,28000,84000,Digital Wallet,Dine In
SUN-3041526,2023-06-29,New York Cheesecake,Dessert,DST-03,4,42000,168000,Cash,Dine In
SUN-2201099,2023-06-20,Choco Lava Cake,Dessert,DST-04,2,35000,70000,Digital Wallet,Unknown
SUN-6260931,2023-09-04,Nasi Goreng Kampung,Food,FOD-03,3,38000,114000,Debit Card,Unknown
SUN-4765938,2023-01-29,Grill Chicken Caesar Salad,Food,FOD-04,2,42000,84000,Debit Card,Unknown
SUN-4373547,,Nasi Goreng Kampung,Food,FOD-03,2,38000,76000,Cash,Dine In
SUN-9359463,2023-06-06,Fudgy Brownies,Dessert,DST-02,4,25000,100000,Digital Wallet,Take Away
SUN-7588770,2023-03-27,Iced Americano,Drinks,DRK-02,1,28000,28000,Debit Card,Take Away
SUN-7246542,2023-09-14,Club Sandwich,Food,FOD-05,4,45000,180000,Digital Wallet,Dine In
SUN-9321715,2023-05-28,Grill Chicken Caesar Salad,Food,FOD-04,1,42000,42000,Unknown,Take Away
SUN-5115047,2023-02-10,Club Sandwich,Food,FOD-05,1,45000,45000,Unknown,Unknown
SUN-3353111,2023-04-11,Classic Tirmaisu,Dessert,DST-01,4,38000,152000,Digital Wallet,Take Away
SUN-2708726,2023-06-25,Cinnamon Roll,Dessert,DST-05,1,28000,28000,Cash,Take Away
SUN-5536657,2023-01-20,Classic Tirmaisu,Dessert,DST-01,3,38000,114000,Cash,Take Away
SUN-2008497,2023-07-12,New York Cheesecake,Dessert,DST-03,1,42000,42000,Cash,Unknown
SUN-2650488,2023-08-16,Espreso Single,Drinks,DRK-01,2,22000,44000,Cash,Take Away
SUN-5717081,2023-05-04,Buttermilk Fried Chicken,Food,FOD-01,4,48000,192000,Digital Wallet,Unknown
SUN-4945429,2023-08-18,Espreso Single,Drinks,DRK-01,4,22000,88000,Debit Card,Online Order
SUN-8512315,2023-08-16,Choco Lava Cake,Dessert,DST-04,4,35000,140000,Digital Wallet,Dine In
SUN-9080689,2023-12-31,Beef Carbonara Pasta,Food,FOD-02,2,52000,104000,Unknown,Take Away
SUN-6604384,2023-07-28,Club Sandwich,Food,FOD-05,3,45000,135000,Unknown,Take Away
SUN-2313831,2023-08-08,Iced Americano,Drinks,DRK-02,1,28000,28000,Unknown,Unknown
SUN-4639488,2023-08-22,Grill Chicken Caesar Salad,Food,FOD-04,3,42000,126000,Debit Card,Take Away
SUN-1572514,,Cafe Latte,Drinks,DRK-03,3,32000,96000,Digital Wallet,Online Order
SUN-6320071,2023-01-24,Iced Americano,Drinks,DRK-02,1,28000,28000,Digital Wallet,Online Order
SUN-6185937,2023-11-25,Creamy Maycha Latte,Drinks,DRK-05,3,35000,105000,Debit Card,Online Order
SUN-7710958,2023-05-27,Fudgy Brownies,Dessert,DST-02,1,25000,25000,Debit Card,Unknown
SUN-4531119,2023-01-06,Beef Carbonara Pasta,Food,FOD-02,3,52000,156000,Digital Wallet,Dine In
SUN-7954666,2023-03-04,Caramel Machiato,Drinks,DRK-04,4,38000,152000,Digital Wallet,Dine In
SUN-1053136,2023-04-21,Buttermilk Fried Chicken,Food,FOD-01,3,48000,144000,Cash,Dine In
SUN-5115206,2023-09-12,Choco Lava Cake,Dessert,DST-04,2,35000,70000,Digital Wallet,Online Order
SUN-7570580,2023-10-02,Buttermilk Fried Chicken,Food,FOD-01,1,48000,48000,Cash,Take Away
SUN-7238467,2023-10-21,Caramel Machiato,Drinks,DRK-04,4,38000,152000,Unknown,Unknown
SUN-6800340,2023-02-28,Cinnamon Roll,Dessert,DST-05,2,28000,56000,Debit Card,Take Away
SUN-8653783,2023-07-15,Club Sandwich,Food,FOD-05,1,45000,45000,Debit Card,Take Away
SUN-7657793,2023-05-12,Buttermilk Fried Chicken,Food,FOD-01,4,48000,192000,Cash,Unknown
SUN-2280642,2023-03-29,Fudgy Brownies,Dessert,DST-02,2,25000,50000,Debit Card,Take Away
SUN-6487682,2023-11-06,Fudgy Brownies,Dessert,DST-02,3,25000,75000,Digital Wallet,Take Away
SUN-6504631,2023-09-12,Espreso Single,Drinks,DRK-01,4,22000,88000,Digital Wallet,Take Away
SUN-9933166,2023-05-06,Fudgy Brownies,Dessert,DST-02,3,25000,75000,Digital Wallet,Dine In
SUN-3464415,2023-02-01,Grill Chicken Caesar Salad,Food,FOD-04,1,42000,42000,Debit Card,Dine In
SUN-8275109,2023-03-30,Club Sandwich,Food,FOD-05,4,45000,180000,Debit Card,Dine In
SUN-6987030,2023-06-20,Caramel Machiato,Drinks,DRK-04,3,38000,114000,Cash,Take Away
SUN-7276505,2023-11-22,Iced Americano,Drinks,DRK-02,4,28000,112000,Digital Wallet,Online Order
SUN-2318099,2023-10-20,Nasi Goreng Kampung,Food,FOD-03,4,38000,152000,Digital Wallet,Dine In
SUN-5507071,2023-01-29,Classic Tirmaisu,Dessert,DST-01,2,38000,76000,Cash,Take Away
SUN-8675182,2023-01-08,Cinnamon Roll,Dessert,DST-05,3,28000,84000,Digital Wallet,Online Order
SUN-2320848,2023-11-09,Espreso Single,Drinks,DRK-01,2,22000,44000,Debit Card,Dine In
SUN-4923389,2023-05-21,New York Cheesecake,Dessert,DST-03,4,42000,168000,Unknown,Dine In
SUN-5470941,2023-04-26,Classic Tirmaisu,Dessert,DST-01,2,38000,76000,Cash,Take Away
SUN-9140920,2023-10-15,Club Sandwich,Food,FOD-05,2,45000,90000,Digital Wallet,Take Away
SUN-8886843,2023-03-17,New York Cheesecake,Dessert,DST-03,2,42000,84000,Debit Card,Take Away
SUN-2798648,2023-10-03,Espreso Single,Drinks,DRK-01,4,22000,88000,Debit Card,Unknown
SUN-3151199,2023-06-28,Caramel Machiato,Drinks,DRK-04,3,38000,114000,Debit Card,Online Order
SUN-1051086,2023-02-27,Creamy Maycha Latte,Drinks,DRK-05,1,35000,35000,Debit Card,Online Order
SUN-3727919,2023-06-26,Classic Tirmaisu,Dessert,DST-01,,38000,,Unknown,Take Away
SUN-4771301,2023-10-26,Caramel Machiato,Drinks,DRK-04,4,38000,152000,Digital Wallet,Online Order
SUN-6007515,2023-12-19,Fudgy Brownies,Dessert,DST-02,1,25000,25000,Debit Card,Online Order
SUN-6367081,2023-08-12,Creamy Maycha Latte,Drinks,DRK-05,3,35000,105000,Debit Card,Online Order
SUN-3325399,2023-10-02,Classic Tirmaisu,Dessert,DST-01,2,38000,76000,Unknown,Dine In
SUN-5087449,2023-04-02,Classic Tirmaisu,Dessert,DST-01,2,38000,76000,Debit Card,Unknown
SUN-6965445,2023-06-17,Espreso Single,Drinks,DRK-01,3,22000,66000,Cash,Take Away
SUN-8102008,2023-03-27,Club Sandwich,Food,FOD-05,4,45000,180000,Debit Card,Online Order
SUN-9644344,2023-07-24,Creamy Maycha Latte,Drinks,DRK-05,3,35000,105000,Debit Card,Take Away
SUN-1856740,2023-05-30,Creamy Maycha Latte,Drinks,DRK-05,4,35000,140000,Digital Wallet,Dine In
SUN-6535772,2023-04-27,New York Cheesecake,Dessert,DST-03,4,42000,168000,Digital Wallet,Online Order
SUN-5366381,2023-02-24,Grill Chicken Caesar Salad,Food,FOD-04,1,42000,42000,Unknown,Online Order
SUN-2567088,2023-12-25,Cafe Latte,Drinks,DRK-03,3,32000,96000,Debit Card,Online Order
SUN-2985156,2023-08-25,Nasi Goreng Kampung,Food,FOD-03,2,38000,76000,Cash,Dine In
SUN-5306472,2023-05-21,Choco Lava Cake,Dessert,DST-04,,35000,,Debit Card,Take Away
SUN-8659123,2023-04-17,Creamy Maycha Latte,Drinks,DRK-05,3,35000,105000,Debit Card,Dine In
SUN-1243191,2023-11-20,Grill Chicken Caesar Salad,Food,FOD-04,4,42000,168000,Debit Card,Unknown
SUN-5469634,2023-03-06,Nasi Goreng Kampung,Food,FOD-03,4,38000,152000,Debit Card,Dine In
SUN-9451124,2023-08-28,Creamy Maycha Latte,Drinks,DRK-05,2,35000,70000,Debit Card,Dine In
SUN-7713525,2023-07-16,Fudgy Brownies,Dessert,DST-02,3,25000,75000,Cash,Take Away
SUN-5191501,2023-12-01,Fudgy Brownies,Dessert,DST-02,2,25000,50000,Debit Card,Dine In
SUN-8072364,2023-11-04,Nasi Goreng Kampung,Food,FOD-03,2,38000,76000,Debit Card,Online Order
SUN-3476689,2023-05-10,Creamy Maycha Latte,Drinks,DRK-05,1,35000,35000,Digital Wallet,Unknown
SUN-8892075,2023-08-17,Iced Americano,Drinks,DRK-02,3,28000,84000,Debit Card,Take Away
SUN-7684837,2023-06-02,Beef Carbonara Pasta,Food,FOD-02,4,52000,208000,Debit Card,Dine In
SUN-3590050,2023-01-10,Buttermilk Fried Chicken,Food,FOD-01,2,48000,96000,Debit Card,Dine In
SUN-7469743,2023-05-15,Espreso Single,Drinks,DRK-01,4,22000,88000,Digital Wallet,Online Order
SUN-9882966,2023-07-26,Beef Carbonara Pasta,Food,FOD-02,1,52000,52000,Cash,Take Away
SUN-9042224,2023-10-29,Beef Carbonara Pasta,Food,FOD-02,4,52000,208000,Debit Card,Online Order
SUN-7407832,2023-12-31,Fudgy Brownies,Dessert,DST-02,4,25000,100000,Debit Card,Dine In
SUN-8910573,2023-12-14,Cafe Latte,Drinks,DRK-03,3,32000,96000,Digital Wallet,Dine In
SUN-3709994,2023-02-06,Iced Americano,Drinks,DRK-02,2,28000,56000,Digital Wallet,Unknown
SUN-2302083,2023-10-28,Cinnamon Roll,Dessert,DST-05,4,28000,112000,Debit Card,Dine In
SUN-4887739,2023-03-20,Beef Carbonara Pasta,Food,FOD-02,4,52000,208000,Digital Wallet,Dine In
SUN-7050539,2023-06-14,Cafe Latte,Drinks,DRK-03,1,32000,32000,Digital Wallet,Online Order
SUN-1962579,2023-07-11,Caramel Machiato,Drinks,DRK-04,2,38000,76000,Unknown,Online Order
SUN-6956463,2023-10-30,Club Sandwich,Food,FOD-05,2,45000,90000,Debit Card,Unknown
SUN-4152654,2023-09-22,Nasi Goreng Kampung,Food,FOD-03,2,38000,76000,Debit Card,Take Away
SUN-4017237,2023-09-24,Cafe Latte,Drinks,DRK-03,1,32000,32000,Digital Wallet,Online Order
SUN-5846940,2023-12-22,Club Sandwich,Food,FOD-05,2,45000,90000,Unknown,Take Away
SUN-3944283,2023-07-09,Classic Tirmaisu,Dessert,DST-01,3,38000,114000,Cash,Take Away
SUN-1944937,2023-03-14,Club Sandwich,Food,FOD-05,2,45000,90000,Debit Card,Unknown
SUN-2968034,2023-03-08,Caramel Machiato,Drinks,DRK-04,1,38000,38000,Debit Card,Unknown
SUN-7742495,2023-10-27,New York Cheesecake,Dessert,DST-03,1,42000,42000,Debit Card,Take Away
SUN-9391834,2023-03-28,Cafe Latte,Drinks,DRK-03,3,32000,96000,Debit Card,Online Order
SUN-2425123,2023-05-11,Creamy Maycha Latte,Drinks,DRK-05,1,35000,35000,Unknown,Online Order
SUN-2676453,2023-09-14,Caramel Machiato,Drinks,DRK-04,1,38000,38000,Digital Wallet,Dine In
SUN-6655311,2023-05-21,Cinnamon Roll,Dessert,DST-05,1,28000,28000,Digital Wallet,Take Away
SUN-6301022,2023-03-14,Caramel Machiato,Drinks,DRK-04,4,38000,152000,Debit Card,Take Away
SUN-2388731,2023-05-21,Buttermilk Fried Chicken,Food,FOD-01,4,48000,192000,Cash,Take Away
SUN-3419900,2023-07-24,Iced Americano,Drinks,DRK-02,4,28000,112000,Digital Wallet,Online Order
SUN-2004547,2023-08-11,Club Sandwich,Food,FOD-05,2,45000,90000,Unknown,Unknown
SUN-7078211,2023-10-21,Fudgy Brownies,Dessert,DST-02,2,25000,50000,Cash,Dine In
SUN-3349438,2023-03-29,Caramel Machiato,Drinks,DRK-04,3,38000,114000,Digital Wallet,Take Away
SUN-9015946,2023-08-27,Espreso Single,Drinks,DRK-01,3,22000,66000,Digital Wallet,Take Away
SUN-8242522,2023-11-11,Cinnamon Roll,Dessert,DST-05,2,28000,56000,Digital Wallet,Take Away
SUN-3510597,2023-08-11,Grill Chicken Caesar Salad,Food,FOD-04,3,42000,126000,Unknown,Unknown
SUN-5285610,2023-10-09,Espreso Single,Drinks,DRK-01,4,22000,88000,Debit Card,Online Order
SUN-6144091,2023-04-05,Beef Carbonara Pasta,Food,FOD-02,3,52000,156000,Digital Wallet,Online Order
SUN-7367054,2023-10-22,Beef Carbonara Pasta,Food,FOD-02,2,52000,104000,Digital Wallet,Take Away
SUN-8526935,2023-02-13,Nasi Goreng Kampung,Food,FOD-03,4,38000,152000,Debit Card,Online Order
SUN-7633965,2023-09-04,Creamy Maycha Latte,Drinks,DRK-05,3,35000,105000,Cash,Take Away
SUN-1109791,2023-01-13,Cinnamon Roll,Dessert,DST-05,3,28000,84000,Cash,Take Away
SUN-1017352,2023-05-15,Classic Tirmaisu,Dessert,DST-01,3,38000,114000,Debit Card,Dine In
SUN-9477139,2023-01-17,Iced Americano,Drinks,DRK-02,2,28000,56000,Unknown,Dine In
SUN-3175554,2023-06-03,Espreso Single,Drinks,DRK-01,2,22000,44000,Cash,Dine In
SUN-7399176,2023-03-26,Cinnamon Roll,Dessert,DST-05,2,28000,56000,Debit Card,Take Away
SUN-8570568,2023-04-21,Creamy Maycha Latte,Drinks,DRK-05,2,35000,70000,Unknown,Dine In
SUN-5438790,2023-07-23,Fudgy Brownies,Dessert,DST-02,1,25000,25000,Digital Wallet,Dine In
SUN-6499029,2023-08-22,Classic Tirmaisu,Dessert,DST-01,3,38000,114000,Digital Wallet,Online Order
SUN-4288925,2023-06-04,Fudgy Brownies,Dessert,DST-02,1,25000,25000,Unknown,Unknown
SUN-2341769,2023-02-03,Choco Lava Cake,Dessert,DST-04,2,35000,70000,Cash,Dine In
SUN-6572948,2023-03-16,Nasi Goreng Kampung,Food,FOD-03,2,38000,76000,Debit Card,Take Away
SUN-6907020,2023-07-17,Buttermilk Fried Chicken,Food,FOD-01,3,48000,144000,Digital Wallet,Dine In
SUN-5810361,2023-04-21,Grill Chicken Caesar Salad,Food,FOD-04,3,42000,126000,Digital Wallet,Online Order
SUN-8088449,2023-01-11,Beef Carbonara Pasta,Food,FOD-02,2,52000,104000,Cash,Dine In
SUN-7466121,2023-06-18,Choco Lava Cake,Dessert,DST-04,3,35000,105000,Digital Wallet,Take Away
SUN-3408169,2023-10-31,Nasi Goreng Kampung,Food,FOD-03,2,38000,76000,Unknown,Online Order
SUN-9744458,2023-10-19,Espreso Single,Drinks,DRK-01,1,22000,22000,Debit Card,Online Order
SUN-2510104,2023-01-02,Cinnamon Roll,Dessert,DST-05,1,28000,28000,Unknown,Online Order
SUN-4029153,2023-08-28,Club Sandwich,Food,FOD-05,4,45000,180000,Digital Wallet,Online Order
SUN-5810365,2023-03-15,Espreso Single,Drinks,DRK-01,3,22000,66000,Digital Wallet,Take Away
SUN-2106636,2023-01-15,Buttermilk Fried Chicken,Food,FOD-01,4,48000,192000,Unknown,Take Away
SUN-8139902,2023-07-05,New York Cheesecake,Dessert,DST-03,3,42000,126000,Unknown,Online Order
SUN-1692869,2023-06-25,Caramel Machiato,Drinks,DRK-04,3,38000,114000,Digital Wallet,Unknown
SUN-3912259,2023-02-25,Cafe Latte,Drinks,DRK-03,3,32000,96000,Cash,Take Away
SUN-4333367,2023-03-09,Nasi Goreng Kampung,Food,FOD-03,4,38000,152000,Digital Wallet,Dine In
SUN-1005621,2023-05-19,Iced Americano,Drinks,DRK-02,1,28000,28000,Unknown,Online Order
SUN-7321420,2023-11-09,New York Cheesecake,Dessert,DST-03,1,42000,42000,Debit Card,Dine In
SUN-3467856,2023-02-14,Creamy Maycha Latte,Drinks,DRK-05,4,35000,140000,Debit Card,Dine In
SUN-2171594,2023-11-19,Espreso Single,Drinks,DRK-01,1,22000,22000,Debit Card,Take Away
SUN-6833792,2023-06-23,Club Sandwich,Food,FOD-05,2,45000,90000,Cash,Dine In
SUN-2028039,2023-07-22,Fudgy Brownies,Dessert,DST-02,,25000,,Debit Card,Online Order
SUN-7877977,2023-12-22,Choco Lava Cake,Dessert,DST-04,3,35000,105000,Digital Wallet,Take Away
SUN-1285450,2023-09-26,Cafe Latte,Drinks,DRK-03,3,32000,96000,Cash,Take Away
SUN-3024348,2023-04-28,Cafe Latte,Drinks,DRK-03,4,32000,128000,Cash,Take Away
SUN-4246545,2023-09-08,Cafe Latte,Drinks,DRK-03,4,32000,128000,Unknown,Dine In
SUN-2731337,2023-09-04,Classic Tirmaisu,Dessert,DST-01,,38000,,Debit Card,Dine In
SUN-8672329,,Choco Lava Cake,Dessert,DST-04,4,35000,140000,Debit Card,Take Away
SUN-3893229,2023-07-03,Nasi Goreng Kampung,Food,FOD-03,4,38000,152000,Debit Card,Take Away
SUN-4597677,2023-04-12,New York Cheesecake,Dessert,DST-03,3,42000,126000,Cash,Take Away
SUN-2299699,2023-07-26,Beef Carbonara Pasta,Food,FOD-02,2,52000,104000,Digital Wallet,Dine In
SUN-2566746,2023-03-25,Creamy Maycha Latte,Drinks,DRK-05,2,35000,70000,Digital Wallet,Online Order
SUN-5883849,2023-07-28,Cafe Latte,Drinks,DRK-03,3,32000,96000,Debit Card,Take Away
SUN-8211751,2023-09-30,Cinnamon Roll,Dessert,DST-05,1,28000,28000,Debit Card,Online Order
SUN-7017921,2023-10-04,Classic Tirmaisu,Dessert,DST-01,2,38000,76000,Unknown,Dine In
SUN-9072787,2023-12-17,Buttermilk Fried Chicken,Food,FOD-01,1,48000,48000,Cash,Take Away
SUN-9195855,2023-02-15,Nasi Goreng Kampung,Food,FOD-03,3,38000,114000,Debit Card,Online Order
SUN-4801674,2023-03-25,Buttermilk Fried Chicken,Food,FOD-01,2,48000,96000,Digital Wallet,Unknown
SUN-1672860,2023-10-28,Creamy Maycha Latte,Drinks,DRK-05,3,35000,105000,Digital Wallet,Online Order
SUN-5917943,2023-07-27,Espreso Single,Drinks,DRK-01,1,22000,22000,Digital Wallet,Online Order
SUN-3116838,,Creamy Maycha Latte,Drinks,DRK-05,1,35000,35000,Debit Card,Dine In
SUN-6560468,2023-07-18,Club Sandwich,Food,FOD-05,4,45000,180000,Cash,Take Away
SUN-4895208,2023-08-20,Espreso Single,Drinks,DRK-01,1,22000,22000,Unknown,Take Away
SUN-7933979,,Caramel Machiato,Drinks,DRK-04,1,38000,38000,Digital Wallet,Dine In
SUN-9956407,2023-04-02,Beef Carbonara Pasta,Food,FOD-02,2,52000,104000,Debit Card,Dine In
SUN-1099448,2023-10-01,Creamy Maycha Latte,Drinks,DRK-05,1,35000,35000,Cash,Take Away
SUN-3325829,2023-12-25,Iced Americano,Drinks,DRK-02,1,28000,28000,Digital Wallet,Unknown
SUN-3898483,2023-02-18,Cafe Latte,Drinks,DRK-03,1,32000,32000,Cash,Take Away
SUN-1355845,2023-06-30,Classic Tirmaisu,Dessert,DST-01,1,38000,38000,Unknown,Take Away
SUN-4718431,2023-05-16,New York Cheesecake,Dessert,DST-03,1,42000,42000,Digital Wallet,Take Away
SUN-5541913,2023-03-08,Espreso Single,Drinks,DRK-01,4,22000,88000,Digital Wallet,Online Order
SUN-5186861,2023-06-07,Creamy Maycha Latte,Drinks,DRK-05,1,35000,35000,Cash,Dine In
SUN-2381642,2023-03-28,Cafe Latte,Drinks,DRK-03,1,32000,32000,Debit Card,Take Away
SUN-1331922,2023-12-14,Choco Lava Cake,Dessert,DST-04,1,35000,35000,Digital Wallet,Dine In
SUN-8270636,2023-03-18,Choco Lava Cake,Dessert,DST-04,4,35000,140000,Unknown,Online Order
SUN-4930499,2023-09-07,Beef Carbonara Pasta,Food,FOD-02,4,52000,208000,Unknown,Take Away
SUN-9740326,2023-06-28,Nasi Goreng Kampung,Food,FOD-03,1,38000,38000,Digital Wallet,Take Away
SUN-3722283,2023-09-17,Fudgy Brownies,Dessert,DST-02,3,25000,75000,Digital Wallet,Dine In
SUN-2448512,2023-08-10,New York Cheesecake,Dessert,DST-03,3,42000,126000,Digital Wallet,Online Order
SUN-8851888,2023-12-31,Club Sandwich,Food,FOD-05,1,45000,45000,Cash,Take Away
SUN-7911928,2023-07-13,Nasi Goreng Kampung,Food,FOD-03,1,38000,38000,Debit Card,Online Order
SUN-2964210,2023-03-24,New York Cheesecake,Dessert,DST-03,3,42000,126000,Unknown,Take Away
SUN-6973354,2023-06-10,New York Cheesecake,Dessert,DST-03,1,42000,42000,Cash,Dine In
SUN-5176439,2023-08-09,Classic Tirmaisu,Dessert,DST-01,3,38000,114000,Unknown,Dine In
SUN-7820770,2023-05-01,Club Sandwich,Food,FOD-05,4,45000,180000,Debit Card,Unknown
SUN-4776762,2023-02-09,Espreso Single,Drinks,DRK-01,4,22000,88000,Digital Wallet,Online Order
SUN-3666452,2023-03-22,Buttermilk Fried Chicken,Food,FOD-01,,48000,,Unknown,Online Order
SUN-6438118,2023-03-01,Beef Carbonara Pasta,Food,FOD-02,3,52000,156000,Cash,Dine In
SUN-9352697,2023-10-26,Classic Tirmaisu,Dessert,DST-01,,38000,,Debit Card,Online Order
SUN-8163063,2023-09-12,Grill Chicken Caesar Salad,Food,FOD-04,4,42000,168000,Digital Wallet,Online Order
SUN-4146666,2023-11-29,Fudgy Brownies,Dessert,DST-02,4,25000,100000,Digital Wallet,Dine In
SUN-7156144,2023-10-29,Choco Lava Cake,Dessert,DST-04,4,35000,140000,Cash,Unknown
SUN-8884791,2023-03-12,Beef Carbonara Pasta,Food,FOD-02,2,52000,104000,Debit Card,Dine In
SUN-7205994,2023-08-21,Unknown,Unknown,Unknown,3,35000,105000,Unknown,Take Away
SUN-2926489,2023-12-04,New York Cheesecake,Dessert,DST-03,2,42000,84000,Debit Card,Online Order
SUN-2898599,2023-07-31,Cafe Latte,Drinks,DRK-03,3,32000,96000,Debit Card,Online Order
SUN-2550313,2023-08-27,Beef Carbonara Pasta,Food,FOD-02,3,52000,156000,Debit Card,Take Away
SUN-4486283,2023-10-16,Grill Chicken Caesar Salad,Food,FOD-04,4,42000,168000,Debit Card,Dine In
SUN-2645664,2023-01-22,Cafe Latte,Drinks,DRK-03,2,32000,64000,Cash,Take Away
SUN-2784079,2023-12-16,Nasi Goreng Kampung,Food,FOD-03,4,38000,152000,Digital Wallet,Unknown
SUN-5346374,2023-11-03,Iced Americano,Drinks,DRK-02,4,28000,112000,Debit Card,Online Order
SUN-7205772,2023-12-04,New York Cheesecake,Dessert,DST-03,3,42000,126000,Unknown,Take Away
SUN-2917617,2023-02-02,Grill Chicken Caesar Salad,Food,FOD-04,1,42000,42000,Digital Wallet,Dine In
SUN-1779721,2023-10-23,Grill Chicken Caesar Salad,Food,FOD-04,1,42000,42000,Digital Wallet,Dine In
SUN-7583300,2023-10-31,New York Cheesecake,Dessert,DST-03,3,42000,126000,Debit Card,Online Order
SUN-4394730,2023-06-07,Creamy Maycha Latte,Drinks,DRK-05,2,35000,70000,Digital Wallet,Dine In
SUN-4776045,2023-03-09,Caramel Machiato,Drinks,DRK-04,3,38000,114000,Cash,Dine In
SUN-4318025,2023-10-07,Creamy Maycha Latte,Drinks,DRK-05,3,35000,105000,Debit Card,Unknown
SUN-9450998,2023-02-27,Iced Americano,Drinks,DRK-02,1,28000,28000,Debit Card,Take Away
SUN-9651033,2023-03-27,Buttermilk Fried Chicken,Food,FOD-01,2,48000,96000,Digital Wallet,Online Order
SUN-7394050,2023-09-04,Caramel Machiato,Drinks,DRK-04,4,38000,152000,Debit Card,Unknown
SUN-6010439,2023-11-26,Espreso Single,Drinks,DRK-01,1,22000,22000,Digital Wallet,Dine In
SUN-1476674,2023-12-08,Espreso Single,Drinks,DRK-01,3,22000,66000,Unknown,Dine In
SUN-3461991,2023-04-13,Espreso Single,Drinks,DRK-01,3,22000,66000,Debit Card,Online Order
SUN-9089060,2023-01-15,New York Cheesecake,Dessert,DST-03,4,42000,168000,Cash,Dine In
SUN-2424789,2023-12-24,Iced Americano,Drinks,DRK-02,4,28000,112000,Cash,Take Away
SUN-2626286,2023-10-25,Club Sandwich,Food,FOD-05,2,45000,90000,Digital Wallet,Dine In
SUN-8462249,2023-04-21,New York Cheesecake,Dessert,DST-03,3,42000,126000,Digital Wallet,Online Order
SUN-9931551,2023-01-29,Iced Americano,Drinks,DRK-02,3,28000,84000,Unknown,Take Away
SUN-3847913,2023-04-07,Cinnamon Roll,Dessert,DST-05,2,28000,56000,Digital Wallet,Dine In
SUN-6425556,2023-04-21,Beef Carbonara Pasta,Food,FOD-02,2,52000,104000,Debit Card,Take Away
SUN-5815407,2023-05-03,New York Cheesecake,Dessert,DST-03,4,42000,168000,Digital Wallet,Take Away
SUN-8512085,2023-07-17,Creamy Maycha Latte,Drinks,DRK-05,2,35000,70000,Debit Card,Dine In
SUN-8969726,2023-06-27,Beef Carbonara Pasta,Food,FOD-02,3,52000,156000,Debit Card,Take Away
SUN-5783228,2023-05-06,Cafe Latte,Drinks,DRK-03,1,32000,32000,Digital Wallet,Online Order
SUN-9872056,2023-03-15,Cafe Latte,Drinks,DRK-03,4,32000,128000,Unknown,Dine In
SUN-1512499,2023-12-21,Creamy Maycha Latte,Drinks,DRK-05,3,35000,105000,Debit Card,Online Order
SUN-2210982,2023-04-07,Espreso Single,Drinks,DRK-01,4,22000,88000,Cash,Take Away
SUN-5625679,2023-02-19,Grill Chicken Caesar Salad,Food,FOD-04,3,42000,126000,Debit Card,Dine In
SUN-7430626,2023-11-19,Club Sandwich,Food,FOD-05,2,45000,90000,Debit Card,Online Order
SUN-4755621,2023-08-17,Caramel Machiato,Drinks,DRK-04,4,38000,152000,Debit Card,Take Away
SUN-6492940,2023-12-06,Grill Chicken Caesar Salad,Food,FOD-04,3,42000,126000,Digital Wallet,Dine In
SUN-7173519,2023-04-12,Cafe Latte,Drinks,DRK-03,3,32000,96000,Digital Wallet,Online Order
SUN-6728432,2023-02-26,Club Sandwich,Food,FOD-05,2,45000,90000,Cash,Take Away
SUN-8238793,2023-07-20,Cafe Latte,Drinks,DRK-03,3,32000,96000,Debit Card,Take Away
SUN-8658769,2023-06-11,Grill Chicken Caesar Salad,Food,FOD-04,3,42000,126000,Debit Card,Online Order
SUN-9894484,2023-01-12,Grill Chicken Caesar Salad,Food,FOD-04,4,42000,168000,Digital Wallet,Take Away
SUN-4379681,2023-06-03,Club Sandwich,Food,FOD-05,3,45000,135000,Unknown,Dine In
SUN-1083122,2023-08-27,Fudgy Brownies,Dessert,DST-02,1,25000,25000,Cash,Dine In
SUN-6573074,2023-10-30,Club Sandwich,Food,FOD-05,2,45000,90000,Unknown,Online Order
SUN-3453769,2023-11-04,Nasi Goreng Kampung,Food,FOD-03,2,38000,76000,Cash,Dine In
SUN-6573647,2023-08-30,Choco Lava Cake,Dessert,DST-04,2,35000,70000,Cash,Dine In
SUN-5928766,2023-04-12,Iced Americano,Drinks,DRK-02,4,28000,112000,Debit Card,Dine In
SUN-6210225,2023-05-29,New York Cheesecake,Dessert,DST-03,4,42000,168000,Unknown,Online Order
SUN-9433874,2023-04-21,Beef Carbonara Pasta,Food,FOD-02,4,52000,208000,Debit Card,Take Away
SUN-5202292,,Fudgy Brownies,Dessert,DST-02,3,25000,75000,Debit Card,Unknown
SUN-1141500,2023-03-08,Iced Americano,Drinks,DRK-02,4,28000,112000,Unknown,Take Away
SUN-1665358,2023-08-09,Buttermilk Fried Chicken,Food,FOD-01,1,48000,48000,Cash,Dine In
SUN-4160058,2023-06-07,Club Sandwich,Food,FOD-05,2,45000,90000,Digital Wallet,Unknown
SUN-7566193,2023-03-18,Classic Tirmaisu,Dessert,DST-01,1,38000,38000,Cash,Take Away
SUN-6649793,2023-02-20,Nasi Goreng Kampung,Food,FOD-03,2,38000,76000,Cash,Dine In
SUN-5208288,2023-10-17,Buttermilk Fried Chicken,Food,FOD-01,4,48000,192000,Digital Wallet,Take Away
SUN-4155536,,Choco Lava Cake,Dessert,DST-04,2,35000,70000,Debit Card,Take Away
SUN-1097654,2023-06-19,Cafe Latte,Drinks,DRK-03,2,32000,64000,Digital Wallet,Online Order
SUN-1268858,2023-08-23,Creamy Maycha Latte,Drinks,DRK-05,3,35000,105000,Digital Wallet,Unknown
SUN-2563494,2023-11-20,Cafe Latte,Drinks,DRK-03,4,32000,128000,Cash,Take Away
SUN-9916002,2023-02-19,Creamy Maycha Latte,Drinks,DRK-05,1,35000,35000,Unknown,Take Away
SUN-8974313,2023-08-31,Cinnamon Roll,Dessert,DST-05,2,28000,56000,Debit Card,Take Away
SUN-8041036,2023-12-28,Grill Chicken Caesar Salad,Food,FOD-04,3,42000,126000,Debit Card,Unknown
SUN-2829301,2023-02-25,Grill Chicken Caesar Salad,Food,FOD-04,1,42000,42000,Cash,Dine In
SUN-1295997,2023-04-28,Cinnamon Roll,Dessert,DST-05,3,28000,84000,Unknown,Take Away
SUN-2864181,2023-10-04,Club Sandwich,Food,FOD-05,4,45000,180000,Debit Card,Dine In
SUN-2552480,2023-10-06,Beef Carbonara Pasta,Food,FOD-02,3,52000,156000,Debit Card,Dine In
SUN-3509702,2023-08-01,Cinnamon Roll,Dessert,DST-05,2,28000,56000,Debit Card,Online Order
SUN-7851950,2023-11-24,Cafe Latte,Drinks,DRK-03,4,32000,128000,Digital Wallet,Take Away
SUN-1271380,2023-07-17,Nasi Goreng Kampung,Food,FOD-03,3,38000,114000,Debit Card,Dine In
SUN-7001805,2023-08-05,Cinnamon Roll,Dessert,DST-05,1,28000,28000,Unknown,Unknown
SUN-2208391,2023-06-03,Cinnamon Roll,Dessert,DST-05,2,28000,56000,Digital Wallet,Unknown
SUN-1007403,2023-02-03,Iced Americano,Drinks,DRK-02,1,28000,28000,Digital Wallet,Online Order
SUN-6535297,2023-08-30,Classic Tirmaisu,Dessert,DST-01,3,38000,114000,Unknown,Take Away
SUN-6832711,2023-08-07,Club Sandwich,Food,FOD-05,2,45000,90000,Cash,Take Away
SUN-2113366,2023-01-24,Cafe Latte,Drinks,DRK-03,,32000,,Digital Wallet,Unknown
SUN-8273500,2023-06-20,Iced Americano,Drinks,DRK-02,3,28000,84000,Cash,Dine In
SUN-9154562,2023-07-03,Buttermilk Fried Chicken,Food,FOD-01,4,48000,192000,Debit Card,Online Order
SUN-1550019,2023-07-02,Grill Chicken Caesar Salad,Food,FOD-04,1,42000,42000,Debit Card,Online Order
SUN-8135382,2023-12-08,Cafe Latte,Drinks,DRK-03,1,32000,32000,Debit Card,Dine In
SUN-8068732,2023-05-17,Cinnamon Roll,Dessert,DST-05,4,28000,112000,Debit Card,Dine In
SUN-1744063,2023-03-16,Cinnamon Roll,Dessert,DST-05,4,28000,112000,Cash,Dine In
SUN-9707478,2023-11-16,Beef Carbonara Pasta,Food,FOD-02,1,52000,52000,Cash,Dine In
SUN-9642707,2023-02-20,Choco Lava Cake,Dessert,DST-04,3,35000,105000,Unknown,Online Order
SUN-3456370,2023-01-19,Nasi Goreng Kampung,Food,FOD-03,1,38000,38000,Debit Card,Unknown
SUN-7445775,2023-05-30,Club Sandwich,Food,FOD-05,1,45000,45000,Debit Card,Online Order
SUN-3040263,2023-01-30,Iced Americano,Drinks,DRK-02,2,28000,56000,Debit Card,Online Order
SUN-2374877,2023-07-09,New York Cheesecake,Dessert,DST-03,4,42000,168000,Debit Card,Online Order
SUN-3533406,2023-08-07,Caramel Machiato,Drinks,DRK-04,2,38000,76000,Cash,Dine In
SUN-7965012,2023-05-18,Club Sandwich,Food,FOD-05,4,45000,180000,Cash,Unknown
SUN-2745371,2023-03-06,Choco Lava Cake,Dessert,DST-04,2,35000,70000,Cash,Take Away
SUN-8075798,2023-06-26,Classic Tirmaisu,Dessert,DST-01,1,38000,38000,Digital Wallet,Dine In
SUN-1476814,2023-06-12,Choco Lava Cake,Dessert,DST-04,4,35000,140000,Digital Wallet,Online Order
SUN-6381111,2023-09-04,Creamy Maycha Latte,Drinks,DRK-05,3,35000,105000,Digital Wallet,Unknown
SUN-7298310,2023-11-27,Espreso Single,Drinks,DRK-01,2,22000,44000,Digital Wallet,Dine In
SUN-9500354,2023-10-17,Iced Americano,Drinks,DRK-02,4,28000,112000,Digital Wallet,Unknown
SUN-4980839,2023-12-03,Cafe Latte,Drinks,DRK-03,4,32000,128000,Digital Wallet,Dine In
SUN-9924724,2023-01-19,Choco Lava Cake,Dessert,DST-04,2,35000,70000,Unknown,Take Away
SUN-7503651,2023-12-21,Classic Tirmaisu,Dessert,DST-01,4,38000,152000,Debit Card,Dine In
SUN-1857703,2023-05-20,Creamy Maycha Latte,Drinks,DRK-05,1,35000,35000,Debit Card,Take Away
SUN-3495770,2023-12-08,Iced Americano,Drinks,DRK-02,3,28000,84000,Digital Wallet,Online Order
SUN-1918615,2023-08-15,Club Sandwich,Food,FOD-05,1,45000,45000,Debit Card,Unknown
SUN-2904552,2023-09-05,Cafe Latte,Drinks,DRK-03,3,32000,96000,Digital Wallet,Unknown
SUN-2199755,2023-01-08,Beef Carbonara Pasta,Food,FOD-02,1,52000,52000,Cash,Dine In
SUN-8492719,2023-01-10,Iced Americano,Drinks,DRK-02,2,28000,56000,Debit Card,Take Away
SUN-3549878,2023-12-13,Nasi Goreng Kampung,Food,FOD-03,4,38000,152000,Cash,Dine In
SUN-7401156,2023-05-10,Beef Carbonara Pasta,Food,FOD-02,3,52000,156000,Debit Card,Unknown
SUN-5887990,2023-08-22,Classic Tirmaisu,Dessert,DST-01,3,38000,114000,Digital Wallet,Online Order
SUN-2021036,2023-10-27,Club Sandwich,Food,FOD-05,1,45000,45000,Debit Card,Dine In
SUN-6261879,2023-06-27,Buttermilk Fried Chicken,Food,FOD-01,1,48000,48000,Digital Wallet,Dine In
SUN-2328470,2023-12-26,Choco Lava Cake,Dessert,DST-04,4,35000,140000,Debit Card,Take Away
SUN-1547092,2023-06-13,Caramel Machiato,Drinks,DRK-04,1,38000,38000,Cash,Take Away
SUN-7060355,2023-01-06,Creamy Maycha Latte,Drinks,DRK-05,3,35000,105000,Digital Wallet,Online Order
SUN-3681266,2023-02-23,Nasi Goreng Kampung,Food,FOD-03,3,38000,114000,Digital Wallet,Dine In
SUN-1112762,2023-06-13,Unknown,Unknown,Unknown,2,28000,56000,Digital Wallet,Online Order
SUN-2960769,2023-01-25,Iced Americano,Drinks,DRK-02,4,28000,112000,Digital Wallet,Take Away
SUN-8363361,2023-11-14,Choco Lava Cake,Dessert,DST-04,3,35000,105000,Unknown,Unknown
SUN-4062424,2023-09-06,Iced Americano,Drinks,DRK-02,,28000,,Debit Card,Dine In
SUN-5552440,2023-01-23,Choco Lava Cake,Dessert,DST-04,4,35000,140000,Cash,Dine In
SUN-4272206,2023-12-04,Nasi Goreng Kampung,Food,FOD-03,1,38000,38000,Digital Wallet,Online Order
SUN-6134318,2023-12-12,Grill Chicken Caesar Salad,Food,FOD-04,2,42000,84000,Debit Card,Online Order
SUN-6195043,2023-10-17,Creamy Maycha Latte,Drinks,DRK-05,2,35000,70000,Debit Card,Take Away
SUN-1597091,2023-11-05,Iced Americano,Drinks,DRK-02,2,28000,56000,Cash,Take Away
SUN-1041405,2023-01-08,Fudgy Brownies,Dessert,DST-02,2,25000,50000,Cash,Dine In
SUN-3722630,2023-07-11,Buttermilk Fried Chicken,Food,FOD-01,4,48000,192000,Cash,Take Away
SUN-6931211,2023-01-15,Cinnamon Roll,Dessert,DST-05,4,28000,112000,Debit Card,Dine In
SUN-6132438,2023-04-26,Fudgy Brownies,Dessert,DST-02,2,25000,50000,Debit Card,Online Order
SUN-1734571,2023-07-07,Club Sandwich,Food,FOD-05,4,45000,180000,Debit Card,Take Away
SUN-5569771,2023-06-27,Fudgy Brownies,Dessert,DST-02,1,25000,25000,Debit Card,Take Away
SUN-4675207,2023-07-29,Grill Chicken Caesar Salad,Food,FOD-04,1,42000,42000,Debit Card,Unknown
SUN-9574187,2023-08-31,Buttermilk Fried Chicken,Food,FOD-01,2,48000,96000,Digital Wallet,Take Away
SUN-8873900,2023-08-10,Cafe Latte,Drinks,DRK-03,4,32000,128000,Digital Wallet,Dine In
SUN-4673538,2023-10-07,Creamy Maycha Latte,Drinks,DRK-05,3,35000,105000,Cash,Take Away
SUN-9667923,2023-11-16,Choco Lava Cake,Dessert,DST-04,3,35000,105000,Cash,Unknown
SUN-3723719,2023-03-17,Grill Chicken Caesar Salad,Food,FOD-04,4,42000,168000,Digital Wallet,Take Away
SUN-4740409,2023-11-24,Caramel Machiato,Drinks,DRK-04,4,38000,152000,Debit Card,Take Away
SUN-3732627,2023-10-19,Cinnamon Roll,Dessert,DST-05,1,28000,28000,Debit Card,Dine In
SUN-1208655,2023-12-28,Classic Tirmaisu,Dessert,DST-01,1,38000,38000,Debit Card,Take Away
SUN-2980040,2023-09-24,Fudgy Brownies,Dessert,DST-02,2,25000,50000,Cash,Unknown
SUN-7847217,2023-05-02,Espreso Single,Drinks,DRK-01,2,22000,44000,Digital Wallet,Dine In
SUN-5871711,2023-04-25,Creamy Maycha Latte,Drinks,DRK-05,2,35000,70000,Digital Wallet,Dine In
SUN-3405704,2023-06-21,Cafe Latte,Drinks,DRK-03,1,32000,32000,Unknown,Dine In
SUN-5829466,2023-06-02,Iced Americano,Drinks,DRK-02,2,28000,56000,Digital Wallet,Dine In
SUN-9699420,2023-12-29,Espreso Single,Drinks,DRK-01,2,22000,44000,Cash,Take Away
SUN-6681573,2023-07-22,New York Cheesecake,Dessert,DST-03,3,42000,126000,Unknown,Dine In
SUN-5408094,2023-09-13,Caramel Machiato,Drinks,DRK-04,3,38000,114000,Debit Card,Unknown
SUN-3633271,2023-09-02,Espreso Single,Drinks,DRK-01,1,22000,22000,Digital Wallet,Online Order
SUN-8500898,2023-01-21,Iced Americano,Drinks,DRK-02,2,28000,56000,Debit Card,Dine In
SUN-4630384,2023-11-02,Cafe Latte,Drinks,DRK-03,4,32000,128000,Digital Wallet,Dine In
SUN-7552515,2023-11-28,Beef Carbonara Pasta,Food,FOD-02,2,52000,104000,Debit Card,Online Order
SUN-1269398,2023-06-02,Espreso Single,Drinks,DRK-01,2,22000,44000,Digital Wallet,Unknown
SUN-5592594,2023-08-14,Buttermilk Fried Chicken,Food,FOD-01,4,48000,192000,Digital Wallet,Unknown
SUN-6381766,2023-03-06,Classic Tirmaisu,Dessert,DST-01,3,38000,114000,Digital Wallet,Take Away
SUN-4143185,2023-03-12,Beef Carbonara Pasta,Food,FOD-02,4,52000,208000,Debit Card,Online Order
SUN-8897386,2023-11-29,Nasi Goreng Kampung,Food,FOD-03,2,38000,76000,Digital Wallet,Dine In
SUN-9587093,2023-05-07,New York Cheesecake,Dessert,DST-03,3,42000,126000,Digital Wallet,Unknown
SUN-8966283,2023-11-02,Cinnamon Roll,Dessert,DST-05,4,28000,112000,Debit Card,Online Order
SUN-3222531,2023-07-30,Fudgy Brownies,Dessert,DST-02,3,25000,75000,Digital Wallet,Online Order
SUN-7800422,2023-05-27,Nasi Goreng Kampung,Food,FOD-03,4,38000,152000,Debit Card,Online Order
SUN-6285267,2023-08-27,Club Sandwich,Food,FOD-05,4,45000,180000,Debit Card,Unknown
SUN-6428526,2023-04-20,Classic Tirmaisu,Dessert,DST-01,4,38000,152000,Cash,Take Away
SUN-6857264,2023-05-30,Cinnamon Roll,Dessert,DST-05,4,28000,112000,Unknown,Take Away
SUN-6381486,2023-07-27,Beef Carbonara Pasta,Food,FOD-02,3,52000,156000,Digital Wallet,Dine In
SUN-8558090,2023-09-29,Fudgy Brownies,Dessert,DST-02,3,25000,75000,Unknown,Take Away
SUN-3496430,2023-06-06,Club Sandwich,Food,FOD-05,4,45000,180000,Cash,Take Away
SUN-7449929,2023-07-14,Cafe Latte,Drinks,DRK-03,2,32000,64000,Digital Wallet,Online Order
SUN-7748406,2023-02-07,Nasi Goreng Kampung,Food,FOD-03,1,38000,38000,Digital Wallet,Take Away
SUN-5795795,2023-12-22,Buttermilk Fried Chicken,Food,FOD-01,2,48000,96000,Debit Card,Online Order
SUN-1865931,2023-01-23,Buttermilk Fried Chicken,Food,FOD-01,3,48000,144000,Digital Wallet,Dine In
SUN-3691134,2023-11-08,Nasi Goreng Kampung,Food,FOD-03,3,38000,114000,Digital Wallet,Dine In
SUN-1069008,2023-09-11,Beef Carbonara Pasta,Food,FOD-02,2,52000,104000,Debit Card,Dine In
SUN-3467645,2023-02-24,Grill Chicken Caesar Salad,Food,FOD-04,4,42000,168000,Cash,Take Away
SUN-4703957,2023-03-27,Club Sandwich,Food,FOD-05,3,45000,135000,Digital Wallet,Take Away
SUN-3632591,2023-02-07,Classic Tirmaisu,Dessert,DST-01,2,38000,76000,Debit Card,Online Order
SUN-9824254,2023-03-30,Buttermilk Fried Chicken,Food,FOD-01,3,48000,144000,Digital Wallet,Online Order
SUN-7265204,2023-11-08,Nasi Goreng Kampung,Food,FOD-03,3,38000,114000,Cash,Take Away
SUN-4838819,2023-12-25,Creamy Maycha Latte,Drinks,DRK-05,4,35000,140000,Cash,Take Away
SUN-3925857,2023-08-10,Cinnamon Roll,Dessert,DST-05,3,28000,84000,Digital Wallet,Online Order
SUN-6759300,2023-07-14,Espreso Single,Drinks,DRK-01,1,22000,22000,Debit Card,Take Away
SUN-8953751,2023-12-23,Espreso Single,Drinks,DRK-01,3,22000,66000,Debit Card,Dine In
SUN-9339166,2023-04-02,Nasi Goreng Kampung,Food,FOD-03,2,38000,76000,Debit Card,Dine In
SUN-7408190,2023-06-09,Nasi Goreng Kampung,Food,FOD-03,3,38000,114000,Cash,Dine In
SUN-8897744,2023-08-31,Iced Americano,Drinks,DRK-02,2,28000,56000,Digital Wallet,Unknown
SUN-5060305,2023-03-07,Club Sandwich,Food,FOD-05,4,45000,180000,Debit Card,Online Order
SUN-4308197,2023-01-06,Nasi Goreng Kampung,Food,FOD-03,2,38000,76000,Unknown,Unknown
SUN-5589567,2023-01-14,Iced Americano,Drinks,DRK-02,1,28000,28000,Debit Card,Take Away
SUN-7064517,2023-12-14,Cinnamon Roll,Dessert,DST-05,4,28000,112000,Unknown,Online Order
SUN-3376710,2023-10-08,New York Cheesecake,Dessert,DST-03,4,42000,168000,Debit Card,Dine In
SUN-6328490,2023-04-06,Grill Chicken Caesar Salad,Food,FOD-04,1,42000,42000,Debit Card,Online Order
SUN-6006320,2023-01-31,Iced Americano,Drinks,DRK-02,4,28000,112000,Cash,Unknown
SUN-5542721,2023-07-26,Classic Tirmaisu,Dessert,DST-01,4,38000,152000,Digital Wallet,Dine In
SUN-2852391,2023-08-24,Caramel Machiato,Drinks,DRK-04,1,38000,38000,Digital Wallet,Take Away
SUN-4349097,2023-06-09,New York Cheesecake,Dessert,DST-03,3,42000,126000,Debit Card,Dine In
SUN-9676884,2023-07-25,Cinnamon Roll,Dessert,DST-05,2,28000,56000,Cash,Dine In
SUN-1183588,2023-04-14,Iced Americano,Drinks,DRK-02,4,28000,112000,Debit Card,Unknown
SUN-1509668,2023-09-27,Cafe Latte,Drinks,DRK-03,1,32000,32000,Debit Card,Unknown
SUN-5523264,2023-07-29,Caramel Machiato,Drinks,DRK-04,4,38000,152000,Digital Wallet,Take Away
SUN-3997167,2023-12-11,Nasi Goreng Kampung,Food,FOD-03,3,38000,114000,Cash,Take Away
SUN-7059512,2023-01-01,Cinnamon Roll,Dessert,DST-05,4,28000,112000,Digital Wallet,Online Order
SUN-9756216,2023-03-28,Classic Tirmaisu,Dessert,DST-01,2,38000,76000,Digital Wallet,Dine In
SUN-9931904,2023-01-17,New York Cheesecake,Dessert,DST-03,4,42000,168000,Cash,Take Away
SUN-9488885,2023-06-26,Nasi Goreng Kampung,Food,FOD-03,3,38000,114000,Debit Card,Dine In
SUN-4829294,2023-02-09,Choco Lava Cake,Dessert,DST-04,2,35000,70000,Unknown,Dine In
SUN-2620888,2023-10-02,Classic Tirmaisu,Dessert,DST-01,3,38000,114000,Digital Wallet,Online Order
SUN-7919612,2023-03-07,Nasi Goreng Kampung,Food,FOD-03,3,38000,114000,Digital Wallet,Dine In
SUN-6641778,2023-03-15,Nasi Goreng Kampung,Food,FOD-03,4,38000,152000,Digital Wallet,Dine In
SUN-9892653,2023-10-03,Espreso Single,Drinks,DRK-01,3,22000,66000,Unknown,Unknown
SUN-3351867,2023-02-03,Caramel Machiato,Drinks,DRK-04,3,38000,114000,Cash,Take Away
SUN-9977317,,Grill Chicken Caesar Salad,Food,FOD-04,4,42000,168000,Debit Card,Dine In
SUN-6815697,2023-02-20,Choco Lava Cake,Dessert,DST-04,4,35000,140000,Digital Wallet,Online Order
SUN-8408240,2023-12-29,Choco Lava Cake,Dessert,DST-04,3,35000,105000,Cash,Unknown
SUN-4364144,2023-12-07,Grill Chicken Caesar Salad,Food,FOD-04,4,42000,168000,Cash,Dine In
SUN-7625581,2023-08-03,Choco Lava Cake,Dessert,DST-04,1,35000,35000,Unknown,Take Away
SUN-5217333,2023-10-16,Buttermilk Fried Chicken,Food,FOD-01,4,48000,192000,Cash,Take Away
SUN-7580288,2023-09-24,Buttermilk Fried Chicken,Food,FOD-01,3,48000,144000,Digital Wallet,Online Order
SUN-3919860,2023-03-15,Classic Tirmaisu,Dessert,DST-01,4,38000,152000,Debit Card,Dine In
SUN-9681854,2023-12-27,Espreso Single,Drinks,DRK-01,2,22000,44000,Debit Card,Take Away
SUN-9140493,2023-01-06,Choco Lava Cake,Dessert,DST-04,4,35000,140000,Unknown,Take Away
SUN-5670908,2023-11-26,Fudgy Brownies,Dessert,DST-02,3,25000,75000,Unknown,Online Order
SUN-8779334,2023-08-21,Choco Lava Cake,Dessert,DST-04,2,35000,70000,Unknown,Dine In
SUN-2338839,2023-05-07,Cinnamon Roll,Dessert,DST-05,3,28000,84000,Debit Card,Take Away
SUN-4073337,2023-04-28,Fudgy Brownies,Dessert,DST-02,4,25000,100000,Debit Card,Dine In
SUN-6637400,2023-12-15,Fudgy Brownies,Dessert,DST-02,3,25000,75000,Cash,Take Away
SUN-4458771,2023-03-25,Creamy Maycha Latte,Drinks,DRK-05,4,35000,140000,Digital Wallet,Online Order
SUN-9022180,2023-11-28,Classic Tirmaisu,Dessert,DST-01,3,38000,114000,Digital Wallet,Online Order
SUN-6327514,2023-03-14,Iced Americano,Drinks,DRK-02,,28000,,Cash,Unknown
SUN-3907757,2023-12-02,Grill Chicken Caesar Salad,Food,FOD-04,4,42000,168000,Debit Card,Take Away
SUN-3156852,2023-06-22,Choco Lava Cake,Dessert,DST-04,3,35000,105000,Debit Card,Online Order
SUN-4296233,2023-11-24,Fudgy Brownies,Dessert,DST-02,1,25000,25000,Digital Wallet,Online Order
SUN-5422702,2023-05-05,Buttermilk Fried Chicken,Food,FOD-01,1,48000,48000,Debit Card,Online Order
SUN-9578555,2023-10-19,Classic Tirmaisu,Dessert,DST-01,1,38000,38000,Cash,Dine In
SUN-9412589,2023-12-10,Creamy Maycha Latte,Drinks,DRK-05,1,35000,35000,Unknown,Dine In
SUN-5388867,2023-08-17,Espreso Single,Drinks,DRK-01,3,22000,66000,Cash,Dine In
SUN-7911469,2023-07-26,Nasi Goreng Kampung,Food,FOD-03,4,38000,152000,Cash,Unknown
SUN-1386454,2023-10-02,Cinnamon Roll,Dessert,DST-05,3,28000,84000,Cash,Take Away
SUN-9898208,2023-11-25,Caramel Machiato,Drinks,DRK-04,3,38000,114000,Debit Card,Unknown
SUN-5098530,2023-12-05,Nasi Goreng Kampung,Food,FOD-03,3,38000,114000,Unknown,Online Order
SUN-6424413,2023-12-04,Buttermilk Fried Chicken,Food,FOD-01,4,48000,192000,Cash,Unknown
SUN-5701250,2023-11-08,Buttermilk Fried Chicken,Food,FOD-01,2,48000,96000,Digital Wallet,Online Order
SUN-1523691,2023-11-25,Creamy Maycha Latte,Drinks,DRK-05,4,35000,140000,Debit Card,Take Away
SUN-9016259,2023-12-06,Cinnamon Roll,Dessert,DST-05,2,28000,56000,Digital Wallet,Unknown
SUN-9914730,2023-07-01,Iced Americano,Drinks,DRK-02,3,28000,84000,Unknown,Take Away
SUN-2402621,2023-06-14,New York Cheesecake,Dessert,DST-03,1,42000,42000,Digital Wallet,Take Away
SUN-9607629,2023-08-01,Grill Chicken Caesar Salad,Food,FOD-04,4,42000,168000,Digital Wallet,Online Order
SUN-2941793,2023-07-02,New York Cheesecake,Dessert,DST-03,2,42000,84000,Unknown,Take Away
SUN-8897833,2023-07-15,Beef Carbonara Pasta,Food,FOD-02,2,52000,104000,Debit Card,Online Order
SUN-7240484,2023-01-26,Beef Carbonara Pasta,Food,FOD-02,2,52000,104000,Debit Card,Dine In
SUN-4901160,2023-01-08,Cinnamon Roll,Dessert,DST-05,3,28000,84000,Debit Card,Take Away
SUN-9976657,2023-05-21,Nasi Goreng Kampung,Food,FOD-03,4,38000,152000,Debit Card,Online Order
SUN-8915791,2023-12-12,Cinnamon Roll,Dessert,DST-05,4,28000,112000,Digital Wallet,Online Order
SUN-4838085,2023-04-26,Choco Lava Cake,Dessert,DST-04,4,35000,140000,Cash,Take Away
SUN-2716045,2023-02-25,Caramel Machiato,Drinks,DRK-04,1,38000,38000,Debit Card,Online Order
SUN-8247752,2023-09-29,Buttermilk Fried Chicken,Food,FOD-01,4,48000,192000,Digital Wallet,Online Order
SUN-7778921,2023-07-22,Beef Carbonara Pasta,Food,FOD-02,1,52000,52000,Digital Wallet,Online Order
SUN-5031517,2023-08-05,Beef Carbonara Pasta,Food,FOD-02,1,52000,52000,Debit Card,Online Order
SUN-2710753,2023-09-07,Cafe Latte,Drinks,DRK-03,4,32000,128000,Digital Wallet,Take Away
SUN-7261012,2023-09-04,Cinnamon Roll,Dessert,DST-05,2,28000,56000,Debit Card,Take Away
SUN-7107720,2023-10-15,Beef Carbonara Pasta,Food,FOD-02,1,52000,52000,Cash,Take Away
SUN-5731584,2023-07-25,Club Sandwich,Food,FOD-05,4,45000,180000,Unknown,Dine In
SUN-4078615,2023-07-17,New York Cheesecake,Dessert,DST-03,1,42000,42000,Cash,Unknown
SUN-5230144,2023-12-14,Club Sandwich,Food,FOD-05,1,45000,45000,Digital Wallet,Online Order
SUN-2292827,2023-08-22,Beef Carbonara Pasta,Food,FOD-02,2,52000,104000,Cash,Take Away
SUN-9418096,2023-04-07,Beef Carbonara Pasta,Food,FOD-02,1,52000,52000,Cash,Dine In
SUN-6957542,2023-10-29,Caramel Machiato,Drinks,DRK-04,1,38000,38000,Digital Wallet,Online Order
SUN-1932249,2023-10-05,Beef Carbonara Pasta,Food,FOD-02,1,52000,52000,Digital Wallet,Online Order
SUN-9951647,2023-08-23,Cinnamon Roll,Dessert,DST-05,4,28000,112000,Digital Wallet,Online Order
SUN-4452973,2023-05-06,Buttermilk Fried Chicken,Food,FOD-01,3,48000,144000,Cash,Take Away
SUN-1526670,2023-09-01,New York Cheesecake,Dessert,DST-03,3,42000,126000,Debit Card,Online Order
SUN-9128467,2023-10-26,Club Sandwich,Food,FOD-05,1,45000,45000,Digital Wallet,Online Order
SUN-9091051,2023-11-08,Espreso Single,Drinks,DRK-01,2,22000,44000,Unknown,Online Order
SUN-9428135,2023-07-19,Caramel Machiato,Drinks,DRK-04,,38000,,Digital Wallet,Dine In
SUN-2743758,2023-01-27,Fudgy Brownies,Dessert,DST-02,1,25000,25000,Cash,Take Away
SUN-6012013,2023-07-07,Classic Tirmaisu,Dessert,DST-01,1,38000,38000,Cash,Take Away
SUN-5764406,2023-07-09,Iced Americano,Drinks,DRK-02,3,28000,84000,Debit Card,Online Order
SUN-3783445,2023-09-12,Fudgy Brownies,Dessert,DST-02,3,25000,75000,Unknown,Unknown
SUN-4832463,2023-01-10,Iced Americano,Drinks,DRK-02,3,28000,84000,Debit Card,Unknown
SUN-2074114,2023-12-26,Grill Chicken Caesar Salad,Food,FOD-04,4,42000,168000,Unknown,Unknown
SUN-3575092,2023-02-25,Cinnamon Roll,Dessert,DST-05,2,28000,56000,Debit Card,Unknown
SUN-1552645,2023-10-15,Cafe Latte,Drinks,DRK-03,2,32000,64000,Debit Card,Take Away
SUN-2676081,2023-01-11,Grill Chicken Caesar Salad,Food,FOD-04,3,42000,126000,Debit Card,Online Order
SUN-7597954,2023-12-25,Iced Americano,Drinks,DRK-02,4,28000,112000,Unknown,Dine In
SUN-1391755,2023-11-13,Classic Tirmaisu,Dessert,DST-01,3,38000,114000,Digital Wallet,Unknown
SUN-4003667,2023-07-25,Beef Carbonara Pasta,Food,FOD-02,3,52000,156000,Unknown,Online Order
SUN-3472385,2023-05-01,Iced Americano,Drinks,DRK-02,1,28000,28000,Debit Card,Online Order
SUN-1752832,2023-06-24,New York Cheesecake,Dessert,DST-03,2,42000,84000,Digital Wallet,Dine In
SUN-6303106,2023-07-10,Fudgy Brownies,Dessert,DST-02,4,25000,100000,Cash,Take Away
SUN-9953906,2023-03-07,Nasi Goreng Kampung,Food,FOD-03,1,38000,38000,Debit Card,Unknown
SUN-9639055,2023-10-15,Classic Tirmaisu,Dessert,DST-01,2,38000,76000,Digital Wallet,Unknown
SUN-9331752,2023-08-14,Club Sandwich,Food,FOD-05,4,45000,180000,Debit Card,Take Away
SUN-4242839,2023-09-09,Beef Carbonara Pasta,Food,FOD-02,2,52000,104000,Digital Wallet,Online Order
SUN-5269211,2023-02-20,Iced Americano,Drinks,DRK-02,4,28000,112000,Debit Card,Take Away
SUN-3327438,2023-12-05,Beef Carbonara Pasta,Food,FOD-02,1,52000,52000,Debit Card,Take Away
SUN-4951268,2023-07-11,Buttermilk Fried Chicken,Food,FOD-01,4,48000,192000,Unknown,Dine In
SUN-6871013,2023-06-28,Buttermilk Fried Chicken,Food,FOD-01,1,48000,48000,Cash,Take Away
SUN-4220032,2023-01-17,Buttermilk Fried Chicken,Food,FOD-01,4,48000,192000,Unknown,Take Away
SUN-9640765,2023-09-14,Choco Lava Cake,Dessert,DST-04,3,35000,105000,Unknown,Take Away
SUN-2109267,2023-11-02,Espreso Single,Drinks,DRK-01,1,22000,22000,Cash,Take Away
SUN-8512582,2023-11-13,Cafe Latte,Drinks,DRK-03,2,32000,64000,Cash,Dine In
SUN-5908740,2023-03-07,Iced Americano,Drinks,DRK-02,3,28000,84000,Digital Wallet,Unknown
SUN-7396318,2023-02-09,Iced Americano,Drinks,DRK-02,1,28000,28000,Unknown,Take Away
SUN-3355823,2023-03-23,Classic Tirmaisu,Dessert,DST-01,1,38000,38000,Unknown,Dine In
SUN-7394254,2023-06-21,Grill Chicken Caesar Salad,Food,FOD-04,3,42000,126000,Debit Card,Take Away
SUN-5168668,2023-01-31,Caramel Machiato,Drinks,DRK-04,2,38000,76000,Debit Card,Dine In
SUN-1599130,2023-02-02,Cinnamon Roll,Dessert,DST-05,3,28000,84000,Digital Wallet,Dine In
SUN-4703954,2023-05-28,Caramel Machiato,Drinks,DRK-04,1,38000,38000,Digital Wallet,Online Order
SUN-9362512,2023-07-23,Club Sandwich,Food,FOD-05,1,45000,45000,Digital Wallet,Dine In
SUN-7585303,2023-01-10,Caramel Machiato,Drinks,DRK-04,3,38000,114000,Digital Wallet,Online Order
SUN-8963412,2023-04-25,Club Sandwich,Food,FOD-05,2,45000,90000,Cash,Dine In
SUN-1188679,,New York Cheesecake,Dessert,DST-03,4,42000,168000,Unknown,Dine In
SUN-5688247,2023-11-03,Choco Lava Cake,Dessert,DST-04,1,35000,35000,Unknown,Unknown
SUN-9486964,2023-08-03,New York Cheesecake,Dessert,DST-03,4,42000,168000,Cash,Dine In
SUN-2340186,2023-06-20,Creamy Maycha Latte,Drinks,DRK-05,2,35000,70000,Debit Card,Take Away
SUN-8575322,2023-02-15,Beef Carbonara Pasta,Food,FOD-02,2,52000,104000,Debit Card,Unknown
SUN-3427303,2023-03-01,New York Cheesecake,Dessert,DST-03,4,42000,168000,Debit Card,Online Order
SUN-3298745,2023-06-19,Cafe Latte,Drinks,DRK-03,1,32000,32000,Debit Card,Online Order
SUN-7621854,2023-11-15,Club Sandwich,Food,FOD-05,4,45000,180000,Debit Card,Take Away
SUN-7348389,2023-10-09,Fudgy Brownies,Dessert,DST-02,3,25000,75000,Debit Card,Take Away
SUN-1976524,2023-06-05,Cafe Latte,Drinks,DRK-03,4,32000,128000,Debit Card,Dine In
SUN-6518224,2023-07-23,Nasi Goreng Kampung,Food,FOD-03,2,38000,76000,Digital Wallet,Online Order
SUN-1031782,2023-01-08,Espreso Single,Drinks,DRK-01,1,22000,22000,Cash,Take Away
SUN-7871463,2023-06-07,Buttermilk Fried Chicken,Food,FOD-01,3,48000,144000,Debit Card,Online Order
SUN-5857056,2023-04-09,Grill Chicken Caesar Salad,Food,FOD-04,2,42000,84000,Debit Card,Online Order
SUN-2453949,2023-10-16,Espreso Single,Drinks,DRK-01,2,22000,44000,Debit Card,Dine In
SUN-3476928,,Beef Carbonara Pasta,Food,FOD-02,1,52000,52000,Digital Wallet,Take Away
SUN-6035675,2023-04-06,Nasi Goreng Kampung,Food,FOD-03,3,38000,114000,Cash,Take Away
SUN-1983373,2023-01-10,Cinnamon Roll,Dessert,DST-05,3,28000,84000,Unknown,Unknown
SUN-3078594,2023-06-10,Nasi Goreng Kampung,Food,FOD-03,2,38000,76000,Digital Wallet,Online Order
SUN-4725018,2023-02-21,Classic Tirmaisu,Dessert,DST-01,3,38000,114000,Debit Card,Dine In
SUN-9901555,2023-06-01,Fudgy Brownies,Dessert,DST-02,2,25000,50000,Digital Wallet,Online Order
SUN-3836856,2023-04-19,Choco Lava Cake,Dessert,DST-04,1,35000,35000,Cash,Unknown
SUN-2122596,2023-05-20,Creamy Maycha Latte,Drinks,DRK-05,2,35000,70000,Digital Wallet,Online Order
SUN-6238721,2023-05-04,Nasi Goreng Kampung,Food,FOD-03,4,38000,152000,Debit Card,Take Away
SUN-6942993,,Cinnamon Roll,Dessert,DST-05,3,28000,84000,Unknown,Dine In
SUN-8834849,2023-06-09,Choco Lava Cake,Dessert,DST-04,3,35000,105000,Unknown,Dine In
SUN-2623102,2023-08-02,Classic Tirmaisu,Dessert,DST-01,1,38000,38000,Digital Wallet,Dine In
SUN-7213293,2023-04-19,Buttermilk Fried Chicken,Food,FOD-01,2,48000,96000,Debit Card,Online Order
SUN-4299865,2023-02-13,Iced Americano,Drinks,DRK-02,1,28000,28000,Unknown,Dine In
SUN-3297640,2023-04-28,Creamy Maycha Latte,Drinks,DRK-05,2,35000,70000,Cash,Dine In
SUN-7902818,2023-01-18,Cinnamon Roll,Dessert,DST-05,1,28000,28000,Digital Wallet,Take Away
SUN-4651828,2023-06-18,Beef Carbonara Pasta,Food,FOD-02,3,52000,156000,Unknown,Unknown
SUN-2300385,2023-10-17,Cafe Latte,Drinks,DRK-03,1,32000,32000,Debit Card,Dine In
SUN-5693841,2023-05-09,Iced Americano,Drinks,DRK-02,2,28000,56000,Digital Wallet,Unknown
SUN-3861004,2023-08-29,Caramel Machiato,Drinks,DRK-04,4,38000,152000,Digital Wallet,Online Order
SUN-6943844,2023-10-01,New York Cheesecake,Dessert,DST-03,1,42000,42000,Unknown,Online Order
SUN-5685168,2023-12-04,Espreso Single,Drinks,DRK-01,4,22000,88000,Debit Card,Online Order
SUN-3515983,2023-10-13,Classic Tirmaisu,Dessert,DST-01,2,38000,76000,Debit Card,Take Away
SUN-9027687,2023-12-23,Buttermilk Fried Chicken,Food,FOD-01,3,48000,144000,Debit Card,Online Order
SUN-4418029,2023-01-07,Fudgy Brownies,Dessert,DST-02,1,25000,25000,Digital Wallet,Online Order
SUN-4236565,2023-02-07,Choco Lava Cake,Dessert,DST-04,1,35000,35000,Cash,Unknown
SUN-4557877,2023-03-01,Fudgy Brownies,Dessert,DST-02,3,25000,75000,Unknown,Dine In
SUN-1914015,2023-02-16,Classic Tirmaisu,Dessert,DST-01,4,38000,152000,Cash,Take Away
SUN-4928047,2023-02-07,Buttermilk Fried Chicken,Food,FOD-01,2,48000,96000,Debit Card,Online Order
SUN-5066557,2023-02-10,New York Cheesecake,Dessert,DST-03,1,42000,42000,Debit Card,Take Away
SUN-4630183,2023-05-09,Creamy Maycha Latte,Drinks,DRK-05,2,35000,70000,Cash,Take Away
SUN-5214943,2023-07-27,Creamy Maycha Latte,Drinks,DRK-05,3,35000,105000,Cash,Dine In
SUN-8689043,2023-05-11,Caramel Machiato,Drinks,DRK-04,1,38000,38000,Debit Card,Take Away
SUN-1746367,2023-01-22,Espreso Single,Drinks,DRK-01,1,22000,22000,Cash,Unknown
SUN-2861790,2023-10-01,Buttermilk Fried Chicken,Food,FOD-01,1,48000,48000,Cash,Dine In
SUN-9006933,,Fudgy Brownies,Dessert,DST-02,2,25000,50000,Debit Card,Take Away
SUN-7156864,2023-09-24,Cinnamon Roll,Dessert,DST-05,1,28000,28000,Debit Card,Online Order
SUN-4421847,2023-11-10,Choco Lava Cake,Dessert,DST-04,1,35000,35000,Digital Wallet,Online Order
SUN-2606903,2023-11-19,New York Cheesecake,Dessert,DST-03,2,42000,84000,Debit Card,Dine In
SUN-7553539,2023-06-17,New York Cheesecake,Dessert,DST-03,1,42000,42000,Digital Wallet,Online Order
SUN-5306660,2023-09-07,Espreso Single,Drinks,DRK-01,2,22000,44000,Cash,Dine In
SUN-5657652,2023-03-30,Grill Chicken Caesar Salad,Food,FOD-04,2,42000,84000,Digital Wallet,Online Order
SUN-5768499,2023-08-06,Iced Americano,Drinks,DRK-02,4,28000,112000,Cash,Unknown
SUN-6454047,2023-09-23,Nasi Goreng Kampung,Food,FOD-03,2,38000,76000,Digital Wallet,Take Away
SUN-2841707,2023-12-29,Classic Tirmaisu,Dessert,DST-01,2,38000,76000,Digital Wallet,Online Order
SUN-1098787,2023-05-05,New York Cheesecake,Dessert,DST-03,2,42000,84000,Debit Card,Dine In
SUN-2134773,2023-08-23,Club Sandwich,Food,FOD-05,1,45000,45000,Digital Wallet,Take Away
SUN-4159723,2023-03-19,Club Sandwich,Food,FOD-05,2,45000,90000,Debit Card,Unknown
SUN-4977455,2023-05-23,Iced Americano,Drinks,DRK-02,2,28000,56000,Digital Wallet,Unknown
SUN-4309362,2023-11-27,Nasi Goreng Kampung,Food,FOD-03,3,38000,114000,Unknown,Dine In
SUN-3943962,2023-04-22,Beef Carbonara Pasta,Food,FOD-02,1,52000,52000,Debit Card,Dine In
SUN-4103669,2023-06-10,Buttermilk Fried Chicken,Food,FOD-01,1,48000,48000,Cash,Dine In
SUN-8611345,2023-01-14,Espreso Single,Drinks,DRK-01,2,22000,44000,Debit Card,Online Order
SUN-6733748,2023-01-10,Creamy Maycha Latte,Drinks,DRK-05,1,35000,35000,Digital Wallet,Take Away
SUN-3863827,2023-12-11,Beef Carbonara Pasta,Food,FOD-02,3,52000,156000,Debit Card,Dine In
SUN-9239528,2023-03-20,Caramel Machiato,Drinks,DRK-04,3,38000,114000,Digital Wallet,Online Order
SUN-7323391,2023-10-02,Choco Lava Cake,Dessert,DST-04,2,35000,70000,Cash,Unknown
SUN-5788140,2023-02-25,Cinnamon Roll,Dessert,DST-05,1,28000,28000,Debit Card,Unknown
SUN-2307019,2023-05-18,Buttermilk Fried Chicken,Food,FOD-01,1,48000,48000,Cash,Take Away
SUN-4357330,2023-02-06,Creamy Maycha Latte,Drinks,DRK-05,1,35000,35000,Debit Card,Take Away
SUN-7949829,2023-11-16,Choco Lava Cake,Dessert,DST-04,3,35000,105000,Debit Card,Dine In
SUN-2046595,2023-10-22,Classic Tirmaisu,Dessert,DST-01,3,38000,114000,Digital Wallet,Online Order
SUN-9646589,2023-10-06,Beef Carbonara Pasta,Food,FOD-02,4,52000,208000,Debit Card,Dine In
SUN-5887780,2023-12-02,Cinnamon Roll,Dessert,DST-05,3,28000,84000,Debit Card,Online Order
SUN-6825589,2023-06-19,Buttermilk Fried Chicken,Food,FOD-01,4,48000,192000,Digital Wallet,Take Away
SUN-2579065,2023-01-13,Caramel Machiato,Drinks,DRK-04,3,38000,114000,Cash,Take Away
SUN-1776525,2023-12-15,New York Cheesecake,Dessert,DST-03,2,42000,84000,Digital Wallet,Unknown
SUN-1346962,2023-04-03,Espreso Single,Drinks,DRK-01,2,22000,44000,Debit Card,Dine In
SUN-7690047,2023-11-22,Espreso Single,Drinks,DRK-01,2,22000,44000,Cash,Dine In
SUN-2146255,2023-10-11,Nasi Goreng Kampung,Food,FOD-03,2,38000,76000,Debit Card,Dine In
SUN-3387181,,Club Sandwich,Food,FOD-05,4,45000,180000,Debit Card,Take Away
SUN-5734907,2023-02-12,Espreso Single,Drinks,DRK-01,1,22000,22000,Digital Wallet,Take Away
SUN-1088681,2023-06-05,Creamy Maycha Latte,Drinks,DRK-05,3,35000,105000,Debit Card,Online Order
SUN-3539139,2023-10-24,Cinnamon Roll,Dessert,DST-05,3,28000,84000,Cash,Take Away
SUN-2011688,2023-02-25,Creamy Maycha Latte,Drinks,DRK-05,2,35000,70000,Digital Wallet,Dine In
SUN-1454217,2023-07-28,Classic Tirmaisu,Dessert,DST-01,1,38000,38000,Debit Card,Dine In
SUN-1499273,2023-02-07,Cafe Latte,Drinks,DRK-03,4,32000,128000,Debit Card,Take Away
SUN-9888366,2023-12-08,Cinnamon Roll,Dessert,DST-05,1,28000,28000,Digital Wallet,Dine In
SUN-2059544,2023-05-11,Cinnamon Roll,Dessert,DST-05,4,28000,112000,Debit Card,Dine In
SUN-9001360,2023-12-21,Caramel Machiato,Drinks,DRK-04,4,38000,152000,Unknown,Take Away
SUN-2020211,2023-03-20,Buttermilk Fried Chicken,Food,FOD-01,4,48000,192000,Debit Card,Dine In
SUN-2763240,2023-01-06,Nasi Goreng Kampung,Food,FOD-03,4,38000,152000,Digital Wallet,Unknown
SUN-3271764,2023-01-26,Creamy Maycha Latte,Drinks,DRK-05,3,35000,105000,Cash,Unknown
SUN-5860232,2023-04-19,Choco Lava Cake,Dessert,DST-04,1,35000,35000,Debit Card,Dine In
SUN-5501206,2023-09-26,Nasi Goreng Kampung,Food,FOD-03,,38000,,Unknown,Online Order
SUN-3985919,2023-06-28,Creamy Maycha Latte,Drinks,DRK-05,4,35000,140000,Debit Card,Online Order
SUN-5394581,2023-12-17,Espreso Single,Drinks,DRK-01,4,22000,88000,Debit Card,Unknown
SUN-1645075,2023-08-28,Classic Tirmaisu,Dessert,DST-01,3,38000,114000,Debit Card,Unknown
SUN-9543136,2023-09-08,New York Cheesecake,Dessert,DST-03,2,42000,84000,Digital Wallet,Online Order
SUN-7951592,2023-08-26,Choco Lava Cake,Dessert,DST-04,4,35000,140000,Digital Wallet,Dine In
SUN-1293858,2023-11-28,Iced Americano,Drinks,DRK-02,4,28000,112000,Debit Card,Take Away
SUN-5817015,2023-05-19,Nasi Goreng Kampung,Food,FOD-03,2,38000,76000,Digital Wallet,Dine In
SUN-1246784,2023-11-14,Choco Lava Cake,Dessert,DST-04,3,35000,105000,Cash,Take Away
SUN-1212336,2023-01-09,Creamy Maycha Latte,Drinks,DRK-05,4,35000,140000,Cash,Take Away
SUN-9162899,2023-08-24,Grill Chicken Caesar Salad,Food,FOD-04,2,42000,84000,Unknown,Online Order
SUN-9232565,2023-06-20,Caramel Machiato,Drinks,DRK-04,1,38000,38000,Digital Wallet,Unknown
SUN-9810758,2023-07-10,Fudgy Brownies,Dessert,DST-02,4,25000,100000,Debit Card,Dine In
SUN-6515736,2023-11-04,Cinnamon Roll,Dessert,DST-05,1,28000,28000,Digital Wallet,Dine In
SUN-5562206,2023-05-11,Choco Lava Cake,Dessert,DST-04,2,35000,70000,Unknown,Dine In
SUN-4382261,2023-05-20,Club Sandwich,Food,FOD-05,4,45000,180000,Debit Card,Take Away
SUN-1007165,2023-06-30,Cinnamon Roll,Dessert,DST-05,1,28000,28000,Cash,Dine In
SUN-9003689,2023-06-23,Iced Americano,Drinks,DRK-02,1,28000,28000,Cash,Take Away
SUN-8632026,2023-04-28,Iced Americano,Drinks,DRK-02,1,28000,28000,Unknown,Dine In
SUN-7011509,2023-10-24,Club Sandwich,Food,FOD-05,2,45000,90000,Debit Card,Online Order
SUN-8844831,2023-03-04,Buttermilk Fried Chicken,Food,FOD-01,1,48000,48000,Digital Wallet,Unknown
SUN-9672004,2023-11-23,Iced Americano,Drinks,DRK-02,2,28000,56000,Digital Wallet,Online Order
SUN-8650584,2023-06-30,Buttermilk Fried Chicken,Food,FOD-01,1,48000,48000,Digital Wallet,Dine In
SUN-2290291,2023-08-19,Classic Tirmaisu,Dessert,DST-01,3,38000,114000,Debit Card,Online Order
SUN-3187342,2023-08-30,Beef Carbonara Pasta,Food,FOD-02,1,52000,52000,Debit Card,Take Away
SUN-6613208,2023-06-27,Club Sandwich,Food,FOD-05,2,45000,90000,Digital Wallet,Online Order
SUN-2177015,2023-08-02,Iced Americano,Drinks,DRK-02,1,28000,28000,Cash,Take Away
SUN-8096481,2023-05-06,Fudgy Brownies,Dessert,DST-02,2,25000,50000,Digital Wallet,Online Order
SUN-5899838,2023-09-27,Grill Chicken Caesar Salad,Food,FOD-04,2,42000,84000,Digital Wallet,Online Order
SUN-5268173,2023-07-06,New York Cheesecake,Dessert,DST-03,4,42000,168000,Unknown,Unknown
SUN-7735513,2023-05-03,Cinnamon Roll,Dessert,DST-05,1,28000,28000,Unknown,Online Order
SUN-5078740,2023-01-24,Choco Lava Cake,Dessert,DST-04,3,35000,105000,Debit Card,Online Order
SUN-9724475,2023-01-01,Espreso Single,Drinks,DRK-01,4,22000,88000,Digital Wallet,Online Order
SUN-3133785,2023-07-08,Beef Carbonara Pasta,Food,FOD-02,4,52000,208000,Digital Wallet,Online Order
SUN-2834693,2023-03-19,Nasi Goreng Kampung,Food,FOD-03,3,38000,114000,Digital Wallet,Online Order
SUN-9412494,2023-06-12,Espreso Single,Drinks,DRK-01,2,22000,44000,Digital Wallet,Dine In
SUN-8295223,2023-04-16,Choco Lava Cake,Dessert,DST-04,2,35000,70000,Digital Wallet,Unknown
SUN-4585078,2023-01-25,Fudgy Brownies,Dessert,DST-02,1,25000,25000,Cash,Take Away
SUN-1521619,2023-07-21,Grill Chicken Caesar Salad,Food,FOD-04,4,42000,168000,Debit Card,Online Order
SUN-2836186,2023-10-18,Espreso Single,Drinks,DRK-01,4,22000,88000,Digital Wallet,Dine In
SUN-7440335,2023-05-23,Fudgy Brownies,Dessert,DST-02,1,25000,25000,Debit Card,Dine In
SUN-3128485,2023-02-21,Club Sandwich,Food,FOD-05,3,45000,135000,Digital Wallet,Dine In
SUN-5307363,2023-08-29,Nasi Goreng Kampung,Food,FOD-03,1,38000,38000,Debit Card,Online Order
SUN-6939714,2023-06-25,Buttermilk Fried Chicken,Food,FOD-01,4,48000,192000,Unknown,Online Order
SUN-7983450,2023-03-23,Creamy Maycha Latte,Drinks,DRK-05,2,35000,70000,Unknown,Online Order
SUN-5850921,2023-06-12,Choco Lava Cake,Dessert,DST-04,3,35000,105000,Debit Card,Online Order
SUN-2385792,2023-06-20,Iced Americano,Drinks,DRK-02,4,28000,112000,Digital Wallet,Take Away
SUN-4527903,2023-05-05,Buttermilk Fried Chicken,Food,FOD-01,1,48000,48000,Debit Card,Online Order
SUN-5639913,2023-01-01,Espreso Single,Drinks,DRK-01,3,22000,66000,Debit Card,Dine In
SUN-8264286,2023-11-18,New York Cheesecake,Dessert,DST-03,2,42000,84000,Debit Card,Take Away
SUN-8232630,2023-09-08,Club Sandwich,Food,FOD-05,3,45000,135000,Debit Card,Unknown
SUN-7629533,2023-05-17,Cafe Latte,Drinks,DRK-03,1,32000,32000,Debit Card,Online Order
SUN-5118885,2023-11-12,Cinnamon Roll,Dessert,DST-05,3,28000,84000,Digital Wallet,Online Order
SUN-6950061,,Creamy Maycha Latte,Drinks,DRK-05,2,35000,70000,Unknown,Take Away
SUN-5179527,2023-11-10,Iced Americano,Drinks,DRK-02,4,28000,112000,Debit Card,Online Order
SUN-6651742,2023-06-04,Caramel Machiato,Drinks,DRK-04,4,38000,152000,Cash,Take Away
SUN-3798870,2023-11-16,Cafe Latte,Drinks,DRK-03,2,32000,64000,Cash,Dine In
SUN-1372878,2023-07-01,Choco Lava Cake,Dessert,DST-04,2,35000,70000,Cash,Dine In
SUN-9804686,2023-03-13,Fudgy Brownies,Dessert,DST-02,4,25000,100000,Debit Card,Dine In
SUN-5478135,2023-04-07,Espreso Single,Drinks,DRK-01,2,22000,44000,Debit Card,Online Order
SUN-2404281,2023-12-25,Nasi Goreng Kampung,Food,FOD-03,1,38000,38000,Cash,Dine In
SUN-6722467,2023-07-13,Classic Tirmaisu,Dessert,DST-01,1,38000,38000,Digital Wallet,Online Order
SUN-6731113,2023-07-21,Beef Carbonara Pasta,Food,FOD-02,1,52000,52000,Digital Wallet,Online Order
SUN-6040923,2023-12-03,Choco Lava Cake,Dessert,DST-04,4,35000,140000,Digital Wallet,Unknown
SUN-4286010,2023-03-09,Nasi Goreng Kampung,Food,FOD-03,2,38000,76000,Cash,Take Away
SUN-6557642,2023-05-31,Creamy Maycha Latte,Drinks,DRK-05,3,35000,105000,Cash,Dine In
SUN-8727993,2023-02-03,Cinnamon Roll,Dessert,DST-05,2,28000,56000,Debit Card,Online Order
SUN-2327410,2023-03-02,Creamy Maycha Latte,Drinks,DRK-05,1,35000,35000,Cash,Dine In
SUN-4422219,2023-01-26,Fudgy Brownies,Dessert,DST-02,1,25000,25000,Debit Card,Online Order
SUN-3195182,2023-09-12,Classic Tirmaisu,Dessert,DST-01,2,38000,76000,Cash,Take Away
SUN-6726396,2023-08-21,Iced Americano,Drinks,DRK-02,4,28000,112000,Cash,Take Away
SUN-5199372,2023-10-12,Club Sandwich,Food,FOD-05,4,45000,180000,Unknown,Take Away
SUN-8038480,2023-08-18,Club Sandwich,Food,FOD-05,3,45000,135000,Debit Card,Unknown
SUN-7255836,2023-08-10,Club Sandwich,Food,FOD-05,1,45000,45000,Cash,Take Away
SUN-9806865,2023-10-15,Cafe Latte,Drinks,DRK-03,2,32000,64000,Digital Wallet,Unknown
SUN-5287095,2023-05-24,Buttermilk Fried Chicken,Food,FOD-01,4,48000,192000,Digital Wallet,Dine In
SUN-5212660,2023-08-29,Iced Americano,Drinks,DRK-02,2,28000,56000,Digital Wallet,Online Order
SUN-8736169,2023-12-03,Creamy Maycha Latte,Drinks,DRK-05,2,35000,70000,Digital Wallet,Dine In
SUN-4194129,2023-07-09,Cafe Latte,Drinks,DRK-03,1,32000,32000,Debit Card,Take Away
SUN-6727365,2023-10-25,Grill Chicken Caesar Salad,Food,FOD-04,1,42000,42000,Cash,Dine In
SUN-2795097,2023-03-01,Grill Chicken Caesar Salad,Food,FOD-04,4,42000,168000,Debit Card,Unknown
SUN-1631435,2023-10-30,Buttermilk Fried Chicken,Food,FOD-01,4,48000,192000,Cash,Dine In
SUN-8731482,2023-09-26,Club Sandwich,Food,FOD-05,2,45000,90000,Debit Card,Dine In
SUN-2299583,2023-10-03,Grill Chicken Caesar Salad,Food,FOD-04,4,42000,168000,Cash,Dine In
SUN-5481744,2023-01-02,Classic Tirmaisu,Dessert,DST-01,4,38000,152000,Unknown,Take Away
SUN-2470123,2023-06-24,Classic Tirmaisu,Dessert,DST-01,2,38000,76000,Debit Card,Dine In
SUN-9535583,2023-08-30,Choco Lava Cake,Dessert,DST-04,2,35000,70000,Digital Wallet,Unknown
SUN-3262910,2023-03-18,Club Sandwich,Food,FOD-05,1,45000,45000,Digital Wallet,Take Away
SUN-9963085,2023-03-02,Espreso Single,Drinks,DRK-01,4,22000,88000,Debit Card,Unknown
SUN-2855565,2023-10-26,Nasi Goreng Kampung,Food,FOD-03,3,38000,114000,Debit Card,Online Order
SUN-9945723,2023-02-27,Cinnamon Roll,Dessert,DST-05,4,28000,112000,Digital Wallet,Take Away
SUN-9003401,2023-03-29,Iced Americano,Drinks,DRK-02,3,28000,84000,Debit Card,Take Away
SUN-1241688,2023-11-27,Beef Carbonara Pasta,Food,FOD-02,3,52000,156000,Digital Wallet,Dine In
SUN-6000485,2023-02-24,Espreso Single,Drinks,DRK-01,3,22000,66000,Debit Card,Unknown
SUN-5089810,2023-12-05,Espreso Single,Drinks,DRK-01,4,22000,88000,Digital Wallet,Unknown
SUN-6005665,2023-07-14,Cinnamon Roll,Dessert,DST-05,2,28000,56000,Digital Wallet,Take Away
SUN-8801578,2023-09-20,Club Sandwich,Food,FOD-05,2,45000,90000,Digital Wallet,Take Away
SUN-1512013,2023-05-08,Buttermilk Fried Chicken,Food,FOD-01,4,48000,192000,Digital Wallet,Unknown
SUN-6462291,2023-03-25,Iced Americano,Drinks,DRK-02,2,28000,56000,Cash,Dine In
SUN-3620108,2023-01-20,Iced Americano,Drinks,DRK-02,4,28000,112000,Debit Card,Dine In
SUN-6010391,2023-06-21,Cafe Latte,Drinks,DRK-03,1,32000,32000,Digital Wallet,Online Order
SUN-3896615,2023-03-31,Classic Tirmaisu,Dessert,DST-01,1,38000,38000,Debit Card,Take Away
SUN-3901634,2023-05-07,Fudgy Brownies,Dessert,DST-02,4,25000,100000,Debit Card,Take Away
SUN-9997211,2023-11-27,Caramel Machiato,Drinks,DRK-04,2,38000,76000,Unknown,Dine In
SUN-5374268,2023-02-12,Classic Tirmaisu,Dessert,DST-01,1,38000,38000,Debit Card,Dine In
SUN-8385257,2023-03-09,Club Sandwich,Food,FOD-05,3,45000,135000,Cash,Take Away
SUN-1766022,2023-03-28,Caramel Machiato,Drinks,DRK-04,1,38000,38000,Digital Wallet,Online Order
SUN-3642545,2023-03-03,Classic Tirmaisu,Dessert,DST-01,1,38000,38000,Unknown,Dine In
SUN-4501194,2023-01-22,Club Sandwich,Food,FOD-05,3,45000,135000,Debit Card,Take Away
SUN-7560363,2023-06-12,Club Sandwich,Food,FOD-05,2,45000,90000,Digital Wallet,Dine In
SUN-3235729,2023-12-21,Club Sandwich,Food,FOD-05,1,45000,45000,Digital Wallet,Take Away
SUN-4012969,2023-11-26,Espreso Single,Drinks,DRK-01,4,22000,88000,Debit Card,Online Order
SUN-4325179,2023-03-28,Buttermilk Fried Chicken,Food,FOD-01,1,48000,48000,Digital Wallet,Take Away
SUN-2377730,2023-02-03,Espreso Single,Drinks,DRK-01,1,22000,22000,Debit Card,Take Away
SUN-5693316,2023-05-22,Club Sandwich,Food,FOD-05,2,45000,90000,Digital Wallet,Unknown
SUN-1649278,2023-01-14,Beef Carbonara Pasta,Food,FOD-02,4,52000,208000,Digital Wallet,Online Order
SUN-6676103,2023-04-01,Classic Tirmaisu,Dessert,DST-01,2,38000,76000,Digital Wallet,Dine In
SUN-7211180,2023-03-15,Fudgy Brownies,Dessert,DST-02,4,25000,100000,Debit Card,Online Order
SUN-1054382,2023-08-26,Club Sandwich,Food,FOD-05,1,45000,45000,Digital Wallet,Take Away
SUN-7392240,2023-02-14,Cafe Latte,Drinks,DRK-03,2,32000,64000,Digital Wallet,Dine In
SUN-4523300,2023-07-25,Caramel Machiato,Drinks,DRK-04,2,38000,76000,Debit Card,Dine In
SUN-3834430,2023-08-13,Fudgy Brownies,Dessert,DST-02,1,25000,25000,Cash,Take Away
SUN-9494961,2023-10-07,Espreso Single,Drinks,DRK-01,2,22000,44000,Cash,Dine In
SUN-7424130,2023-05-26,Beef Carbonara Pasta,Food,FOD-02,3,52000,156000,Debit Card,Unknown
SUN-3836312,2023-01-05,Cinnamon Roll,Dessert,DST-05,2,28000,56000,Digital Wallet,Online Order
SUN-8438641,2023-10-05,Cafe Latte,Drinks,DRK-03,4,32000,128000,Cash,Dine In
SUN-7927993,2023-03-16,Espreso Single,Drinks,DRK-01,3,22000,66000,Digital Wallet,Unknown
SUN-8867129,2023-09-29,Club Sandwich,Food,FOD-05,4,45000,180000,Cash,Dine In
SUN-9827032,2023-08-07,Buttermilk Fried Chicken,Food,FOD-01,1,48000,48000,Unknown,Online Order
SUN-1394593,2023-12-10,Caramel Machiato,Drinks,DRK-04,2,38000,76000,Debit Card,Unknown
SUN-6262616,2023-07-30,Beef Carbonara Pasta,Food,FOD-02,4,52000,208000,Cash,Dine In
SUN-9505044,2023-05-30,Choco Lava Cake,Dessert,DST-04,4,35000,140000,Debit Card,Dine In
SUN-1348459,2023-10-28,Creamy Maycha Latte,Drinks,DRK-05,1,35000,35000,Debit Card,Take Away
SUN-1076140,2023-02-23,Buttermilk Fried Chicken,Food,FOD-01,4,48000,192000,Unknown,Take Away
SUN-5310172,2023-01-30,Grill Chicken Caesar Salad,Food,FOD-04,2,42000,84000,Debit Card,Online Order
SUN-5057749,2023-09-09,Choco Lava Cake,Dessert,DST-04,3,35000,105000,Debit Card,Dine In
SUN-9892001,2023-05-16,Creamy Maycha Latte,Drinks,DRK-05,3,35000,105000,Debit Card,Take Away
SUN-4429825,2023-04-17,Cafe Latte,Drinks,DRK-03,3,32000,96000,Unknown,Online Order
SUN-5345779,2023-05-28,Beef Carbonara Pasta,Food,FOD-02,3,52000,156000,Debit Card,Online Order
SUN-4167359,2023-01-03,Buttermilk Fried Chicken,Food,FOD-01,4,48000,192000,Digital Wallet,Dine In
SUN-1252923,2023-07-07,Grill Chicken Caesar Salad,Food,FOD-04,3,42000,126000,Debit Card,Take Away
SUN-8521961,2023-06-13,New York Cheesecake,Dessert,DST-03,3,42000,126000,Cash,Dine In
SUN-9702898,2023-05-09,Classic Tirmaisu,Dessert,DST-01,4,38000,152000,Unknown,Online Order
SUN-8091300,2023-08-17,Caramel Machiato,Drinks,DRK-04,2,38000,76000,Digital Wallet,Take Away
SUN-3865336,2023-09-26,Cinnamon Roll,Dessert,DST-05,2,28000,56000,Unknown,Unknown
SUN-7648786,2023-10-26,Espreso Single,Drinks,DRK-01,4,22000,88000,Debit Card,Dine In
SUN-4977270,2023-02-08,Classic Tirmaisu,Dessert,DST-01,2,38000,76000,Digital Wallet,Take Away
SUN-3319637,2023-04-02,Creamy Maycha Latte,Drinks,DRK-05,3,35000,105000,Digital Wallet,Unknown
SUN-1048715,2023-01-23,Choco Lava Cake,Dessert,DST-04,4,35000,140000,Digital Wallet,Take Away
SUN-9614900,2023-01-20,Beef Carbonara Pasta,Food,FOD-02,4,52000,208000,Debit Card,Dine In
SUN-8331195,2023-04-25,New York Cheesecake,Dessert,DST-03,1,42000,42000,Debit Card,Dine In
SUN-4459089,2023-06-09,Beef Carbonara Pasta,Food,FOD-02,1,52000,52000,Digital Wallet,Unknown
SUN-4213040,2023-02-02,Grill Chicken Caesar Salad,Food,FOD-04,1,42000,42000,Digital Wallet,Take Away
SUN-7440610,2023-03-26,Fudgy Brownies,Dessert,DST-02,3,25000,75000,Digital Wallet,Unknown
SUN-3863344,2023-05-24,Cinnamon Roll,Dessert,DST-05,3,28000,84000,Debit Card,Take Away
SUN-9058154,2023-10-26,New York Cheesecake,Dessert,DST-03,3,42000,126000,Cash,Dine In
SUN-5535683,2023-07-31,Fudgy Brownies,Dessert,DST-02,4,25000,100000,Debit Card,Take Away
SUN-1632604,2023-12-01,Creamy Maycha Latte,Drinks,DRK-05,1,35000,35000,Debit Card,Unknown
SUN-2490499,2023-01-31,Choco Lava Cake,Dessert,DST-04,2,35000,70000,Digital Wallet,Online Order
SUN-2492416,2023-04-09,Classic Tirmaisu,Dessert,DST-01,1,38000,38000,Debit Card,Take Away
SUN-2647953,2023-06-17,Cafe Latte,Drinks,DRK-03,1,32000,32000,Digital Wallet,Dine In
SUN-7977596,2023-12-10,Cinnamon Roll,Dessert,DST-05,1,28000,28000,Debit Card,Dine In
SUN-5342858,2023-07-22,Fudgy Brownies,Dessert,DST-02,3,25000,75000,Unknown,Take Away
SUN-4350433,2023-07-30,Club Sandwich,Food,FOD-05,1,45000,45000,Unknown,Take Away
SUN-8830288,2023-07-26,Club Sandwich,Food,FOD-05,4,45000,180000,Digital Wallet,Take Away
SUN-5798361,2023-08-24,Caramel Machiato,Drinks,DRK-04,4,38000,152000,Debit Card,Take Away
SUN-9162841,2023-01-12,Cinnamon Roll,Dessert,DST-05,4,28000,112000,Cash,Unknown
SUN-7031803,2023-08-30,Iced Americano,Drinks,DRK-02,3,28000,84000,Digital Wallet,Dine In
SUN-3441463,2023-10-10,Classic Tirmaisu,Dessert,DST-01,1,38000,38000,Unknown,Online Order
SUN-8329399,2023-10-06,Nasi Goreng Kampung,Food,FOD-03,3,38000,114000,Digital Wallet,Online Order
SUN-8010646,2023-09-21,Buttermilk Fried Chicken,Food,FOD-01,2,48000,96000,Cash,Dine In
SUN-4534695,2023-02-04,Fudgy Brownies,Dessert,DST-02,1,25000,25000,Digital Wallet,Online Order
SUN-2651111,2023-04-19,Fudgy Brownies,Dessert,DST-02,3,25000,75000,Unknown,Unknown
SUN-7656384,2023-12-01,Caramel Machiato,Drinks,DRK-04,2,38000,76000,Cash,Unknown
SUN-8640509,2023-06-22,Caramel Machiato,Drinks,DRK-04,1,38000,38000,Cash,Take Away
SUN-3769988,2023-01-11,Cinnamon Roll,Dessert,DST-05,3,28000,84000,Debit Card,Dine In
SUN-5109620,2023-09-27,Caramel Machiato,Drinks,DRK-04,2,38000,76000,Unknown,Online Order
SUN-2197392,2023-03-14,Club Sandwich,Food,FOD-05,2,45000,90000,Debit Card,Take Away
SUN-7087248,2023-11-01,Classic Tirmaisu,Dessert,DST-01,2,38000,76000,Digital Wallet,Dine In
SUN-7398861,2023-10-08,Espreso Single,Drinks,DRK-01,3,22000,66000,Debit Card,Take Away
SUN-6222991,2023-04-01,Buttermilk Fried Chicken,Food,FOD-01,1,48000,48000,Unknown,Online Order
SUN-6643695,2023-08-18,Club Sandwich,Food,FOD-05,3,45000,135000,Digital Wallet,Take Away
SUN-6487036,2023-10-09,Iced Americano,Drinks,DRK-02,2,28000,56000,Digital Wallet,Take Away
SUN-3947999,2023-04-28,Beef Carbonara Pasta,Food,FOD-02,3,52000,156000,Cash,Take Away
SUN-8719143,2023-06-04,Caramel Machiato,Drinks,DRK-04,3,38000,114000,Digital Wallet,Online Order
SUN-7083951,2023-12-16,Fudgy Brownies,Dessert,DST-02,1,25000,25000,Digital Wallet,Online Order
SUN-3932453,2023-12-14,Choco Lava Cake,Dessert,DST-04,3,35000,105000,Digital Wallet,Take Away
SUN-9176670,2023-01-12,Buttermilk Fried Chicken,Food,FOD-01,4,48000,192000,Debit Card,Online Order
SUN-9695029,2023-11-17,Classic Tirmaisu,Dessert,DST-01,4,38000,152000,Unknown,Take Away
SUN-7858549,2023-12-29,Choco Lava Cake,Dessert,DST-04,,35000,,Unknown,Dine In
SUN-3733608,2023-05-11,Iced Americano,Drinks,DRK-02,2,28000,56000,Digital Wallet,Dine In
SUN-8974282,2023-08-16,Beef Carbonara Pasta,Food,FOD-02,3,52000,156000,Unknown,Online Order
SUN-5400711,2023-05-12,Caramel Machiato,Drinks,DRK-04,3,38000,114000,Unknown,Take Away
SUN-8476024,2023-12-07,Caramel Machiato,Drinks,DRK-04,4,38000,152000,Debit Card,Online Order
SUN-8284786,2023-06-27,Beef Carbonara Pasta,Food,FOD-02,1,52000,52000,Digital Wallet,Take Away
SUN-2709021,2023-10-13,Buttermilk Fried Chicken,Food,FOD-01,1,48000,48000,Digital Wallet,Take Away
SUN-5080049,2023-12-17,Cafe Latte,Drinks,DRK-03,3,32000,96000,Debit Card,Take Away
SUN-2449707,2023-09-15,Cinnamon Roll,Dessert,DST-05,3,28000,84000,Debit Card,Online Order
SUN-9203678,2023-02-22,Choco Lava Cake,Dessert,DST-04,1,35000,35000,Cash,Take Away
SUN-3900693,2023-05-28,Cinnamon Roll,Dessert,DST-05,3,28000,84000,Cash,Dine In
SUN-9031388,2023-07-20,Cafe Latte,Drinks,DRK-03,3,32000,96000,Debit Card,Dine In
SUN-7370969,,Beef Carbonara Pasta,Food,FOD-02,,52000,,Debit Card,Take Away
SUN-6570256,2023-08-25,Grill Chicken Caesar Salad,Food,FOD-04,1,42000,42000,Cash,Dine In
SUN-4308241,2023-12-21,Iced Americano,Drinks,DRK-02,4,28000,112000,Cash,Unknown
SUN-7381173,2023-09-20,Caramel Machiato,Drinks,DRK-04,2,38000,76000,Digital Wallet,Take Away
SUN-5533603,2023-12-30,Club Sandwich,Food,FOD-05,2,45000,90000,Digital Wallet,Take Away
SUN-4259678,2023-01-25,Classic Tirmaisu,Dessert,DST-01,4,38000,152000,Debit Card,Dine In
SUN-5324530,2023-03-19,Club Sandwich,Food,FOD-05,1,45000,45000,Debit Card,Online Order
SUN-5102133,2023-08-07,Caramel Machiato,Drinks,DRK-04,1,38000,38000,Digital Wallet,Unknown
SUN-6337770,2023-09-07,Cafe Latte,Drinks,DRK-03,3,32000,96000,Digital Wallet,Unknown
SUN-8745272,2023-06-14,Grill Chicken Caesar Salad,Food,FOD-04,1,42000,42000,Digital Wallet,Take Away
SUN-4802968,2023-02-26,Club Sandwich,Food,FOD-05,1,45000,45000,Digital Wallet,Online Order
SUN-7507520,2023-05-04,Classic Tirmaisu,Dessert,DST-01,3,38000,114000,Unknown,Dine In
SUN-2887746,2023-01-27,New York Cheesecake,Dessert,DST-03,2,42000,84000,Debit Card,Dine In
SUN-2249858,2023-12-21,Buttermilk Fried Chicken,Food,FOD-01,3,48000,144000,Debit Card,Dine In
SUN-2766434,2023-09-08,Cinnamon Roll,Dessert,DST-05,3,28000,84000,Cash,Take Away
SUN-8701821,2023-02-08,Nasi Goreng Kampung,Food,FOD-03,4,38000,152000,Debit Card,Online Order
SUN-7082755,2023-08-29,Espreso Single,Drinks,DRK-01,2,22000,44000,Unknown,Dine In
SUN-5503870,2023-09-16,Iced Americano,Drinks,DRK-02,1,28000,28000,Debit Card,Dine In
SUN-3054220,2023-03-21,Cafe Latte,Drinks,DRK-03,3,32000,96000,Cash,Dine In
SUN-9693872,,Nasi Goreng Kampung,Food,FOD-03,4,38000,152000,Digital Wallet,Take Away
SUN-3582620,2023-07-21,Cinnamon Roll,Dessert,DST-05,2,28000,56000,Debit Card,Online Order
SUN-5045173,2023-12-13,New York Cheesecake,Dessert,DST-03,3,42000,126000,Digital Wallet,Online Order
SUN-7504727,2023-01-07,Fudgy Brownies,Dessert,DST-02,1,25000,25000,Debit Card,Online Order
SUN-8298304,2023-07-02,Club Sandwich,Food,FOD-05,4,45000,180000,Unknown,Unknown
SUN-8805314,2023-02-27,Fudgy Brownies,Dessert,DST-02,4,25000,100000,Debit Card,Online Order
SUN-5111046,2023-06-15,Caramel Machiato,Drinks,DRK-04,1,38000,38000,Debit Card,Dine In
SUN-3800416,2023-08-26,Choco Lava Cake,Dessert,DST-04,1,35000,35000,Debit Card,Dine In
SUN-6105587,2023-04-01,Choco Lava Cake,Dessert,DST-04,4,35000,140000,Digital Wallet,Online Order
SUN-3753855,2023-05-12,Iced Americano,Drinks,DRK-02,2,28000,56000,Digital Wallet,Online Order
SUN-9782968,2023-07-14,Cinnamon Roll,Dessert,DST-05,3,28000,84000,Digital Wallet,Take Away
SUN-7307611,2023-03-08,Choco Lava Cake,Dessert,DST-04,2,35000,70000,Cash,Dine In
SUN-3369789,2023-11-12,Classic Tirmaisu,Dessert,DST-01,3,38000,114000,Digital Wallet,Online Order
SUN-4292056,2023-09-20,Grill Chicken Caesar Salad,Food,FOD-04,2,42000,84000,Debit Card,Online Order
SUN-5992833,2023-01-27,Beef Carbonara Pasta,Food,FOD-02,4,52000,208000,Debit Card,Online Order
SUN-8057476,2023-05-24,Nasi Goreng Kampung,Food,FOD-03,4,38000,152000,Debit Card,Take Away
SUN-2490786,2023-08-29,Cinnamon Roll,Dessert,DST-05,4,28000,112000,Digital Wallet,Online Order
SUN-4093739,2023-01-31,Espreso Single,Drinks,DRK-01,1,22000,22000,Digital Wallet,Take Away
SUN-4471323,2023-02-23,Iced Americano,Drinks,DRK-02,4,28000,112000,Debit Card,Online Order
SUN-7020751,2023-01-29,Classic Tirmaisu,Dessert,DST-01,3,38000,114000,Debit Card,Take Away
SUN-8998339,2023-03-24,New York Cheesecake,Dessert,DST-03,4,42000,168000,Cash,Dine In
SUN-5863315,2023-12-11,Iced Americano,Drinks,DRK-02,4,28000,112000,Digital Wallet,Dine In
SUN-8007109,2023-11-08,Club Sandwich,Food,FOD-05,2,45000,90000,Digital Wallet,Online Order
SUN-9833625,2023-08-24,Cafe Latte,Drinks,DRK-03,3,32000,96000,Debit Card,Online Order
SUN-5423463,2023-01-27,New York Cheesecake,Dessert,DST-03,3,42000,126000,Digital Wallet,Online Order
SUN-8970571,2023-10-15,Beef Carbonara Pasta,Food,FOD-02,3,52000,156000,Cash,Take Away
SUN-6585912,2023-09-25,Caramel Machiato,Drinks,DRK-04,4,38000,152000,Unknown,Dine In
SUN-1446686,2023-07-04,Grill Chicken Caesar Salad,Food,FOD-04,1,42000,42000,Digital Wallet,Unknown
SUN-6710749,2023-01-22,Iced Americano,Drinks,DRK-02,1,28000,28000,Debit Card,Online Order
SUN-2361225,2023-05-29,Nasi Goreng Kampung,Food,FOD-03,4,38000,152000,Debit Card,Online Order
SUN-5254897,2023-07-05,Club Sandwich,Food,FOD-05,1,45000,45000,Cash,Take Away
SUN-5351597,2023-02-10,Club Sandwich,Food,FOD-05,3,45000,135000,Unknown,Dine In
SUN-6513639,2023-08-16,Creamy Maycha Latte,Drinks,DRK-05,1,35000,35000,Debit Card,Dine In
SUN-3114568,2023-07-11,Nasi Goreng Kampung,Food,FOD-03,3,38000,114000,Debit Card,Online Order
SUN-3142388,2023-02-23,Grill Chicken Caesar Salad,Food,FOD-04,2,42000,84000,Debit Card,Take Away
SUN-6160368,2023-02-01,Choco Lava Cake,Dessert,DST-04,1,35000,35000,Cash,Take Away
SUN-4818273,2023-10-20,Classic Tirmaisu,Dessert,DST-01,1,38000,38000,Digital Wallet,Take Away
SUN-6902091,2023-01-31,Choco Lava Cake,Dessert,DST-04,1,35000,35000,Cash,Dine In
SUN-5767837,2023-03-22,Nasi Goreng Kampung,Food,FOD-03,3,38000,114000,Unknown,Dine In
SUN-7512880,2023-10-12,Cafe Latte,Drinks,DRK-03,4,32000,128000,Debit Card,Take Away
SUN-1076696,2023-06-23,Cafe Latte,Drinks,DRK-03,2,32000,64000,Debit Card,Online Order
SUN-1061356,2023-05-07,Iced Americano,Drinks,DRK-02,2,28000,56000,Debit Card,Online Order
SUN-2935519,2023-03-29,Classic Tirmaisu,Dessert,DST-01,1,38000,38000,Debit Card,Online Order
SUN-1367777,2023-06-10,Grill Chicken Caesar Salad,Food,FOD-04,4,42000,168000,Digital Wallet,Take Away
SUN-8126620,2023-10-06,Creamy Maycha Latte,Drinks,DRK-05,2,35000,70000,Unknown,Dine In
SUN-5920945,2023-03-15,Choco Lava Cake,Dessert,DST-04,1,35000,35000,Digital Wallet,Take Away
SUN-2298153,2023-04-02,Fudgy Brownies,Dessert,DST-02,1,25000,25000,Unknown,Dine In
SUN-3018107,2023-04-03,Fudgy Brownies,Dessert,DST-02,3,25000,75000,Debit Card,Online Order
SUN-3205939,2023-04-06,Beef Carbonara Pasta,Food,FOD-02,4,52000,208000,Cash,Unknown
SUN-2297720,2023-02-06,Cafe Latte,Drinks,DRK-03,4,32000,128000,Digital Wallet,Unknown
SUN-3172196,2023-01-05,Espreso Single,Drinks,DRK-01,2,22000,44000,Digital Wallet,Dine In
SUN-5604908,2023-11-17,Cinnamon Roll,Dessert,DST-05,4,28000,112000,Unknown,Unknown
SUN-9566819,2023-11-25,Iced Americano,Drinks,DRK-02,2,28000,56000,Cash,Take Away
SUN-3418601,2023-04-15,Cafe Latte,Drinks,DRK-03,4,32000,128000,Debit Card,Take Away
SUN-7523319,2023-01-13,New York Cheesecake,Dessert,DST-03,1,42000,42000,Digital Wallet,Online Order
SUN-7719061,2023-05-29,Cafe Latte,Drinks,DRK-03,4,32000,128000,Debit Card,Take Away
SUN-1665080,2023-04-25,Buttermilk Fried Chicken,Food,FOD-01,2,48000,96000,Debit Card,Online Order
SUN-3244486,2023-12-15,Cinnamon Roll,Dessert,DST-05,4,28000,112000,Debit Card,Take Away
SUN-8122147,2023-08-25,Caramel Machiato,Drinks,DRK-04,3,38000,114000,Unknown,Unknown
SUN-7524093,2023-03-15,Espreso Single,Drinks,DRK-01,3,22000,66000,Cash,Take Away
SUN-8665708,2023-05-02,Club Sandwich,Food,FOD-05,1,45000,45000,Debit Card,Online Order
SUN-9361271,2023-01-02,Fudgy Brownies,Dessert,DST-02,4,25000,100000,Debit Card,Dine In
SUN-4908468,2023-08-06,Choco Lava Cake,Dessert,DST-04,4,35000,140000,Unknown,Take Away
SUN-8347046,2023-04-20,Club Sandwich,Food,FOD-05,2,45000,90000,Digital Wallet,Take Away
SUN-3281014,2023-05-14,Fudgy Brownies,Dessert,DST-02,3,25000,75000,Digital Wallet,Take Away
SUN-2830354,2023-10-04,Grill Chicken Caesar Salad,Food,FOD-04,2,42000,84000,Digital Wallet,Take Away
SUN-4122218,2023-11-18,Cafe Latte,Drinks,DRK-03,4,32000,128000,Debit Card,Dine In
SUN-3096188,2023-09-20,Creamy Maycha Latte,Drinks,DRK-05,4,35000,140000,Debit Card,Online Order
SUN-3483574,2023-02-28,New York Cheesecake,Dessert,DST-03,3,42000,126000,Debit Card,Online Order
SUN-5829252,2023-11-01,New York Cheesecake,Dessert,DST-03,4,42000,168000,Debit Card,Online Order
SUN-4076402,2023-01-07,Nasi Goreng Kampung,Food,FOD-03,4,38000,152000,Digital Wallet,Online Order
SUN-4407036,2023-02-24,Nasi Goreng Kampung,Food,FOD-03,1,38000,38000,Unknown,Dine In
SUN-6360592,2023-02-06,Fudgy Brownies,Dessert,DST-02,1,25000,25000,Digital Wallet,Dine In
SUN-9744171,2023-05-22,Buttermilk Fried Chicken,Food,FOD-01,4,48000,192000,Digital Wallet,Take Away
SUN-1175068,2023-07-11,Beef Carbonara Pasta,Food,FOD-02,2,52000,104000,Debit Card,Online Order
SUN-1892335,2023-04-24,Club Sandwich,Food,FOD-05,,45000,,Cash,Dine In
SUN-8653308,2023-08-05,Buttermilk Fried Chicken,Food,FOD-01,1,48000,48000,Debit Card,Online Order
SUN-1570355,2023-12-17,Nasi Goreng Kampung,Food,FOD-03,1,38000,38000,Debit Card,Dine In
SUN-8764636,2023-11-01,Creamy Maycha Latte,Drinks,DRK-05,3,35000,105000,Debit Card,Unknown
SUN-6433301,2023-06-13,Cafe Latte,Drinks,DRK-03,4,32000,128000,Cash,Dine In
SUN-1903400,2023-12-15,Choco Lava Cake,Dessert,DST-04,2,35000,70000,Debit Card,Online Order
SUN-4702116,2023-07-30,Fudgy Brownies,Dessert,DST-02,3,25000,75000,Debit Card,Dine In
SUN-1745511,2023-05-27,Fudgy Brownies,Dessert,DST-02,3,25000,75000,Digital Wallet,Online Order
SUN-5566190,2023-03-04,Espreso Single,Drinks,DRK-01,1,22000,22000,Digital Wallet,Online Order
SUN-9961474,2023-10-28,Espreso Single,Drinks,DRK-01,4,22000,88000,Digital Wallet,Dine In
SUN-9783019,2023-01-17,Grill Chicken Caesar Salad,Food,FOD-04,1,42000,42000,Digital Wallet,Online Order
SUN-6667524,2023-05-28,Espreso Single,Drinks,DRK-01,2,22000,44000,Unknown,Online Order
SUN-9124026,2023-11-19,Classic Tirmaisu,Dessert,DST-01,1,38000,38000,Debit Card,Dine In
SUN-4216155,2023-05-16,Club Sandwich,Food,FOD-05,3,45000,135000,Digital Wallet,Online Order
SUN-6275963,2023-07-31,Caramel Machiato,Drinks,DRK-04,3,38000,114000,Debit Card,Online Order
SUN-7058153,2023-02-18,Creamy Maycha Latte,Drinks,DRK-05,4,35000,140000,Unknown,Take Away
SUN-3269266,2023-10-01,Cafe Latte,Drinks,DRK-03,1,32000,32000,Debit Card,Dine In
SUN-8099789,2023-11-14,Classic Tirmaisu,Dessert,DST-01,3,38000,114000,Unknown,Unknown
SUN-7949054,2023-01-13,New York Cheesecake,Dessert,DST-03,3,42000,126000,Digital Wallet,Online Order
SUN-9866116,2023-05-03,Iced Americano,Drinks,DRK-02,4,28000,112000,Unknown,Dine In
SUN-4156545,2023-11-23,Choco Lava Cake,Dessert,DST-04,4,35000,140000,Debit Card,Take Away
SUN-9783783,2023-08-25,Iced Americano,Drinks,DRK-02,3,28000,84000,Unknown,Unknown
SUN-3111457,2023-07-02,Espreso Single,Drinks,DRK-01,3,22000,66000,Digital Wallet,Take Away
SUN-8193276,2023-07-08,Buttermilk Fried Chicken,Food,FOD-01,1,48000,48000,Debit Card,Dine In
SUN-3098478,2023-01-03,Beef Carbonara Pasta,Food,FOD-02,2,52000,104000,Digital Wallet,Unknown
SUN-3140108,2023-12-30,Fudgy Brownies,Dessert,DST-02,4,25000,100000,Debit Card,Take Away
SUN-9535478,2023-05-26,Espreso Single,Drinks,DRK-01,3,22000,66000,Debit Card,Online Order
SUN-5536555,2023-04-04,Espreso Single,Drinks,DRK-01,2,22000,44000,Debit Card,Dine In
SUN-3588124,2023-08-21,Iced Americano,Drinks,DRK-02,1,28000,28000,Digital Wallet,Unknown
SUN-9420903,2023-07-21,Grill Chicken Caesar Salad,Food,FOD-04,4,42000,168000,Cash,Dine In
SUN-5458530,2023-03-16,Iced Americano,Drinks,DRK-02,2,28000,56000,Unknown,Dine In
SUN-8692245,2023-10-16,Grill Chicken Caesar Salad,Food,FOD-04,2,42000,84000,Unknown,Dine In
SUN-1803493,2023-05-17,Club Sandwich,Food,FOD-05,4,45000,180000,Unknown,Dine In
SUN-3494489,2023-03-11,Beef Carbonara Pasta,Food,FOD-02,1,52000,52000,Digital Wallet,Dine In
SUN-1344499,2023-11-11,Buttermilk Fried Chicken,Food,FOD-01,2,48000,96000,Cash,Unknown
SUN-7062742,2023-10-28,Cafe Latte,Drinks,DRK-03,3,32000,96000,Debit Card,Take Away
SUN-1870816,2023-12-10,Cinnamon Roll,Dessert,DST-05,3,28000,84000,Unknown,Unknown
SUN-3845205,2023-07-23,Choco Lava Cake,Dessert,DST-04,1,35000,35000,Debit Card,Unknown
SUN-4749779,2023-07-11,New York Cheesecake,Dessert,DST-03,1,42000,42000,Digital Wallet,Take Away
SUN-2120981,2023-02-07,Caramel Machiato,Drinks,DRK-04,3,38000,114000,Cash,Dine In
SUN-8987244,2023-09-25,Espreso Single,Drinks,DRK-01,2,22000,44000,Debit Card,Dine In
SUN-2370297,2023-12-20,Buttermilk Fried Chicken,Food,FOD-01,1,48000,48000,Cash,Dine In
SUN-5896014,2023-06-20,Fudgy Brownies,Dessert,DST-02,2,25000,50000,Unknown,Take Away
SUN-1741012,2023-05-31,Nasi Goreng Kampung,Food,FOD-03,3,38000,114000,Cash,Dine In
SUN-9200192,2023-04-23,Classic Tirmaisu,Dessert,DST-01,4,38000,152000,Debit Card,Dine In
SUN-7843436,2023-06-23,Buttermilk Fried Chicken,Food,FOD-01,3,48000,144000,Debit Card,Take Away
SUN-4961455,2023-02-13,Club Sandwich,Food,FOD-05,1,45000,45000,Digital Wallet,Dine In
SUN-1229516,2023-10-14,Creamy Maycha Latte,Drinks,DRK-05,1,35000,35000,Unknown,Unknown
SUN-2966768,2023-07-29,Cinnamon Roll,Dessert,DST-05,2,28000,56000,Debit Card,Unknown
SUN-5604266,2023-12-19,Espreso Single,Drinks,DRK-01,1,22000,22000,Digital Wallet,Online Order
SUN-6625289,2023-03-07,Espreso Single,Drinks,DRK-01,2,22000,44000,Digital Wallet,Unknown
SUN-5964979,2023-03-31,Caramel Machiato,Drinks,DRK-04,3,38000,114000,Digital Wallet,Take Away
SUN-4299765,2023-03-10,Choco Lava Cake,Dessert,DST-04,1,35000,35000,Unknown,Dine In
SUN-8222560,2023-02-19,Cinnamon Roll,Dessert,DST-05,,28000,,Digital Wallet,Take Away
SUN-3042162,2023-08-21,Cinnamon Roll,Dessert,DST-05,4,28000,112000,Digital Wallet,Online Order
SUN-2737572,2023-09-29,Choco Lava Cake,Dessert,DST-04,4,35000,140000,Cash,Take Away
SUN-1001089,2023-07-26,Club Sandwich,Food,FOD-05,1,45000,45000,Cash,Take Away
SUN-4489691,2023-09-05,Cafe Latte,Drinks,DRK-03,1,32000,32000,Debit Card,Unknown
SUN-7468844,2023-01-12,Beef Carbonara Pasta,Food,FOD-02,3,52000,156000,Debit Card,Online Order
SUN-6153338,2023-06-12,Cafe Latte,Drinks,DRK-03,4,32000,128000,Debit Card,Unknown
SUN-5127376,2023-02-11,Beef Carbonara Pasta,Food,FOD-02,4,52000,208000,Cash,Dine In
SUN-7093529,2023-08-25,Espreso Single,Drinks,DRK-01,1,22000,22000,Debit Card,Online Order
SUN-1467319,2023-05-14,Creamy Maycha Latte,Drinks,DRK-05,4,35000,140000,Unknown,Take Away
SUN-1686208,2023-12-11,New York Cheesecake,Dessert,DST-03,3,42000,126000,Debit Card,Unknown
SUN-5333145,2023-04-30,Cafe Latte,Drinks,DRK-03,1,32000,32000,Digital Wallet,Online Order
SUN-5899396,2023-11-04,Cinnamon Roll,Dessert,DST-05,1,28000,28000,Unknown,Unknown
SUN-8071984,2023-09-15,Beef Carbonara Pasta,Food,FOD-02,4,52000,208000,Debit Card,Take Away
SUN-2368687,2023-07-27,Club Sandwich,Food,FOD-05,4,45000,180000,Cash,Dine In
SUN-5103483,2023-07-01,Choco Lava Cake,Dessert,DST-04,4,35000,140000,Unknown,Dine In
SUN-8461437,2023-11-28,Iced Americano,Drinks,DRK-02,4,28000,112000,Cash,Take Away
SUN-7523873,2023-08-14,Nasi Goreng Kampung,Food,FOD-03,3,38000,114000,Digital Wallet,Take Away
SUN-5185735,2023-11-30,Club Sandwich,Food,FOD-05,2,45000,90000,Debit Card,Take Away
SUN-9861208,2023-09-01,Club Sandwich,Food,FOD-05,2,45000,90000,Debit Card,Unknown
SUN-3435348,2023-10-09,Espreso Single,Drinks,DRK-01,4,22000,88000,Unknown,Dine In
SUN-2966331,2023-10-03,Buttermilk Fried Chicken,Food,FOD-01,3,48000,144000,Debit Card,Dine In
SUN-3808743,2023-02-13,Nasi Goreng Kampung,Food,FOD-03,3,38000,114000,Debit Card,Dine In
SUN-6807780,2023-03-18,Cafe Latte,Drinks,DRK-03,2,32000,64000,Digital Wallet,Online Order
SUN-1818653,2023-07-25,Grill Chicken Caesar Salad,Food,FOD-04,3,42000,126000,Cash,Take Away
SUN-6031786,2023-07-06,Beef Carbonara Pasta,Food,FOD-02,4,52000,208000,Digital Wallet,Unknown
SUN-3813672,2023-08-10,Beef Carbonara Pasta,Food,FOD-02,4,52000,208000,Unknown,Dine In
SUN-1880922,2023-07-21,Buttermilk Fried Chicken,Food,FOD-01,2,48000,96000,Debit Card,Online Order
SUN-5932225,2023-11-17,Caramel Machiato,Drinks,DRK-04,,38000,,Digital Wallet,Online Order
SUN-6480741,2023-04-12,Cafe Latte,Drinks,DRK-03,4,32000,128000,Digital Wallet,Online Order
SUN-8004956,2023-07-08,Creamy Maycha Latte,Drinks,DRK-05,3,35000,105000,Debit Card,Take Away
SUN-9408323,2023-11-07,Fudgy Brownies,Dessert,DST-02,2,25000,50000,Debit Card,Dine In
SUN-6001558,2023-08-12,New York Cheesecake,Dessert,DST-03,3,42000,126000,Digital Wallet,Dine In
SUN-5102888,2023-09-17,Club Sandwich,Food,FOD-05,2,45000,90000,Debit Card,Online Order
SUN-6636259,2023-09-19,Caramel Machiato,Drinks,DRK-04,2,38000,76000,Digital Wallet,Online Order
SUN-6620364,2023-06-09,Iced Americano,Drinks,DRK-02,1,28000,28000,Cash,Unknown
SUN-2251520,2023-01-31,Cafe Latte,Drinks,DRK-03,4,32000,128000,Cash,Dine In
SUN-7852032,2023-08-27,New York Cheesecake,Dessert,DST-03,1,42000,42000,Digital Wallet,Dine In
SUN-1079051,2023-01-21,Caramel Machiato,Drinks,DRK-04,4,38000,152000,Cash,Dine In
SUN-8792060,2023-05-14,Cinnamon Roll,Dessert,DST-05,3,28000,84000,Debit Card,Unknown
SUN-5533126,2023-01-12,Beef Carbonara Pasta,Food,FOD-02,4,52000,208000,Digital Wallet,Take Away
SUN-9662409,2023-06-24,Beef Carbonara Pasta,Food,FOD-02,1,52000,52000,Unknown,Take Away
SUN-6431631,2023-02-08,Cafe Latte,Drinks,DRK-03,3,32000,96000,Debit Card,Unknown
SUN-5604103,2023-11-14,Choco Lava Cake,Dessert,DST-04,3,35000,105000,Unknown,Dine In
SUN-2836539,2023-04-04,Choco Lava Cake,Dessert,DST-04,1,35000,35000,Digital Wallet,Take Away
SUN-2944861,2023-12-30,Iced Americano,Drinks,DRK-02,1,28000,28000,Digital Wallet,Online Order
SUN-8628240,2023-01-18,Club Sandwich,Food,FOD-05,3,45000,135000,Debit Card,Take Away
SUN-1441438,2023-04-14,Choco Lava Cake,Dessert,DST-04,1,35000,35000,Digital Wallet,Online Order
SUN-4023569,2023-08-06,Cafe Latte,Drinks,DRK-03,3,32000,96000,Cash,Dine In
SUN-3317458,2023-05-08,Caramel Machiato,Drinks,DRK-04,2,38000,76000,Cash,Take Away
SUN-6898282,2023-07-28,Cafe Latte,Drinks,DRK-03,1,32000,32000,Debit Card,Dine In
SUN-6709910,2023-04-26,Creamy Maycha Latte,Drinks,DRK-05,4,35000,140000,Debit Card,Unknown
SUN-6033323,2023-06-16,Club Sandwich,Food,FOD-05,2,45000,90000,Debit Card,Online Order
SUN-7840898,2023-03-19,New York Cheesecake,Dessert,DST-03,2,42000,84000,Debit Card,Dine In
SUN-5131255,2023-01-04,Fudgy Brownies,Dessert,DST-02,4,25000,100000,Unknown,Unknown
SUN-9965357,2023-10-26,New York Cheesecake,Dessert,DST-03,4,42000,168000,Unknown,Online Order
SUN-2970006,2023-07-09,Creamy Maycha Latte,Drinks,DRK-05,4,35000,140000,Unknown,Unknown
SUN-6862087,2023-10-29,Fudgy Brownies,Dessert,DST-02,2,25000,50000,Cash,Dine In
SUN-5515642,2023-02-16,Fudgy Brownies,Dessert,DST-02,3,25000,75000,Unknown,Online Order
SUN-7853065,2023-09-07,Beef Carbonara Pasta,Food,FOD-02,3,52000,156000,Cash,Take Away
SUN-4815434,2023-01-02,Choco Lava Cake,Dessert,DST-04,2,35000,70000,Cash,Dine In
SUN-1288108,2023-11-18,Fudgy Brownies,Dessert,DST-02,4,25000,100000,Digital Wallet,Online Order
SUN-7140180,2023-10-18,Buttermilk Fried Chicken,Food,FOD-01,3,48000,144000,Cash,Dine In
SUN-9836302,2023-03-12,Nasi Goreng Kampung,Food,FOD-03,1,38000,38000,Digital Wallet,Take Away
SUN-1378432,2023-11-29,Cafe Latte,Drinks,DRK-03,1,32000,32000,Debit Card,Online Order
SUN-2819292,2023-03-22,Grill Chicken Caesar Salad,Food,FOD-04,1,42000,42000,Cash,Take Away
SUN-1262447,2023-01-27,Cinnamon Roll,Dessert,DST-05,4,28000,112000,Cash,Unknown
SUN-7691740,2023-07-29,Cinnamon Roll,Dessert,DST-05,,28000,,Digital Wallet,Online Order
SUN-9252302,2023-08-29,Beef Carbonara Pasta,Food,FOD-02,2,52000,104000,Digital Wallet,Take Away
SUN-4916001,,Fudgy Brownies,Dessert,DST-02,1,25000,25000,Debit Card,Take Away
SUN-6127634,2023-01-20,Club Sandwich,Food,FOD-05,1,45000,45000,Debit Card,Online Order
SUN-3358742,2023-12-16,Nasi Goreng Kampung,Food,FOD-03,3,38000,114000,Digital Wallet,Unknown
SUN-7029633,2023-08-01,Creamy Maycha Latte,Drinks,DRK-05,2,35000,70000,Debit Card,Online Order
SUN-3775655,2023-07-18,Buttermilk Fried Chicken,Food,FOD-01,2,48000,96000,Debit Card,Online Order
SUN-3281192,2023-08-16,Caramel Machiato,Drinks,DRK-04,4,38000,152000,Debit Card,Take Away
SUN-2954803,2023-04-29,New York Cheesecake,Dessert,DST-03,4,42000,168000,Digital Wallet,Unknown
SUN-5046847,2023-08-03,Choco Lava Cake,Dessert,DST-04,1,35000,35000,Unknown,Online Order
SUN-5545089,2023-08-07,Choco Lava Cake,Dessert,DST-04,2,35000,70000,Cash,Take Away
SUN-4200712,2023-12-28,Choco Lava Cake,Dessert,DST-04,4,35000,140000,Digital Wallet,Unknown
SUN-4814202,2023-03-22,Espreso Single,Drinks,DRK-01,3,22000,66000,Unknown,Take Away
SUN-5723781,2023-08-12,Iced Americano,Drinks,DRK-02,2,28000,56000,Digital Wallet,Dine In
SUN-3643571,2023-10-25,Choco Lava Cake,Dessert,DST-04,3,35000,105000,Unknown,Unknown
SUN-2925018,2023-03-02,Beef Carbonara Pasta,Food,FOD-02,2,52000,104000,Debit Card,Take Away
SUN-1332023,2023-01-20,Fudgy Brownies,Dessert,DST-02,4,25000,100000,Digital Wallet,Take Away
SUN-6661094,2023-12-07,Creamy Maycha Latte,Drinks,DRK-05,2,35000,70000,Debit Card,Unknown
SUN-4509921,2023-11-04,Cafe Latte,Drinks,DRK-03,4,32000,128000,Cash,Take Away
SUN-8490088,2023-04-20,Creamy Maycha Latte,Drinks,DRK-05,3,35000,105000,Debit Card,Online Order
SUN-2891799,2023-10-15,Fudgy Brownies,Dessert,DST-02,1,25000,25000,Debit Card,Online Order
SUN-3874999,2023-07-16,Classic Tirmaisu,Dessert,DST-01,2,38000,76000,Digital Wallet,Dine In
SUN-1893321,2023-04-02,Espreso Single,Drinks,DRK-01,2,22000,44000,Debit Card,Take Away
SUN-6292181,,Cinnamon Roll,Dessert,DST-05,2,28000,56000,Debit Card,Take Away
SUN-1178996,2023-04-04,Grill Chicken Caesar Salad,Food,FOD-04,3,42000,126000,Digital Wallet,Dine In
SUN-1245637,2023-10-22,Caramel Machiato,Drinks,DRK-04,3,38000,114000,Unknown,Online Order
SUN-1033639,2023-08-07,Buttermilk Fried Chicken,Food,FOD-01,4,48000,192000,Digital Wallet,Unknown
SUN-7013243,2023-01-31,Iced Americano,Drinks,DRK-02,2,28000,56000,Debit Card,Dine In
SUN-8609225,2023-06-29,Club Sandwich,Food,FOD-05,3,45000,135000,Digital Wallet,Online Order
SUN-6243467,2023-05-15,Grill Chicken Caesar Salad,Food,FOD-04,4,42000,168000,Digital Wallet,Dine In
SUN-6888527,2023-10-31,Buttermilk Fried Chicken,Food,FOD-01,3,48000,144000,Debit Card,Online Order
SUN-4814191,2023-06-11,Iced Americano,Drinks,DRK-02,2,28000,56000,Debit Card,Online Order
SUN-3844799,2023-11-19,Espreso Single,Drinks,DRK-01,3,22000,66000,Debit Card,Online Order
SUN-7531923,2023-08-07,Cinnamon Roll,Dessert,DST-05,1,28000,28000,Digital Wallet,Online Order
SUN-9884653,2023-04-23,Caramel Machiato,Drinks,DRK-04,4,38000,152000,Debit Card,Unknown
SUN-9055271,2023-11-28,Iced Americano,Drinks,DRK-02,3,28000,84000,Debit Card,Take Away
SUN-9878070,2023-08-25,Espreso Single,Drinks,DRK-01,2,22000,44000,Debit Card,Dine In
SUN-3095828,2023-04-21,Grill Chicken Caesar Salad,Food,FOD-04,4,42000,168000,Digital Wallet,Online Order
SUN-8062457,2023-03-22,Caramel Machiato,Drinks,DRK-04,4,38000,152000,Cash,Take Away
SUN-4832229,2023-05-07,Buttermilk Fried Chicken,Food,FOD-01,4,48000,192000,Unknown,Take Away
SUN-9093872,2023-03-30,Choco Lava Cake,Dessert,DST-04,4,35000,140000,Debit Card,Unknown
SUN-8956359,2023-09-03,Fudgy Brownies,Dessert,DST-02,2,25000,50000,Digital Wallet,Dine In
SUN-8888652,2023-01-14,Iced Americano,Drinks,DRK-02,1,28000,28000,Cash,Take Away
SUN-6412194,2023-03-18,Classic Tirmaisu,Dessert,DST-01,2,38000,76000,Debit Card,Take Away
SUN-2945003,2023-09-01,Beef Carbonara Pasta,Food,FOD-02,2,52000,104000,Cash,Take Away
SUN-6856121,2023-07-06,Cinnamon Roll,Dessert,DST-05,3,28000,84000,Unknown,Online Order
SUN-9292470,2023-10-19,Grill Chicken Caesar Salad,Food,FOD-04,4,42000,168000,Debit Card,Dine In
SUN-6899670,2023-04-27,New York Cheesecake,Dessert,DST-03,2,42000,84000,Cash,Dine In
SUN-7005606,2023-07-02,Buttermilk Fried Chicken,Food,FOD-01,3,48000,144000,Cash,Take Away
SUN-8031877,2023-08-16,Cafe Latte,Drinks,DRK-03,4,32000,128000,Debit Card,Take Away
SUN-4255800,2023-10-10,Caramel Machiato,Drinks,DRK-04,3,38000,114000,Digital Wallet,Take Away
SUN-3582919,2023-07-31,Nasi Goreng Kampung,Food,FOD-03,2,38000,76000,Digital Wallet,Online Order
SUN-8872406,2023-12-28,Fudgy Brownies,Dessert,DST-02,4,25000,100000,Debit Card,Online Order
SUN-2431083,2023-09-08,Grill Chicken Caesar Salad,Food,FOD-04,1,42000,42000,Debit Card,Online Order
SUN-3055959,2023-02-21,Choco Lava Cake,Dessert,DST-04,4,35000,140000,Debit Card,Online Order
SUN-2750166,2023-06-06,New York Cheesecake,Dessert,DST-03,4,42000,168000,Cash,Unknown
SUN-6727138,2023-01-30,Caramel Machiato,Drinks,DRK-04,4,38000,152000,Unknown,Take Away
SUN-1986037,2023-03-27,Cafe Latte,Drinks,DRK-03,1,32000,32000,Digital Wallet,Dine In
SUN-3915787,2023-05-23,Espreso Single,Drinks,DRK-01,3,22000,66000,Cash,Take Away
SUN-8860900,2023-01-06,Choco Lava Cake,Dessert,DST-04,2,35000,70000,Cash,Unknown
SUN-3717010,2023-12-19,Fudgy Brownies,Dessert,DST-02,2,25000,50000,Cash,Dine In
SUN-2471326,2023-08-08,Nasi Goreng Kampung,Food,FOD-03,1,38000,38000,Cash,Dine In
SUN-3404402,2023-06-11,Buttermilk Fried Chicken,Food,FOD-01,4,48000,192000,Cash,Take Away
SUN-7224659,2023-03-24,Buttermilk Fried Chicken,Food,FOD-01,4,48000,192000,Cash,Unknown
SUN-2700640,2023-01-28,Buttermilk Fried Chicken,Food,FOD-01,3,48000,144000,Digital Wallet,Online Order
SUN-8919922,2023-01-02,Buttermilk Fried Chicken,Food,FOD-01,4,48000,192000,Debit Card,Online Order
SUN-9797434,2023-12-12,Creamy Maycha Latte,Drinks,DRK-05,1,35000,35000,Debit Card,Online Order
SUN-9716107,2023-05-17,Buttermilk Fried Chicken,Food,FOD-01,4,48000,192000,Digital Wallet,Online Order
SUN-6502963,2023-09-24,Cafe Latte,Drinks,DRK-03,1,32000,32000,Digital Wallet,Take Away
SUN-3715005,2023-04-11,Caramel Machiato,Drinks,DRK-04,2,38000,76000,Digital Wallet,Dine In
SUN-3852393,2023-12-31,Classic Tirmaisu,Dessert,DST-01,1,38000,38000,Debit Card,Dine In
SUN-4750573,2023-09-07,Fudgy Brownies,Dessert,DST-02,4,25000,100000,Unknown,Online Order
SUN-6175353,2023-07-21,Nasi Goreng Kampung,Food,FOD-03,1,38000,38000,Unknown,Take Away
SUN-3019142,2023-04-19,New York Cheesecake,Dessert,DST-03,4,42000,168000,Debit Card,Take Away
SUN-9363023,2023-07-24,Caramel Machiato,Drinks,DRK-04,1,38000,38000,Cash,Dine In
SUN-2267777,2023-05-15,Creamy Maycha Latte,Drinks,DRK-05,2,35000,70000,Unknown,Take Away
SUN-5985893,2023-11-13,Beef Carbonara Pasta,Food,FOD-02,4,52000,208000,Cash,Take Away
SUN-1320066,2023-09-22,Caramel Machiato,Drinks,DRK-04,2,38000,76000,Digital Wallet,Online Order
SUN-9929743,2023-07-20,Club Sandwich,Food,FOD-05,1,45000,45000,Digital Wallet,Online Order
SUN-6104703,2023-09-04,Cafe Latte,Drinks,DRK-03,4,32000,128000,Digital Wallet,Dine In
SUN-9996474,2023-09-08,New York Cheesecake,Dessert,DST-03,4,42000,168000,Digital Wallet,Online Order
SUN-6972078,2023-02-28,Fudgy Brownies,Dessert,DST-02,4,25000,100000,Debit Card,Unknown
SUN-9342485,2023-12-12,Caramel Machiato,Drinks,DRK-04,4,38000,152000,Cash,Take Away
SUN-9293230,2023-08-03,Creamy Maycha Latte,Drinks,DRK-05,2,35000,70000,Debit Card,Online Order
SUN-4578316,2023-03-18,Beef Carbonara Pasta,Food,FOD-02,2,52000,104000,Digital Wallet,Online Order
SUN-9966478,2023-12-07,Nasi Goreng Kampung,Food,FOD-03,3,38000,114000,Unknown,Online Order
SUN-7606248,2023-06-08,Iced Americano,Drinks,DRK-02,1,28000,28000,Debit Card,Take Away
SUN-4018592,2023-11-28,Classic Tirmaisu,Dessert,DST-01,3,38000,114000,Digital Wallet,Online Order
SUN-1076349,2023-06-04,Fudgy Brownies,Dessert,DST-02,1,25000,25000,Debit Card,Take Away
SUN-2512178,2023-11-07,Nasi Goreng Kampung,Food,FOD-03,1,38000,38000,Debit Card,Dine In
SUN-3995123,2023-08-21,Espreso Single,Drinks,DRK-01,1,22000,22000,Cash,Dine In
SUN-5105520,2023-04-13,Cinnamon Roll,Dessert,DST-05,3,28000,84000,Debit Card,Online Order
SUN-9777387,2023-04-25,Classic Tirmaisu,Dessert,DST-01,3,38000,114000,Digital Wallet,Dine In
SUN-3860050,2023-12-17,Buttermilk Fried Chicken,Food,FOD-01,4,48000,192000,Digital Wallet,Dine In
SUN-1015991,2023-07-31,Espreso Single,Drinks,DRK-01,1,22000,22000,Debit Card,Dine In
SUN-8936012,2023-03-14,Cinnamon Roll,Dessert,DST-05,4,28000,112000,Cash,Take Away
SUN-2079861,2023-07-08,Club Sandwich,Food,FOD-05,2,45000,90000,Debit Card,Take Away
SUN-5908086,2023-05-27,Classic Tirmaisu,Dessert,DST-01,4,38000,152000,Debit Card,Online Order
SUN-6631251,2023-07-31,Grill Chicken Caesar Salad,Food,FOD-04,3,42000,126000,Debit Card,Take Away
SUN-1365668,2023-02-11,Creamy Maycha Latte,Drinks,DRK-05,4,35000,140000,Digital Wallet,Dine In
SUN-3034761,2023-11-14,Grill Chicken Caesar Salad,Food,FOD-04,4,42000,168000,Digital Wallet,Online Order
SUN-4133810,2023-07-26,Nasi Goreng Kampung,Food,FOD-03,3,38000,114000,Digital Wallet,Online Order
SUN-5262329,2023-11-23,Nasi Goreng Kampung,Food,FOD-03,4,38000,152000,Debit Card,Take Away
SUN-4958297,2023-09-21,Creamy Maycha Latte,Drinks,DRK-05,4,35000,140000,Unknown,Online Order
SUN-5695179,2023-04-13,Choco Lava Cake,Dessert,DST-04,2,35000,70000,Digital Wallet,Online Order
SUN-2485426,2023-09-08,Beef Carbonara Pasta,Food,FOD-02,4,52000,208000,Unknown,Online Order
SUN-3372463,2023-06-20,Nasi Goreng Kampung,Food,FOD-03,4,38000,152000,Cash,Unknown
SUN-3055761,2023-01-03,Creamy Maycha Latte,Drinks,DRK-05,4,35000,140000,Digital Wallet,Online Order
SUN-6698248,2023-11-29,Club Sandwich,Food,FOD-05,1,45000,45000,Cash,Take Away
SUN-9013012,2023-12-25,Caramel Machiato,Drinks,DRK-04,3,38000,114000,Digital Wallet,Take Away
SUN-8125535,2023-12-25,Beef Carbonara Pasta,Food,FOD-02,1,52000,52000,Debit Card,Online Order
SUN-6951303,2023-04-24,New York Cheesecake,Dessert,DST-03,2,42000,84000,Digital Wallet,Dine In
SUN-1285109,2023-01-29,Espreso Single,Drinks,DRK-01,1,22000,22000,Cash,Dine In
SUN-3529314,2023-09-28,New York Cheesecake,Dessert,DST-03,3,42000,126000,Digital Wallet,Unknown
SUN-7789402,2023-02-12,Fudgy Brownies,Dessert,DST-02,3,25000,75000,Debit Card,Online Order
SUN-6315367,2023-12-05,Iced Americano,Drinks,DRK-02,4,28000,112000,Cash,Dine In
SUN-4201335,2023-08-21,Cinnamon Roll,Dessert,DST-05,2,28000,56000,Digital Wallet,Unknown
SUN-7608257,2023-10-12,Espreso Single,Drinks,DRK-01,4,22000,88000,Debit Card,Take Away
SUN-8679241,2023-10-22,Club Sandwich,Food,FOD-05,3,45000,135000,Digital Wallet,Dine In
SUN-1835420,2023-07-10,Caramel Machiato,Drinks,DRK-04,1,38000,38000,Debit Card,Take Away
SUN-1773693,2023-05-25,Espreso Single,Drinks,DRK-01,3,22000,66000,Debit Card,Online Order
SUN-3109677,2023-07-16,Espreso Single,Drinks,DRK-01,3,22000,66000,Debit Card,Dine In
SUN-4679508,2023-12-29,Cinnamon Roll,Dessert,DST-05,4,28000,112000,Debit Card,Dine In
SUN-2833222,2023-02-22,Iced Americano,Drinks,DRK-02,3,28000,84000,Digital Wallet,Online Order
SUN-2261949,2023-06-04,Caramel Machiato,Drinks,DRK-04,4,38000,152000,Unknown,Take Away
SUN-5199712,2023-05-20,Classic Tirmaisu,Dessert,DST-01,2,38000,76000,Digital Wallet,Online Order
SUN-6438386,2023-09-29,Grill Chicken Caesar Salad,Food,FOD-04,4,42000,168000,Debit Card,Online Order
SUN-1355716,2023-10-28,Cafe Latte,Drinks,DRK-03,1,32000,32000,Debit Card,Take Away
SUN-1292700,2023-04-18,Iced Americano,Drinks,DRK-02,2,28000,56000,Cash,Dine In
SUN-8346034,2023-09-06,New York Cheesecake,Dessert,DST-03,4,42000,168000,Debit Card,Take Away
SUN-2295369,2023-04-11,Creamy Maycha Latte,Drinks,DRK-05,2,35000,70000,Digital Wallet,Online Order
SUN-7705904,2023-08-31,Caramel Machiato,Drinks,DRK-04,1,38000,38000,Digital Wallet,Unknown
SUN-3055272,2023-11-28,Beef Carbonara Pasta,Food,FOD-02,2,52000,104000,Cash,Take Away
SUN-3197408,2023-09-06,Choco Lava Cake,Dessert,DST-04,4,35000,140000,Debit Card,Online Order
SUN-6283847,2023-04-10,New York Cheesecake,Dessert,DST-03,2,42000,84000,Debit Card,Dine In
SUN-8237116,2023-05-08,Choco Lava Cake,Dessert,DST-04,3,35000,105000,Cash,Dine In
SUN-2824095,2023-11-23,Grill Chicken Caesar Salad,Food,FOD-04,4,42000,168000,Debit Card,Unknown
SUN-1793951,2023-12-24,Cafe Latte,Drinks,DRK-03,1,32000,32000,Digital Wallet,Take Away
SUN-5003330,2023-10-16,Classic Tirmaisu,Dessert,DST-01,2,38000,76000,Digital Wallet,Dine In
SUN-8106845,2023-05-03,Cinnamon Roll,Dessert,DST-05,4,28000,112000,Unknown,Online Order
SUN-3573016,2023-05-30,Cinnamon Roll,Dessert,DST-05,4,28000,112000,Digital Wallet,Online Order
SUN-9507668,2023-03-10,Iced Americano,Drinks,DRK-02,3,28000,84000,Debit Card,Dine In
SUN-5109800,2023-04-15,Caramel Machiato,Drinks,DRK-04,1,38000,38000,Cash,Take Away
SUN-7964515,2023-09-02,Cinnamon Roll,Dessert,DST-05,3,28000,84000,Unknown,Dine In
SUN-1624497,,Cinnamon Roll,Dessert,DST-05,4,28000,112000,Debit Card,Dine In
SUN-9869932,2023-03-03,Fudgy Brownies,Dessert,DST-02,4,25000,100000,Unknown,Online Order
SUN-4242400,2023-11-27,Caramel Machiato,Drinks,DRK-04,4,38000,152000,Debit Card,Unknown
SUN-5296763,2023-12-22,Creamy Maycha Latte,Drinks,DRK-05,4,35000,140000,Digital Wallet,Dine In
SUN-7156476,2023-11-28,Club Sandwich,Food,FOD-05,,45000,,Debit Card,Online Order
SUN-4101793,2023-07-30,Fudgy Brownies,Dessert,DST-02,2,25000,50000,Cash,Take Away
SUN-1744349,2023-01-22,Creamy Maycha Latte,Drinks,DRK-05,2,35000,70000,Digital Wallet,Unknown
SUN-7756256,2023-02-13,Iced Americano,Drinks,DRK-02,3,28000,84000,Debit Card,Online Order
SUN-1304726,2023-07-31,Choco Lava Cake,Dessert,DST-04,1,35000,35000,Debit Card,Dine In
SUN-5442481,2023-01-09,Club Sandwich,Food,FOD-05,1,45000,45000,Digital Wallet,Dine In
SUN-5577814,2023-02-17,Buttermilk Fried Chicken,Food,FOD-01,2,48000,96000,Digital Wallet,Online Order
SUN-4396010,2023-08-08,Creamy Maycha Latte,Drinks,DRK-05,3,35000,105000,Debit Card,Online Order
SUN-7909025,2023-05-10,Caramel Machiato,Drinks,DRK-04,4,38000,152000,Cash,Take Away
SUN-8406341,2023-01-16,Creamy Maycha Latte,Drinks,DRK-05,3,35000,105000,Debit Card,Online Order
SUN-4750325,2023-10-27,Cafe Latte,Drinks,DRK-03,2,32000,64000,Digital Wallet,Online Order
SUN-7627832,2023-01-20,Buttermilk Fried Chicken,Food,FOD-01,1,48000,48000,Digital Wallet,Take Away
SUN-4971091,2023-02-18,Cinnamon Roll,Dessert,DST-05,2,28000,56000,Digital Wallet,Take Away
SUN-5617486,2023-05-31,Club Sandwich,Food,FOD-05,,45000,,Digital Wallet,Online Order
SUN-7509479,2023-08-02,Classic Tirmaisu,Dessert,DST-01,3,38000,114000,Digital Wallet,Online Order
SUN-1119185,2023-06-13,Buttermilk Fried Chicken,Food,FOD-01,3,48000,144000,Unknown,Online Order
SUN-4753471,2023-03-29,Club Sandwich,Food,FOD-05,2,45000,90000,Debit Card,Online Order
SUN-1411360,2023-10-30,Beef Carbonara Pasta,Food,FOD-02,1,52000,52000,Cash,Dine In
SUN-1425319,2023-12-09,Beef Carbonara Pasta,Food,FOD-02,1,52000,52000,Unknown,Take Away
SUN-4673061,2023-02-17,Choco Lava Cake,Dessert,DST-04,2,35000,70000,Cash,Take Away
SUN-1725018,2023-12-28,Buttermilk Fried Chicken,Food,FOD-01,2,48000,96000,Unknown,Online Order
SUN-2827351,2023-11-13,Creamy Maycha Latte,Drinks,DRK-05,3,35000,105000,Digital Wallet,Online Order
SUN-5507295,2023-02-16,Creamy Maycha Latte,Drinks,DRK-05,2,35000,70000,Cash,Dine In
SUN-8857715,2023-05-28,Classic Tirmaisu,Dessert,DST-01,1,38000,38000,Cash,Take Away
SUN-8384543,2023-09-18,Fudgy Brownies,Dessert,DST-02,4,25000,100000,Cash,Take Away
SUN-2607466,2023-11-08,Caramel Machiato,Drinks,DRK-04,4,38000,152000,Cash,Dine In
SUN-5325393,2023-04-26,New York Cheesecake,Dessert,DST-03,2,42000,84000,Digital Wallet,Online Order
SUN-6804063,2023-02-25,Buttermilk Fried Chicken,Food,FOD-01,2,48000,96000,Cash,Take Away
SUN-4859554,2023-09-26,Creamy Maycha Latte,Drinks,DRK-05,1,35000,35000,Cash,Dine In
SUN-7588164,2023-01-18,Espreso Single,Drinks,DRK-01,4,22000,88000,Cash,Dine In
SUN-7913938,2023-03-17,Grill Chicken Caesar Salad,Food,FOD-04,1,42000,42000,Debit Card,Unknown
SUN-3540775,2023-06-09,Iced Americano,Drinks,DRK-02,3,28000,84000,Debit Card,Online Order
SUN-5514588,2023-10-10,Nasi Goreng Kampung,Food,FOD-03,1,38000,38000,Unknown,Dine In
SUN-1062401,2023-03-20,Iced Americano,Drinks,DRK-02,3,28000,84000,Digital Wallet,Dine In
SUN-3885312,2023-09-27,Fudgy Brownies,Dessert,DST-02,1,25000,25000,Debit Card,Unknown
SUN-4462819,,Choco Lava Cake,Dessert,DST-04,4,35000,140000,Unknown,Dine In
SUN-3702036,2023-08-20,Beef Carbonara Pasta,Food,FOD-02,1,52000,52000,Debit Card,Dine In
SUN-3898340,2023-10-27,Club Sandwich,Food,FOD-05,3,45000,135000,Debit Card,Take Away
SUN-1053040,2023-07-28,Nasi Goreng Kampung,Food,FOD-03,2,38000,76000,Cash,Take Away
SUN-3426047,2023-11-20,Choco Lava Cake,Dessert,DST-04,2,35000,70000,Debit Card,Online Order
SUN-6605544,2023-06-26,Beef Carbonara Pasta,Food,FOD-02,3,52000,156000,Cash,Take Away
SUN-6767432,2023-02-01,New York Cheesecake,Dessert,DST-03,3,42000,126000,Debit Card,Dine In
SUN-9405088,2023-12-17,Nasi Goreng Kampung,Food,FOD-03,3,38000,114000,Cash,Dine In
SUN-5236554,2023-04-04,Grill Chicken Caesar Salad,Food,FOD-04,1,42000,42000,Digital Wallet,Online Order
SUN-1641801,2023-09-26,Choco Lava Cake,Dessert,DST-04,2,35000,70000,Unknown,Dine In
SUN-9641196,2023-04-22,Choco Lava Cake,Dessert,DST-04,2,35000,70000,Digital Wallet,Online Order
SUN-7997573,2023-02-18,Iced Americano,Drinks,DRK-02,4,28000,112000,Debit Card,Unknown
SUN-5290897,2023-03-05,Buttermilk Fried Chicken,Food,FOD-01,2,48000,96000,Unknown,Take Away
SUN-7072013,2023-09-25,Creamy Maycha Latte,Drinks,DRK-05,2,35000,70000,Digital Wallet,Online Order
SUN-6677543,2023-06-20,Creamy Maycha Latte,Drinks,DRK-05,4,35000,140000,Digital Wallet,Take Away
SUN-6312910,2023-07-29,Choco Lava Cake,Dessert,DST-04,4,35000,140000,Debit Card,Dine In
SUN-4973163,2023-01-20,Grill Chicken Caesar Salad,Food,FOD-04,3,42000,126000,Unknown,Dine In
SUN-5196830,2023-03-30,Cinnamon Roll,Dessert,DST-05,2,28000,56000,Unknown,Dine In
SUN-3437610,2023-03-14,Creamy Maycha Latte,Drinks,DRK-05,2,35000,70000,Unknown,Take Away
SUN-5804220,2023-12-03,Fudgy Brownies,Dessert,DST-02,4,25000,100000,Digital Wallet,Online Order
SUN-1575160,2023-01-24,Caramel Machiato,Drinks,DRK-04,1,38000,38000,Debit Card,Unknown
SUN-2072478,2023-10-02,Fudgy Brownies,Dessert,DST-02,4,25000,100000,Digital Wallet,Take Away
SUN-1731417,2023-06-16,Fudgy Brownies,Dessert,DST-02,4,25000,100000,Digital Wallet,Unknown
SUN-4450853,2023-07-05,Espreso Single,Drinks,DRK-01,4,22000,88000,Digital Wallet,Online Order
SUN-1117427,2023-12-10,Fudgy Brownies,Dessert,DST-02,3,25000,75000,Digital Wallet,Online Order
SUN-6231610,2023-04-28,Fudgy Brownies,Dessert,DST-02,3,25000,75000,Cash,Take Away
SUN-6903519,2023-02-25,Caramel Machiato,Drinks,DRK-04,1,38000,38000,Debit Card,Online Order
SUN-7675058,2023-07-16,Iced Americano,Drinks,DRK-02,2,28000,56000,Digital Wallet,Online Order
SUN-8420252,2023-11-20,New York Cheesecake,Dessert,DST-03,2,42000,84000,Unknown,Take Away
SUN-3269954,2023-12-15,Buttermilk Fried Chicken,Food,FOD-01,2,48000,96000,Debit Card,Online Order
SUN-3476914,2023-04-26,Classic Tirmaisu,Dessert,DST-01,1,38000,38000,Debit Card,Online Order
SUN-1156221,2023-08-21,Grill Chicken Caesar Salad,Food,FOD-04,3,42000,126000,Debit Card,Online Order
SUN-4525444,2023-09-30,Espreso Single,Drinks,DRK-01,4,22000,88000,Digital Wallet,Unknown
SUN-1329401,2023-03-27,New York Cheesecake,Dessert,DST-03,2,42000,84000,Digital Wallet,Online Order
SUN-6473388,2023-11-04,Choco Lava Cake,Dessert,DST-04,4,35000,140000,Debit Card,Unknown
SUN-2656965,2023-03-06,Creamy Maycha Latte,Drinks,DRK-05,3,35000,105000,Debit Card,Online Order
SUN-6443738,2023-08-09,Beef Carbonara Pasta,Food,FOD-02,4,52000,208000,Digital Wallet,Take Away
SUN-2936597,2023-09-24,Creamy Maycha Latte,Drinks,DRK-05,4,35000,140000,Digital Wallet,Online Order
SUN-9235912,2023-09-20,Caramel Machiato,Drinks,DRK-04,1,38000,38000,Debit Card,Unknown
SUN-5582206,2023-04-08,Fudgy Brownies,Dessert,DST-02,2,25000,50000,Cash,Dine In
SUN-2332111,2023-08-19,Cafe Latte,Drinks,DRK-03,1,32000,32000,Digital Wallet,Dine In
SUN-2831714,2023-11-12,Iced Americano,Drinks,DRK-02,1,28000,28000,Unknown,Online Order
SUN-9594763,2023-12-06,Creamy Maycha Latte,Drinks,DRK-05,4,35000,140000,Unknown,Online Order
SUN-8998318,2023-01-09,Iced Americano,Drinks,DRK-02,4,28000,112000,Cash,Take Away
SUN-7956437,2023-10-12,Beef Carbonara Pasta,Food,FOD-02,4,52000,208000,Digital Wallet,Dine In
SUN-7862947,2023-10-01,Buttermilk Fried Chicken,Food,FOD-01,1,48000,48000,Debit Card,Unknown
SUN-8582590,2023-06-03,Buttermilk Fried Chicken,Food,FOD-01,1,48000,48000,Debit Card,Dine In
SUN-6263717,2023-12-17,Fudgy Brownies,Dessert,DST-02,2,25000,50000,Digital Wallet,Online Order
SUN-3511433,2023-04-17,Espreso Single,Drinks,DRK-01,1,22000,22000,Digital Wallet,Dine In
SUN-6181325,2023-05-31,Fudgy Brownies,Dessert,DST-02,3,25000,75000,Digital Wallet,Unknown
SUN-2790835,2023-02-27,Grill Chicken Caesar Salad,Food,FOD-04,4,42000,168000,Digital Wallet,Take Away
SUN-5131920,2023-04-24,Espreso Single,Drinks,DRK-01,2,22000,44000,Unknown,Unknown
SUN-3112834,2023-07-06,Espreso Single,Drinks,DRK-01,3,22000,66000,Cash,Take Away
SUN-8230373,2023-05-03,Cinnamon Roll,Dessert,DST-05,1,28000,28000,Debit Card,Take Away
SUN-9108721,2023-03-25,Cafe Latte,Drinks,DRK-03,4,32000,128000,Debit Card,Dine In
SUN-2004748,2023-10-30,Buttermilk Fried Chicken,Food,FOD-01,1,48000,48000,Digital Wallet,Online Order
SUN-8887804,2023-03-27,Cafe Latte,Drinks,DRK-03,3,32000,96000,Digital Wallet,Online Order
SUN-1736002,2023-03-09,Buttermilk Fried Chicken,Food,FOD-01,4,48000,192000,Cash,Unknown
SUN-6687313,2023-11-18,New York Cheesecake,Dessert,DST-03,3,42000,126000,Digital Wallet,Take Away
SUN-6830008,2023-12-25,Club Sandwich,Food,FOD-05,3,45000,135000,Digital Wallet,Unknown
SUN-7955033,2023-09-13,Espreso Single,Drinks,DRK-01,3,22000,66000,Cash,Unknown
SUN-4966671,2023-07-02,Cafe Latte,Drinks,DRK-03,1,32000,32000,Digital Wallet,Online Order
SUN-3788737,2023-07-16,Buttermilk Fried Chicken,Food,FOD-01,4,48000,192000,Debit Card,Dine In
SUN-4023235,2023-06-14,Fudgy Brownies,Dessert,DST-02,1,25000,25000,Debit Card,Take Away
SUN-2959117,2023-11-04,Espreso Single,Drinks,DRK-01,4,22000,88000,Cash,Dine In
SUN-7956691,2023-03-10,Club Sandwich,Food,FOD-05,3,45000,135000,Digital Wallet,Take Away
SUN-3492707,2023-07-11,Iced Americano,Drinks,DRK-02,4,28000,112000,Unknown,Dine In
SUN-6234722,2023-09-18,Choco Lava Cake,Dessert,DST-04,4,35000,140000,Cash,Dine In
SUN-6301734,2023-05-24,Creamy Maycha Latte,Drinks,DRK-05,3,35000,105000,Debit Card,Dine In
SUN-9107043,2023-07-18,Cinnamon Roll,Dessert,DST-05,2,28000,56000,Debit Card,Unknown
SUN-8077974,2023-09-08,Beef Carbonara Pasta,Food,FOD-02,2,52000,104000,Debit Card,Online Order
SUN-1506775,2023-12-26,Choco Lava Cake,Dessert,DST-04,3,35000,105000,Debit Card,Dine In
SUN-5382213,2023-08-11,Fudgy Brownies,Dessert,DST-02,1,25000,25000,Cash,Dine In
SUN-8642171,2023-12-22,New York Cheesecake,Dessert,DST-03,3,42000,126000,Cash,Take Away
SUN-3194665,2023-03-18,Creamy Maycha Latte,Drinks,DRK-05,3,35000,105000,Digital Wallet,Take Away
SUN-7613223,2023-09-28,Beef Carbonara Pasta,Food,FOD-02,2,52000,104000,Digital Wallet,Unknown
SUN-5118563,2023-04-27,Grill Chicken Caesar Salad,Food,FOD-04,3,42000,126000,Digital Wallet,Unknown
SUN-4930191,2023-04-15,Fudgy Brownies,Dessert,DST-02,2,25000,50000,Unknown,Online Order
SUN-3539156,2023-07-24,Cinnamon Roll,Dessert,DST-05,1,28000,28000,Unknown,Online Order
SUN-5797816,2023-04-18,Espreso Single,Drinks,DRK-01,2,22000,44000,Unknown,Dine In
SUN-8276540,2023-03-21,Choco Lava Cake,Dessert,DST-04,2,35000,70000,Cash,Dine In
SUN-8660440,2023-08-28,Fudgy Brownies,Dessert,DST-02,3,25000,75000,Cash,Take Away
SUN-9587426,,Espreso Single,Drinks,DRK-01,3,22000,66000,Cash,Dine In
SUN-9718509,2023-03-05,Caramel Machiato,Drinks,DRK-04,1,38000,38000,Debit Card,Take Away
SUN-5804662,2023-01-17,Iced Americano,Drinks,DRK-02,3,28000,84000,Unknown,Take Away
SUN-7072245,2023-05-02,New York Cheesecake,Dessert,DST-03,2,42000,84000,Debit Card,Unknown
SUN-6599137,2023-11-16,Cafe Latte,Drinks,DRK-03,3,32000,96000,Debit Card,Unknown
SUN-9762442,2023-01-06,Cafe Latte,Drinks,DRK-03,2,32000,64000,Cash,Take Away
SUN-9114560,2023-12-24,Classic Tirmaisu,Dessert,DST-01,3,38000,114000,Debit Card,Dine In
SUN-7730430,2023-06-24,Club Sandwich,Food,FOD-05,1,45000,45000,Digital Wallet,Dine In
SUN-3799128,2023-08-13,Creamy Maycha Latte,Drinks,DRK-05,1,35000,35000,Debit Card,Unknown
SUN-7347729,2023-05-29,Beef Carbonara Pasta,Food,FOD-02,2,52000,104000,Digital Wallet,Online Order
SUN-5348005,2023-03-19,Choco Lava Cake,Dessert,DST-04,3,35000,105000,Cash,Take Away
SUN-1519023,2023-08-28,Cafe Latte,Drinks,DRK-03,4,32000,128000,Cash,Take Away
SUN-3556509,2023-10-23,Caramel Machiato,Drinks,DRK-04,2,38000,76000,Digital Wallet,Unknown
SUN-4428121,2023-02-23,Buttermilk Fried Chicken,Food,FOD-01,2,48000,96000,Digital Wallet,Online Order
SUN-3917006,2023-06-11,Espreso Single,Drinks,DRK-01,3,22000,66000,Debit Card,Online Order
SUN-3452574,2023-07-30,Cinnamon Roll,Dessert,DST-05,1,28000,28000,Digital Wallet,Dine In
SUN-9800631,2023-09-18,Buttermilk Fried Chicken,Food,FOD-01,3,48000,144000,Digital Wallet,Dine In
SUN-5052044,2023-11-09,Nasi Goreng Kampung,Food,FOD-03,2,38000,76000,Digital Wallet,Dine In
SUN-1947320,2023-04-28,Cinnamon Roll,Dessert,DST-05,1,28000,28000,Debit Card,Take Away
SUN-6096749,2023-11-12,Iced Americano,Drinks,DRK-02,4,28000,112000,Digital Wallet,Online Order
SUN-6953368,2023-03-22,Espreso Single,Drinks,DRK-01,3,22000,66000,Digital Wallet,Take Away
SUN-5109150,2023-05-23,Espreso Single,Drinks,DRK-01,2,22000,44000,Digital Wallet,Online Order
SUN-8783588,2023-12-15,Cafe Latte,Drinks,DRK-03,3,32000,96000,Cash,Dine In
SUN-1595134,2023-10-08,Cinnamon Roll,Dessert,DST-05,3,28000,84000,Debit Card,Dine In
SUN-3529827,2023-01-28,New York Cheesecake,Dessert,DST-03,1,42000,42000,Debit Card,Online Order
SUN-6851691,2023-06-02,Choco Lava Cake,Dessert,DST-04,4,35000,140000,Digital Wallet,Online Order
SUN-1308494,2023-01-22,Espreso Single,Drinks,DRK-01,1,22000,22000,Unknown,Unknown
SUN-1518075,2023-06-02,Buttermilk Fried Chicken,Food,FOD-01,2,48000,96000,Unknown,Online Order
SUN-9354209,2023-10-13,New York Cheesecake,Dessert,DST-03,3,42000,126000,Unknown,Dine In
SUN-8713163,2023-02-17,Nasi Goreng Kampung,Food,FOD-03,1,38000,38000,Digital Wallet,Dine In
SUN-3400727,2023-10-11,Creamy Maycha Latte,Drinks,DRK-05,4,35000,140000,Cash,Dine In
SUN-1806534,2023-10-21,Nasi Goreng Kampung,Food,FOD-03,2,38000,76000,Debit Card,Dine In
SUN-5170992,2023-04-24,Fudgy Brownies,Dessert,DST-02,4,25000,100000,Digital Wallet,Dine In
SUN-6259644,2023-01-07,Espreso Single,Drinks,DRK-01,3,22000,66000,Digital Wallet,Online Order
SUN-2924661,2023-05-17,Fudgy Brownies,Dessert,DST-02,2,25000,50000,Unknown,Unknown
SUN-9956193,2023-05-16,Fudgy Brownies,Dessert,DST-02,1,25000,25000,Cash,Dine In
SUN-1595603,2023-09-09,New York Cheesecake,Dessert,DST-03,2,42000,84000,Debit Card,Dine In
SUN-8531211,2023-12-12,New York Cheesecake,Dessert,DST-03,4,42000,168000,Debit Card,Online Order
SUN-2461553,2023-08-07,Creamy Maycha Latte,Drinks,DRK-05,2,35000,70000,Cash,Dine In
SUN-1713420,2023-05-24,Beef Carbonara Pasta,Food,FOD-02,4,52000,208000,Debit Card,Take Away
SUN-6789367,2023-08-25,Cafe Latte,Drinks,DRK-03,3,32000,96000,Debit Card,Dine In
SUN-2634989,2023-02-28,Grill Chicken Caesar Salad,Food,FOD-04,1,42000,42000,Debit Card,Unknown
SUN-1523939,2023-06-08,Beef Carbonara Pasta,Food,FOD-02,4,52000,208000,Digital Wallet,Unknown
SUN-5449073,2023-06-05,Cafe Latte,Drinks,DRK-03,2,32000,64000,Digital Wallet,Take Away
SUN-4589753,2023-12-24,Nasi Goreng Kampung,Food,FOD-03,1,38000,38000,Debit Card,Online Order
SUN-6686810,2023-03-18,Classic Tirmaisu,Dessert,DST-01,3,38000,114000,Unknown,Dine In
SUN-1537948,2023-02-24,Beef Carbonara Pasta,Food,FOD-02,,52000,,Digital Wallet,Dine In
SUN-9204585,2023-08-14,Nasi Goreng Kampung,Food,FOD-03,2,38000,76000,Digital Wallet,Dine In
SUN-3646416,2023-08-19,Classic Tirmaisu,Dessert,DST-01,3,38000,114000,Debit Card,Dine In
SUN-2134523,2023-02-22,Cafe Latte,Drinks,DRK-03,1,32000,32000,Digital Wallet,Unknown
SUN-2496968,2023-03-17,Beef Carbonara Pasta,Food,FOD-02,1,52000,52000,Debit Card,Take Away
SUN-4980287,2023-06-10,Choco Lava Cake,Dessert,DST-04,4,35000,140000,Debit Card,Take Away
SUN-9923062,2023-05-03,Espreso Single,Drinks,DRK-01,4,22000,88000,Digital Wallet,Take Away
SUN-4012134,2023-01-19,Cinnamon Roll,Dessert,DST-05,3,28000,84000,Unknown,Take Away
SUN-4478601,2023-04-19,Fudgy Brownies,Dessert,DST-02,4,25000,100000,Cash,Take Away
SUN-1103112,2023-05-09,Grill Chicken Caesar Salad,Food,FOD-04,1,42000,42000,Digital Wallet,Online Order
SUN-9960648,2023-10-29,Club Sandwich,Food,FOD-05,4,45000,180000,Debit Card,Online Order
SUN-3250860,2023-07-20,Club Sandwich,Food,FOD-05,3,45000,135000,Digital Wallet,Take Away
SUN-7164286,2023-07-31,Cafe Latte,Drinks,DRK-03,4,32000,128000,Digital Wallet,Online Order
SUN-6005512,2023-07-07,Nasi Goreng Kampung,Food,FOD-03,2,38000,76000,Digital Wallet,Online Order
SUN-1602991,2023-05-01,Club Sandwich,Food,FOD-05,1,45000,45000,Debit Card,Take Away
SUN-2683851,2023-08-28,Espreso Single,Drinks,DRK-01,1,22000,22000,Debit Card,Dine In
SUN-8870407,2023-07-15,Choco Lava Cake,Dessert,DST-04,4,35000,140000,Digital Wallet,Online Order
SUN-5269333,2023-10-19,Beef Carbonara Pasta,Food,FOD-02,2,52000,104000,Digital Wallet,Unknown
SUN-6538303,2023-06-18,Beef Carbonara Pasta,Food,FOD-02,2,52000,104000,Unknown,Dine In
SUN-3164550,2023-01-21,Caramel Machiato,Drinks,DRK-04,2,38000,76000,Cash,Dine In
SUN-3587938,2023-07-18,Cafe Latte,Drinks,DRK-03,2,32000,64000,Cash,Take Away
SUN-6755032,2023-12-30,Classic Tirmaisu,Dessert,DST-01,2,38000,76000,Unknown,Dine In
SUN-4250193,2023-03-28,Fudgy Brownies,Dessert,DST-02,1,25000,25000,Digital Wallet,Take Away
SUN-7966067,2023-03-29,Fudgy Brownies,Dessert,DST-02,4,25000,100000,Debit Card,Take Away
SUN-6818372,2023-05-17,Grill Chicken Caesar Salad,Food,FOD-04,4,42000,168000,Cash,Take Away
SUN-5880785,2023-12-06,Cinnamon Roll,Dessert,DST-05,4,28000,112000,Cash,Dine In
SUN-2434336,2023-06-17,Beef Carbonara Pasta,Food,FOD-02,3,52000,156000,Digital Wallet,Take Away
SUN-5257854,2023-12-21,Caramel Machiato,Drinks,DRK-04,2,38000,76000,Unknown,Take Away
SUN-1371226,2023-01-31,Espreso Single,Drinks,DRK-01,4,22000,88000,Debit Card,Online Order
SUN-7483928,2023-12-14,Cafe Latte,Drinks,DRK-03,1,32000,32000,Cash,Take Away
SUN-9013638,2023-01-06,Cafe Latte,Drinks,DRK-03,4,32000,128000,Cash,Dine In
SUN-9624902,2023-12-17,Choco Lava Cake,Dessert,DST-04,3,35000,105000,Digital Wallet,Unknown
SUN-1297926,2023-08-05,Cinnamon Roll,Dessert,DST-05,3,28000,84000,Digital Wallet,Take Away
SUN-5843428,2023-08-20,New York Cheesecake,Dessert,DST-03,3,42000,126000,Unknown,Unknown
SUN-6107390,2023-03-17,Cinnamon Roll,Dessert,DST-05,3,28000,84000,Debit Card,Dine In
SUN-8996685,2023-12-03,Nasi Goreng Kampung,Food,FOD-03,1,38000,38000,Digital Wallet,Dine In
SUN-3988070,2023-10-20,Fudgy Brownies,Dessert,DST-02,3,25000,75000,Digital Wallet,Take Away
SUN-1274185,2023-03-24,Beef Carbonara Pasta,Food,FOD-02,4,52000,208000,Debit Card,Dine In
SUN-4451219,2023-01-10,Buttermilk Fried Chicken,Food,FOD-01,1,48000,48000,Cash,Dine In
SUN-1935239,2023-11-06,Beef Carbonara Pasta,Food,FOD-02,1,52000,52000,Debit Card,Dine In
SUN-2072344,2023-03-23,Classic Tirmaisu,Dessert,DST-01,2,38000,76000,Digital Wallet,Dine In
SUN-1945060,2023-01-13,Cafe Latte,Drinks,DRK-03,4,32000,128000,Digital Wallet,Dine In
SUN-8396458,2023-08-18,Iced Americano,Drinks,DRK-02,3,28000,84000,Unknown,Dine In
SUN-5781858,2023-04-02,Cafe Latte,Drinks,DRK-03,4,32000,128000,Digital Wallet,Online Order
SUN-7173225,2023-02-18,Iced Americano,Drinks,DRK-02,2,28000,56000,Debit Card,Unknown
SUN-6325091,2023-12-27,Club Sandwich,Food,FOD-05,1,45000,45000,Cash,Take Away
SUN-5026533,2023-06-03,Beef Carbonara Pasta,Food,FOD-02,4,52000,208000,Digital Wallet,Online Order
SUN-7786122,2023-06-04,Nasi Goreng Kampung,Food,FOD-03,1,38000,38000,Digital Wallet,Online Order
SUN-7705697,2023-04-19,Beef Carbonara Pasta,Food,FOD-02,2,52000,104000,Unknown,Online Order
SUN-8553943,2023-04-13,Creamy Maycha Latte,Drinks,DRK-05,4,35000,140000,Unknown,Take Away
SUN-7302788,2023-04-09,Creamy Maycha Latte,Drinks,DRK-05,1,35000,35000,Digital Wallet,Take Away
SUN-5765609,2023-03-22,Club Sandwich,Food,FOD-05,4,45000,180000,Cash,Take Away
SUN-8111580,2023-03-27,Nasi Goreng Kampung,Food,FOD-03,1,38000,38000,Debit Card,Online Order
SUN-8099723,2023-02-06,Cafe Latte,Drinks,DRK-03,3,32000,96000,Debit Card,Dine In
SUN-4146539,2023-12-23,Fudgy Brownies,Dessert,DST-02,3,25000,75000,Unknown,Online Order
SUN-8198888,2023-10-27,Caramel Machiato,Drinks,DRK-04,4,38000,152000,Digital Wallet,Take Away
SUN-8748045,2023-04-27,Espreso Single,Drinks,DRK-01,3,22000,66000,Digital Wallet,Dine In
SUN-6826278,2023-08-16,Grill Chicken Caesar Salad,Food,FOD-04,4,42000,168000,Unknown,Unknown
SUN-9241168,2023-02-13,Cinnamon Roll,Dessert,DST-05,4,28000,112000,Digital Wallet,Dine In
SUN-9261267,2023-11-16,Iced Americano,Drinks,DRK-02,4,28000,112000,Digital Wallet,Take Away
SUN-6612965,2023-12-01,Grill Chicken Caesar Salad,Food,FOD-04,2,42000,84000,Unknown,Take Away
SUN-1917656,2023-07-16,New York Cheesecake,Dessert,DST-03,3,42000,126000,Debit Card,Take Away
SUN-2317480,2023-02-27,New York Cheesecake,Dessert,DST-03,3,42000,126000,Cash,Dine In
SUN-9177253,2023-05-09,Club Sandwich,Food,FOD-05,4,45000,180000,Debit Card,Online Order
SUN-7151822,2023-09-26,Cafe Latte,Drinks,DRK-03,1,32000,32000,Cash,Take Away
SUN-8558728,2023-05-09,Nasi Goreng Kampung,Food,FOD-03,,38000,,Digital Wallet,Online Order
SUN-4230092,2023-08-29,Club Sandwich,Food,FOD-05,2,45000,90000,Cash,Dine In
SUN-5102226,2023-12-21,Espreso Single,Drinks,DRK-01,4,22000,88000,Debit Card,Unknown
SUN-5735034,2023-09-19,Nasi Goreng Kampung,Food,FOD-03,2,38000,76000,Digital Wallet,Take Away
SUN-5332924,2023-03-30,Espreso Single,Drinks,DRK-01,3,22000,66000,Debit Card,Dine In
SUN-7760740,2023-10-10,New York Cheesecake,Dessert,DST-03,4,42000,168000,Debit Card,Online Order
SUN-8354508,2023-05-10,Choco Lava Cake,Dessert,DST-04,1,35000,35000,Unknown,Take Away
SUN-3153173,2023-03-07,Club Sandwich,Food,FOD-05,1,45000,45000,Cash,Unknown
SUN-3882631,2023-11-07,Beef Carbonara Pasta,Food,FOD-02,4,52000,208000,Digital Wallet,Online Order
SUN-1237906,2023-01-14,Creamy Maycha Latte,Drinks,DRK-05,,35000,,Unknown,Unknown
SUN-2012060,2023-06-11,Espreso Single,Drinks,DRK-01,4,22000,88000,Debit Card,Online Order
SUN-6879553,2023-06-07,Creamy Maycha Latte,Drinks,DRK-05,3,35000,105000,Cash,Take Away
SUN-1086213,2023-01-29,Caramel Machiato,Drinks,DRK-04,,38000,,Debit Card,Take Away
SUN-4389564,2023-06-12,Beef Carbonara Pasta,Food,FOD-02,1,52000,52000,Digital Wallet,Online Order
SUN-9498173,2023-10-12,Fudgy Brownies,Dessert,DST-02,2,25000,50000,Debit Card,Unknown
SUN-1289177,2023-03-28,Classic Tirmaisu,Dessert,DST-01,3,38000,114000,Digital Wallet,Take Away
SUN-9392632,2023-02-24,Cinnamon Roll,Dessert,DST-05,2,28000,56000,Debit Card,Take Away
SUN-4515676,2023-10-23,Grill Chicken Caesar Salad,Food,FOD-04,4,42000,168000,Cash,Take Away
SUN-5214588,2023-04-30,Club Sandwich,Food,FOD-05,1,45000,45000,Digital Wallet,Take Away
SUN-2493287,2023-02-09,Cafe Latte,Drinks,DRK-03,2,32000,64000,Cash,Take Away
SUN-1585413,2023-07-07,Grill Chicken Caesar Salad,Food,FOD-04,1,42000,42000,Debit Card,Dine In
SUN-8105356,2023-07-01,Buttermilk Fried Chicken,Food,FOD-01,3,48000,144000,Cash,Dine In
SUN-5288821,2023-11-17,Caramel Machiato,Drinks,DRK-04,1,38000,38000,Debit Card,Unknown
SUN-1112017,2023-07-12,Iced Americano,Drinks,DRK-02,3,28000,84000,Digital Wallet,Take Away
SUN-8634239,2023-11-23,Buttermilk Fried Chicken,Food,FOD-01,1,48000,48000,Debit Card,Online Order
SUN-6492997,2023-01-04,Nasi Goreng Kampung,Food,FOD-03,4,38000,152000,Unknown,Online Order
SUN-5459550,2023-09-14,Grill Chicken Caesar Salad,Food,FOD-04,1,42000,42000,Debit Card,Unknown
SUN-4283048,2023-10-23,New York Cheesecake,Dessert,DST-03,4,42000,168000,Digital Wallet,Online Order
SUN-4272676,2023-07-21,Classic Tirmaisu,Dessert,DST-01,1,38000,38000,Digital Wallet,Online Order
SUN-5962276,2023-05-11,Fudgy Brownies,Dessert,DST-02,1,25000,25000,Digital Wallet,Online Order
SUN-7795817,2023-07-21,Cinnamon Roll,Dessert,DST-05,3,28000,84000,Debit Card,Dine In
SUN-7458773,2023-06-17,Fudgy Brownies,Dessert,DST-02,2,25000,50000,Debit Card,Take Away
SUN-7111760,2023-02-04,Nasi Goreng Kampung,Food,FOD-03,2,38000,76000,Debit Card,Unknown
SUN-9398538,2023-02-28,Choco Lava Cake,Dessert,DST-04,3,35000,105000,Debit Card,Online Order
SUN-6236185,2023-07-24,Buttermilk Fried Chicken,Food,FOD-01,1,48000,48000,Debit Card,Unknown
SUN-7114624,,Fudgy Brownies,Dessert,DST-02,4,25000,100000,Debit Card,Unknown
SUN-9910931,2023-12-23,Unknown,Unknown,Unknown,2,28000,56000,Debit Card,Unknown
SUN-8026015,2023-06-15,Club Sandwich,Food,FOD-05,1,45000,45000,Digital Wallet,Take Away
SUN-5339661,2023-10-22,Club Sandwich,Food,FOD-05,3,45000,135000,Debit Card,Online Order
SUN-4847149,2023-08-08,Espreso Single,Drinks,DRK-01,4,22000,88000,Digital Wallet,Online Order
SUN-2277743,2023-11-27,Beef Carbonara Pasta,Food,FOD-02,1,52000,52000,Debit Card,Take Away
SUN-7107221,2023-01-13,Creamy Maycha Latte,Drinks,DRK-05,4,35000,140000,Unknown,Take Away
SUN-2416000,2023-08-15,Buttermilk Fried Chicken,Food,FOD-01,1,48000,48000,Unknown,Unknown
SUN-6989767,2023-06-06,Buttermilk Fried Chicken,Food,FOD-01,2,48000,96000,Digital Wallet,Online Order
SUN-3659276,2023-08-10,Club Sandwich,Food,FOD-05,4,45000,180000,Debit Card,Take Away
SUN-2877061,2023-06-28,Nasi Goreng Kampung,Food,FOD-03,3,38000,114000,Cash,Take Away
SUN-6092478,2023-03-03,New York Cheesecake,Dessert,DST-03,1,42000,42000,Cash,Take Away
SUN-1039329,2023-12-14,Choco Lava Cake,Dessert,DST-04,2,35000,70000,Cash,Dine In
SUN-8411543,2023-05-11,Cafe Latte,Drinks,DRK-03,4,32000,128000,Debit Card,Take Away
SUN-3731520,2023-08-06,New York Cheesecake,Dessert,DST-03,1,42000,42000,Cash,Dine In
SUN-7840301,2023-03-06,Caramel Machiato,Drinks,DRK-04,1,38000,38000,Debit Card,Dine In
SUN-8185503,2023-09-08,Creamy Maycha Latte,Drinks,DRK-05,2,35000,70000,Cash,Dine In
SUN-5667513,2023-12-31,Classic Tirmaisu,Dessert,DST-01,2,38000,76000,Debit Card,Online Order
SUN-5234826,2023-06-10,Nasi Goreng Kampung,Food,FOD-03,1,38000,38000,Cash,Dine In
SUN-2419649,2023-10-30,Beef Carbonara Pasta,Food,FOD-02,1,52000,52000,Debit Card,Take Away
SUN-1386720,2023-06-30,Choco Lava Cake,Dessert,DST-04,1,35000,35000,Cash,Take Away
SUN-1762322,,Fudgy Brownies,Dessert,DST-02,1,25000,25000,Digital Wallet,Dine In
SUN-6619385,2023-12-25,Cinnamon Roll,Dessert,DST-05,3,28000,84000,Debit Card,Online Order
SUN-4007750,2023-06-25,Espreso Single,Drinks,DRK-01,3,22000,66000,Digital Wallet,Online Order
SUN-8451460,2023-06-01,Grill Chicken Caesar Salad,Food,FOD-04,3,42000,126000,Unknown,Take Away
SUN-7468103,2023-01-09,Cinnamon Roll,Dessert,DST-05,1,28000,28000,Cash,Dine In
SUN-4665830,2023-12-29,Club Sandwich,Food,FOD-05,1,45000,45000,Debit Card,Unknown
SUN-3354397,2023-05-17,Fudgy Brownies,Dessert,DST-02,2,25000,50000,Digital Wallet,Online Order
SUN-7606044,2023-08-11,Classic Tirmaisu,Dessert,DST-01,3,38000,114000,Unknown,Dine In
SUN-6863118,2023-06-01,Creamy Maycha Latte,Drinks,DRK-05,4,35000,140000,Digital Wallet,Online Order
SUN-3002506,2023-12-01,Caramel Machiato,Drinks,DRK-04,4,38000,152000,Digital Wallet,Dine In
SUN-9713814,2023-12-01,Fudgy Brownies,Dessert,DST-02,1,25000,25000,Digital Wallet,Dine In
SUN-1877992,2023-07-30,Beef Carbonara Pasta,Food,FOD-02,4,52000,208000,Unknown,Online Order
SUN-7609203,2023-08-24,Classic Tirmaisu,Dessert,DST-01,1,38000,38000,Unknown,Dine In
SUN-2362042,2023-10-27,Caramel Machiato,Drinks,DRK-04,4,38000,152000,Debit Card,Online Order
SUN-7795023,2023-08-12,Cafe Latte,Drinks,DRK-03,3,32000,96000,Debit Card,Online Order
SUN-2718486,2023-10-28,Cafe Latte,Drinks,DRK-03,1,32000,32000,Digital Wallet,Online Order
SUN-2968253,2023-07-05,Beef Carbonara Pasta,Food,FOD-02,4,52000,208000,Unknown,Take Away
SUN-5114463,2023-05-21,New York Cheesecake,Dessert,DST-03,,42000,,Digital Wallet,Online Order
SUN-6989906,2023-10-07,Espreso Single,Drinks,DRK-01,3,22000,66000,Cash,Take Away
SUN-2637801,2023-05-01,Iced Americano,Drinks,DRK-02,2,28000,56000,Debit Card,Online Order
SUN-5250986,2023-05-15,Club Sandwich,Food,FOD-05,2,45000,90000,Cash,Dine In
SUN-7678984,2023-12-09,Nasi Goreng Kampung,Food,FOD-03,2,38000,76000,Debit Card,Unknown
SUN-1831014,2023-01-16,Club Sandwich,Food,FOD-05,4,45000,180000,Debit Card,Take Away
SUN-3240929,2023-05-01,Beef Carbonara Pasta,Food,FOD-02,1,52000,52000,Debit Card,Online Order
SUN-9180921,2023-05-10,Iced Americano,Drinks,DRK-02,3,28000,84000,Digital Wallet,Dine In
SUN-7465825,2023-10-13,Buttermilk Fried Chicken,Food,FOD-01,1,48000,48000,Cash,Unknown
SUN-1117627,,Buttermilk Fried Chicken,Food,FOD-01,1,48000,48000,Debit Card,Take Away
SUN-3489812,2023-03-06,Cinnamon Roll,Dessert,DST-05,1,28000,28000,Debit Card,Online Order
SUN-2411024,2023-10-16,Cinnamon Roll,Dessert,DST-05,4,28000,112000,Debit Card,Dine In
SUN-2309932,2023-06-28,Cafe Latte,Drinks,DRK-03,1,32000,32000,Digital Wallet,Dine In
SUN-6775734,2023-01-18,Beef Carbonara Pasta,Food,FOD-02,4,52000,208000,Cash,Dine In
SUN-9684746,2023-05-18,Buttermilk Fried Chicken,Food,FOD-01,1,48000,48000,Unknown,Online Order
SUN-9022332,2023-06-03,Iced Americano,Drinks,DRK-02,4,28000,112000,Unknown,Dine In
SUN-2722124,2023-04-11,Classic Tirmaisu,Dessert,DST-01,1,38000,38000,Digital Wallet,Dine In
SUN-1825945,2023-06-18,Cafe Latte,Drinks,DRK-03,1,32000,32000,Digital Wallet,Online Order
SUN-6828652,2023-03-28,Buttermilk Fried Chicken,Food,FOD-01,1,48000,48000,Debit Card,Dine In
SUN-5724627,2023-10-18,Beef Carbonara Pasta,Food,FOD-02,1,52000,52000,Debit Card,Online Order
SUN-5407654,2023-12-19,Cinnamon Roll,Dessert,DST-05,3,28000,84000,Cash,Dine In
SUN-1029115,2023-06-03,Fudgy Brownies,Dessert,DST-02,1,25000,25000,Cash,Dine In
SUN-4851006,2023-09-02,Grill Chicken Caesar Salad,Food,FOD-04,1,42000,42000,Unknown,Take Away
SUN-5378519,2023-06-18,Beef Carbonara Pasta,Food,FOD-02,3,52000,156000,Unknown,Dine In
SUN-2883316,2023-06-19,Grill Chicken Caesar Salad,Food,FOD-04,1,42000,42000,Cash,Take Away
SUN-7160277,2023-02-24,Nasi Goreng Kampung,Food,FOD-03,3,38000,114000,Debit Card,Unknown
SUN-3222680,2023-07-29,Grill Chicken Caesar Salad,Food,FOD-04,2,42000,84000,Debit Card,Take Away
SUN-6750070,2023-09-11,Choco Lava Cake,Dessert,DST-04,1,35000,35000,Digital Wallet,Dine In
SUN-1856643,2023-11-05,Caramel Machiato,Drinks,DRK-04,3,38000,114000,Unknown,Unknown
SUN-4056939,2023-10-29,Buttermilk Fried Chicken,Food,FOD-01,2,48000,96000,Digital Wallet,Online Order
SUN-2148783,2023-09-05,Fudgy Brownies,Dessert,DST-02,4,25000,100000,Digital Wallet,Online Order
SUN-3362786,2023-09-25,Cafe Latte,Drinks,DRK-03,2,32000,64000,Cash,Take Away
SUN-4640590,2023-02-16,Club Sandwich,Food,FOD-05,3,45000,135000,Debit Card,Online Order
SUN-1981065,2023-06-07,Grill Chicken Caesar Salad,Food,FOD-04,2,42000,84000,Digital Wallet,Take Away
SUN-9869704,2023-03-18,Beef Carbonara Pasta,Food,FOD-02,,52000,,Digital Wallet,Unknown
SUN-9548890,2023-11-03,Creamy Maycha Latte,Drinks,DRK-05,1,35000,35000,Debit Card,Online Order
SUN-8565018,2023-11-22,Grill Chicken Caesar Salad,Food,FOD-04,1,42000,42000,Cash,Dine In
SUN-7400511,2023-04-15,Caramel Machiato,Drinks,DRK-04,1,38000,38000,Unknown,Take Away
SUN-2342424,2023-07-23,Creamy Maycha Latte,Drinks,DRK-05,1,35000,35000,Unknown,Dine In
SUN-6034200,2023-10-03,Classic Tirmaisu,Dessert,DST-01,4,38000,152000,Debit Card,Take Away
SUN-2512195,2023-08-04,Iced Americano,Drinks,DRK-02,4,28000,112000,Digital Wallet,Online Order
SUN-7592323,2023-07-16,Cinnamon Roll,Dessert,DST-05,3,28000,84000,Unknown,Unknown
SUN-6359553,2023-03-01,Cinnamon Roll,Dessert,DST-05,2,28000,56000,Unknown,Take Away
SUN-8353147,2023-12-28,Nasi Goreng Kampung,Food,FOD-03,4,38000,152000,Cash,Unknown
SUN-3850745,2023-02-20,Cafe Latte,Drinks,DRK-03,2,32000,64000,Unknown,Online Order
SUN-2419051,2023-03-14,Cinnamon Roll,Dessert,DST-05,3,28000,84000,Cash,Dine In
SUN-7009238,2023-03-21,Creamy Maycha Latte,Drinks,DRK-05,4,35000,140000,Debit Card,Dine In
SUN-4412861,2023-03-08,Cinnamon Roll,Dessert,DST-05,4,28000,112000,Debit Card,Take Away
SUN-7330489,2023-04-29,Cinnamon Roll,Dessert,DST-05,1,28000,28000,Debit Card,Online Order
SUN-8781217,2023-01-11,Caramel Machiato,Drinks,DRK-04,3,38000,114000,Digital Wallet,Dine In
SUN-4548987,2023-07-24,Nasi Goreng Kampung,Food,FOD-03,1,38000,38000,Unknown,Online Order
SUN-8453034,2023-04-25,Grill Chicken Caesar Salad,Food,FOD-04,1,42000,42000,Unknown,Online Order
SUN-5781463,2023-05-16,Buttermilk Fried Chicken,Food,FOD-01,3,48000,144000,Cash,Unknown
SUN-5558003,2023-10-16,Iced Americano,Drinks,DRK-02,3,28000,84000,Digital Wallet,Take Away
SUN-5928847,2023-09-05,Caramel Machiato,Drinks,DRK-04,4,38000,152000,Debit Card,Unknown
SUN-8781473,2023-08-04,Iced Americano,Drinks,DRK-02,4,28000,112000,Unknown,Online Order
SUN-8872864,2023-06-07,Grill Chicken Caesar Salad,Food,FOD-04,4,42000,168000,Debit Card,Dine In
SUN-3709860,2023-12-29,Iced Americano,Drinks,DRK-02,3,28000,84000,Unknown,Dine In
SUN-8563817,2023-07-07,Grill Chicken Caesar Salad,Food,FOD-04,3,42000,126000,Digital Wallet,Dine In
SUN-2920667,2023-10-02,Cinnamon Roll,Dessert,DST-05,2,28000,56000,Digital Wallet,Take Away
SUN-3273273,2023-12-14,Beef Carbonara Pasta,Food,FOD-02,2,52000,104000,Digital Wallet,Unknown
SUN-6050339,2023-01-05,New York Cheesecake,Dessert,DST-03,3,42000,126000,Debit Card,Online Order
SUN-8646262,2023-01-16,Cafe Latte,Drinks,DRK-03,1,32000,32000,Unknown,Online Order
SUN-7451709,2023-12-30,Beef Carbonara Pasta,Food,FOD-02,2,52000,104000,Unknown,Unknown
SUN-4566612,2023-08-21,Espreso Single,Drinks,DRK-01,4,22000,88000,Debit Card,Unknown
SUN-3019042,2023-05-29,Unknown,Unknown,Unknown,3,38000,114000,Unknown,Dine In
SUN-8017669,2023-09-26,New York Cheesecake,Dessert,DST-03,2,42000,84000,Debit Card,Dine In
SUN-5522963,2023-04-14,Club Sandwich,Food,FOD-05,4,45000,180000,Digital Wallet,Dine In
SUN-7173168,2023-03-07,Buttermilk Fried Chicken,Food,FOD-01,3,48000,144000,Unknown,Online Order
SUN-1379254,2023-02-01,Buttermilk Fried Chicken,Food,FOD-01,3,48000,144000,Unknown,Take Away
SUN-6676024,2023-11-11,Cinnamon Roll,Dessert,DST-05,4,28000,112000,Unknown,Take Away
SUN-4792119,2023-05-18,Grill Chicken Caesar Salad,Food,FOD-04,,42000,,Unknown,Online Order
SUN-7756158,2023-02-14,Cinnamon Roll,Dessert,DST-05,2,28000,56000,Debit Card,Dine In
SUN-5591646,2023-03-16,Iced Americano,Drinks,DRK-02,3,28000,84000,Debit Card,Unknown
SUN-7295249,2023-10-23,Creamy Maycha Latte,Drinks,DRK-05,4,35000,140000,Cash,Take Away
SUN-3266732,2023-05-18,Caramel Machiato,Drinks,DRK-04,1,38000,38000,Debit Card,Online Order
SUN-6759182,2023-03-12,Fudgy Brownies,Dessert,DST-02,2,25000,50000,Digital Wallet,Take Away
SUN-9462517,2023-06-02,Classic Tirmaisu,Dessert,DST-01,2,38000,76000,Digital Wallet,Take Away
SUN-6396586,2023-06-05,Club Sandwich,Food,FOD-05,2,45000,90000,Digital Wallet,Dine In
SUN-3667458,2023-05-04,Beef Carbonara Pasta,Food,FOD-02,3,52000,156000,Digital Wallet,Take Away
SUN-9742488,2023-05-25,Iced Americano,Drinks,DRK-02,4,28000,112000,Debit Card,Take Away
SUN-6093442,2023-09-15,Creamy Maycha Latte,Drinks,DRK-05,2,35000,70000,Digital Wallet,Unknown
SUN-4807041,2023-07-28,Classic Tirmaisu,Dessert,DST-01,1,38000,38000,Digital Wallet,Online Order
SUN-5975212,2023-04-29,Cinnamon Roll,Dessert,DST-05,4,28000,112000,Digital Wallet,Dine In
SUN-5134409,2023-08-20,Fudgy Brownies,Dessert,DST-02,4,25000,100000,Digital Wallet,Take Away
SUN-8725476,2023-10-05,New York Cheesecake,Dessert,DST-03,3,42000,126000,Debit Card,Unknown
SUN-5794628,2023-01-15,Classic Tirmaisu,Dessert,DST-01,2,38000,76000,Cash,Take Away
SUN-1985671,2023-02-14,Grill Chicken Caesar Salad,Food,FOD-04,3,42000,126000,Digital Wallet,Take Away
SUN-6136752,2023-10-25,Iced Americano,Drinks,DRK-02,4,28000,112000,Digital Wallet,Unknown
SUN-6842757,2023-01-20,Grill Chicken Caesar Salad,Food,FOD-04,2,42000,84000,Digital Wallet,Take Away
SUN-4711623,2023-07-12,Iced Americano,Drinks,DRK-02,3,28000,84000,Debit Card,Unknown
SUN-4446507,2023-01-19,Creamy Maycha Latte,Drinks,DRK-05,2,35000,70000,Digital Wallet,Online Order
SUN-2795155,2023-12-02,Caramel Machiato,Drinks,DRK-04,4,38000,152000,Cash,Dine In
SUN-9711579,2023-04-15,New York Cheesecake,Dessert,DST-03,2,42000,84000,Digital Wallet,Dine In
SUN-9583878,2023-03-03,Classic Tirmaisu,Dessert,DST-01,2,38000,76000,Unknown,Dine In
SUN-8964907,2023-06-07,New York Cheesecake,Dessert,DST-03,2,42000,84000,Unknown,Take Away
SUN-5704892,2023-06-12,Creamy Maycha Latte,Drinks,DRK-05,2,35000,70000,Debit Card,Online Order
SUN-9247276,2023-11-16,Choco Lava Cake,Dessert,DST-04,3,35000,105000,Debit Card,Online Order
SUN-8841788,2023-12-15,Iced Americano,Drinks,DRK-02,4,28000,112000,Debit Card,Take Away
SUN-6809522,2023-06-26,Caramel Machiato,Drinks,DRK-04,3,38000,114000,Debit Card,Take Away
SUN-3274425,2023-08-20,New York Cheesecake,Dessert,DST-03,2,42000,84000,Cash,Dine In
SUN-3803659,2023-09-26,Grill Chicken Caesar Salad,Food,FOD-04,1,42000,42000,Debit Card,Dine In
SUN-1666048,2023-07-05,Fudgy Brownies,Dessert,DST-02,4,25000,100000,Unknown,Online Order
SUN-9330479,2023-03-19,Grill Chicken Caesar Salad,Food,FOD-04,1,42000,42000,Debit Card,Online Order
SUN-7469175,2023-06-21,New York Cheesecake,Dessert,DST-03,4,42000,168000,Debit Card,Take Away
SUN-1361516,2023-08-11,Creamy Maycha Latte,Drinks,DRK-05,2,35000,70000,Debit Card,Online Order
SUN-9895520,2023-12-01,Caramel Machiato,Drinks,DRK-04,3,38000,114000,Debit Card,Online Order
SUN-6838050,2023-04-27,Choco Lava Cake,Dessert,DST-04,1,35000,35000,Unknown,Take Away
SUN-6709974,2023-01-03,Fudgy Brownies,Dessert,DST-02,4,25000,100000,Digital Wallet,Online Order
SUN-3957258,2023-10-08,Choco Lava Cake,Dessert,DST-04,1,35000,35000,Digital Wallet,Unknown
SUN-9904877,2023-12-28,New York Cheesecake,Dessert,DST-03,2,42000,84000,Digital Wallet,Online Order
SUN-8753426,2023-02-23,Cafe Latte,Drinks,DRK-03,3,32000,96000,Unknown,Dine In
SUN-6515080,2023-06-21,Espreso Single,Drinks,DRK-01,3,22000,66000,Debit Card,Take Away
SUN-9213170,2023-04-01,Creamy Maycha Latte,Drinks,DRK-05,1,35000,35000,Debit Card,Online Order
SUN-7494155,2023-10-27,Nasi Goreng Kampung,Food,FOD-03,1,38000,38000,Unknown,Unknown
SUN-2395517,2023-12-25,Beef Carbonara Pasta,Food,FOD-02,4,52000,208000,Unknown,Dine In
SUN-5920531,2023-06-26,Cinnamon Roll,Dessert,DST-05,3,28000,84000,Digital Wallet,Online Order
SUN-1782692,2023-10-04,Classic Tirmaisu,Dessert,DST-01,3,38000,114000,Digital Wallet,Dine In
SUN-2757883,2023-10-29,Cinnamon Roll,Dessert,DST-05,4,28000,112000,Cash,Take Away
SUN-3059592,2023-09-20,Cafe Latte,Drinks,DRK-03,4,32000,128000,Debit Card,Take Away
SUN-5087778,2023-02-05,Nasi Goreng Kampung,Food,FOD-03,3,38000,114000,Digital Wallet,Online Order
SUN-6636921,2023-08-28,Club Sandwich,Food,FOD-05,4,45000,180000,Unknown,Take Away
SUN-8644124,2023-06-05,Nasi Goreng Kampung,Food,FOD-03,2,38000,76000,Debit Card,Online Order
SUN-6143034,2023-05-24,New York Cheesecake,Dessert,DST-03,3,42000,126000,Unknown,Online Order
SUN-3737426,2023-10-09,Fudgy Brownies,Dessert,DST-02,3,25000,75000,Unknown,Unknown
SUN-5738361,2023-06-08,Cafe Latte,Drinks,DRK-03,2,32000,64000,Cash,Dine In
SUN-7871216,2023-12-30,Fudgy Brownies,Dessert,DST-02,1,25000,25000,Cash,Unknown
SUN-6810499,2023-06-20,Nasi Goreng Kampung,Food,FOD-03,1,38000,38000,Unknown,Take Away
SUN-9057932,2023-07-07,Nasi Goreng Kampung,Food,FOD-03,1,38000,38000,Digital Wallet,Take Away
SUN-4436833,2023-05-21,Buttermilk Fried Chicken,Food,FOD-01,1,48000,48000,Debit Card,Online Order
SUN-5752107,2023-01-28,Grill Chicken Caesar Salad,Food,FOD-04,2,42000,84000,Debit Card,Dine In
SUN-9292915,2023-01-04,Caramel Machiato,Drinks,DRK-04,4,38000,152000,Debit Card,Online Order
SUN-9773334,2023-09-30,Buttermilk Fried Chicken,Food,FOD-01,1,48000,48000,Digital Wallet,Dine In
SUN-9551148,2023-03-03,Espreso Single,Drinks,DRK-01,4,22000,88000,Cash,Dine In
SUN-9374013,2023-08-25,Choco Lava Cake,Dessert,DST-04,3,35000,105000,Unknown,Online Order
SUN-7466561,2023-08-22,Nasi Goreng Kampung,Food,FOD-03,1,38000,38000,Unknown,Online Order
SUN-5430145,2023-02-24,New York Cheesecake,Dessert,DST-03,3,42000,126000,Digital Wallet,Dine In
SUN-7037717,2023-05-06,Espreso Single,Drinks,DRK-01,4,22000,88000,Debit Card,Online Order
SUN-7819273,2023-03-18,Grill Chicken Caesar Salad,Food,FOD-04,2,42000,84000,Unknown,Take Away
SUN-2506970,2023-01-27,Club Sandwich,Food,FOD-05,1,45000,45000,Digital Wallet,Online Order
SUN-2839545,2023-07-03,Choco Lava Cake,Dessert,DST-04,1,35000,35000,Digital Wallet,Unknown
SUN-1509420,2023-12-28,Club Sandwich,Food,FOD-05,2,45000,90000,Cash,Take Away
SUN-3239165,2023-03-02,Cafe Latte,Drinks,DRK-03,1,32000,32000,Cash,Unknown
SUN-6570220,2023-04-13,Grill Chicken Caesar Salad,Food,FOD-04,4,42000,168000,Debit Card,Online Order
SUN-3958545,2023-12-01,Classic Tirmaisu,Dessert,DST-01,3,38000,114000,Debit Card,Take Away
SUN-3752662,2023-12-19,Espreso Single,Drinks,DRK-01,4,22000,88000,Cash,Dine In
SUN-6847241,2023-12-28,New York Cheesecake,Dessert,DST-03,4,42000,168000,Digital Wallet,Online Order
SUN-9748349,,Creamy Maycha Latte,Drinks,DRK-05,3,35000,105000,Cash,Unknown
SUN-3376823,2023-10-02,Nasi Goreng Kampung,Food,FOD-03,4,38000,152000,Unknown,Unknown
SUN-4185248,2023-03-03,Choco Lava Cake,Dessert,DST-04,,35000,,Digital Wallet,Online Order
SUN-1600958,2023-11-05,New York Cheesecake,Dessert,DST-03,2,42000,84000,Debit Card,Take Away
SUN-1486132,2023-10-22,Beef Carbonara Pasta,Food,FOD-02,1,52000,52000,Unknown,Take Away
SUN-2468224,2023-05-01,Iced Americano,Drinks,DRK-02,2,28000,56000,Unknown,Online Order
SUN-2340808,2023-11-05,Nasi Goreng Kampung,Food,FOD-03,3,38000,114000,Cash,Dine In
SUN-2757649,2023-02-08,Beef Carbonara Pasta,Food,FOD-02,3,52000,156000,Unknown,Dine In
SUN-3446565,2023-09-23,Choco Lava Cake,Dessert,DST-04,4,35000,140000,Digital Wallet,Take Away
SUN-8273659,2023-09-24,Creamy Maycha Latte,Drinks,DRK-05,4,35000,140000,Digital Wallet,Take Away
SUN-1648084,2023-10-18,Cafe Latte,Drinks,DRK-03,2,32000,64000,Digital Wallet,Dine In
SUN-7232931,2023-10-17,Beef Carbonara Pasta,Food,FOD-02,1,52000,52000,Cash,Take Away
SUN-8507215,2023-05-14,Club Sandwich,Food,FOD-05,1,45000,45000,Digital Wallet,Dine In
SUN-9978928,2023-09-11,Buttermilk Fried Chicken,Food,FOD-01,4,48000,192000,Digital Wallet,Unknown
SUN-6447034,2023-03-13,Creamy Maycha Latte,Drinks,DRK-05,3,35000,105000,Digital Wallet,Online Order
SUN-8347650,2023-03-06,Choco Lava Cake,Dessert,DST-04,4,35000,140000,Unknown,Dine In
SUN-2984704,2023-08-21,Beef Carbonara Pasta,Food,FOD-02,1,52000,52000,Debit Card,Online Order
SUN-9636044,2023-01-10,Espreso Single,Drinks,DRK-01,3,22000,66000,Digital Wallet,Unknown
SUN-1979177,2023-06-27,Cinnamon Roll,Dessert,DST-05,1,28000,28000,Digital Wallet,Online Order
SUN-1954254,2023-07-22,Caramel Machiato,Drinks,DRK-04,1,38000,38000,Debit Card,Take Away
SUN-4399153,2023-11-25,Espreso Single,Drinks,DRK-01,2,22000,44000,Debit Card,Online Order
SUN-7487111,2023-02-24,Fudgy Brownies,Dessert,DST-02,4,25000,100000,Cash,Take Away
SUN-3865196,2023-05-21,Beef Carbonara Pasta,Food,FOD-02,1,52000,52000,Debit Card,Online Order
SUN-8831976,2023-04-18,Fudgy Brownies,Dessert,DST-02,1,25000,25000,Digital Wallet,Online Order
SUN-5341520,2023-03-29,Fudgy Brownies,Dessert,DST-02,3,25000,75000,Cash,Dine In
SUN-6954159,2023-06-23,Nasi Goreng Kampung,Food,FOD-03,4,38000,152000,Cash,Dine In
SUN-4328259,2023-09-24,Club Sandwich,Food,FOD-05,2,45000,90000,Debit Card,Unknown
SUN-9644783,,Classic Tirmaisu,Dessert,DST-01,1,38000,38000,Digital Wallet,Online Order
SUN-9659503,2023-06-02,Caramel Machiato,Drinks,DRK-04,2,38000,76000,Digital Wallet,Dine In
SUN-7032210,2023-12-07,Cafe Latte,Drinks,DRK-03,3,32000,96000,Debit Card,Online Order
SUN-3214893,2023-06-08,Fudgy Brownies,Dessert,DST-02,4,25000,100000,Unknown,Unknown
SUN-6761158,2023-04-28,Club Sandwich,Food,FOD-05,1,45000,45000,Debit Card,Unknown
SUN-7449560,2023-11-15,Espreso Single,Drinks,DRK-01,1,22000,22000,Unknown,Dine In
SUN-2830884,2023-07-24,Cafe Latte,Drinks,DRK-03,4,32000,128000,Digital Wallet,Dine In
SUN-2781722,2023-06-26,Cafe Latte,Drinks,DRK-03,3,32000,96000,Debit Card,Dine In
SUN-7692837,2023-12-22,Espreso Single,Drinks,DRK-01,1,22000,22000,Debit Card,Dine In
SUN-3966575,2023-11-27,Choco Lava Cake,Dessert,DST-04,3,35000,105000,Debit Card,Online Order
SUN-9123441,2023-09-02,New York Cheesecake,Dessert,DST-03,3,42000,126000,Cash,Dine In
SUN-8229279,2023-09-01,New York Cheesecake,Dessert,DST-03,3,42000,126000,Debit Card,Online Order
SUN-5299882,2023-05-21,Cafe Latte,Drinks,DRK-03,3,32000,96000,Digital Wallet,Unknown
SUN-4890746,2023-11-27,Cafe Latte,Drinks,DRK-03,1,32000,32000,Cash,Dine In
SUN-2261903,2023-10-02,Espreso Single,Drinks,DRK-01,4,22000,88000,Digital Wallet,Online Order
SUN-5272685,2023-03-25,Fudgy Brownies,Dessert,DST-02,3,25000,75000,Debit Card,Take Away
SUN-7286403,2023-03-12,Choco Lava Cake,Dessert,DST-04,3,35000,105000,Debit Card,Take Away
SUN-4208194,2023-06-21,Grill Chicken Caesar Salad,Food,FOD-04,2,42000,84000,Cash,Dine In
SUN-9075269,2023-02-07,New York Cheesecake,Dessert,DST-03,1,42000,42000,Cash,Take Away
SUN-1411292,2023-09-01,Classic Tirmaisu,Dessert,DST-01,4,38000,152000,Debit Card,Take Away
SUN-1363313,2023-01-15,Caramel Machiato,Drinks,DRK-04,2,38000,76000,Unknown,Online Order
SUN-6539580,2023-06-04,Cafe Latte,Drinks,DRK-03,1,32000,32000,Debit Card,Take Away
SUN-6659634,2023-09-01,Classic Tirmaisu,Dessert,DST-01,4,38000,152000,Debit Card,Online Order
SUN-9809226,2023-08-27,New York Cheesecake,Dessert,DST-03,2,42000,84000,Unknown,Online Order
SUN-4590717,2023-08-29,Nasi Goreng Kampung,Food,FOD-03,1,38000,38000,Digital Wallet,Dine In
SUN-5385892,2023-01-18,New York Cheesecake,Dessert,DST-03,1,42000,42000,Cash,Take Away
SUN-1656024,2023-09-02,Choco Lava Cake,Dessert,DST-04,1,35000,35000,Cash,Take Away
SUN-7913319,2023-10-08,Buttermilk Fried Chicken,Food,FOD-01,3,48000,144000,Unknown,Unknown
SUN-7248746,2023-09-03,Cinnamon Roll,Dessert,DST-05,2,28000,56000,Digital Wallet,Dine In
SUN-7652618,,Beef Carbonara Pasta,Food,FOD-02,4,52000,208000,Unknown,Online Order
SUN-9656816,2023-08-01,Espreso Single,Drinks,DRK-01,2,22000,44000,Digital Wallet,Unknown
SUN-5873370,2023-10-24,Grill Chicken Caesar Salad,Food,FOD-04,3,42000,126000,Debit Card,Take Away
SUN-3368567,2023-12-10,Cafe Latte,Drinks,DRK-03,4,32000,128000,Cash,Unknown
SUN-9253958,2023-06-15,Choco Lava Cake,Dessert,DST-04,,35000,,Unknown,Online Order
SUN-5578989,2023-06-17,Classic Tirmaisu,Dessert,DST-01,4,38000,152000,Digital Wallet,Online Order
SUN-4909178,2023-08-12,Choco Lava Cake,Dessert,DST-04,2,35000,70000,Digital Wallet,Take Away
SUN-4151400,2023-02-15,Classic Tirmaisu,Dessert,DST-01,3,38000,114000,Digital Wallet,Dine In
SUN-6399729,2023-10-13,Iced Americano,Drinks,DRK-02,1,28000,28000,Debit Card,Take Away
SUN-9140740,2023-04-02,Club Sandwich,Food,FOD-05,3,45000,135000,Digital Wallet,Take Away
SUN-7134839,2023-05-03,Cinnamon Roll,Dessert,DST-05,4,28000,112000,Digital Wallet,Take Away
SUN-8229495,2023-05-30,Cinnamon Roll,Dessert,DST-05,2,28000,56000,Unknown,Online Order
SUN-1548026,2023-11-29,Classic Tirmaisu,Dessert,DST-01,1,38000,38000,Unknown,Take Away
SUN-1918099,2023-08-12,Espreso Single,Drinks,DRK-01,1,22000,22000,Unknown,Dine In
SUN-7828842,,Creamy Maycha Latte,Drinks,DRK-05,1,35000,35000,Debit Card,Take Away
SUN-9203624,2023-05-11,Beef Carbonara Pasta,Food,FOD-02,3,52000,156000,Cash,Take Away
SUN-3899251,2023-05-24,Classic Tirmaisu,Dessert,DST-01,1,38000,38000,Debit Card,Take Away
SUN-8658997,2023-06-09,Cafe Latte,Drinks,DRK-03,1,32000,32000,Unknown,Take Away
SUN-1593973,2023-03-31,Espreso Single,Drinks,DRK-01,4,22000,88000,Digital Wallet,Dine In
SUN-1893325,2023-04-18,Espreso Single,Drinks,DRK-01,2,22000,44000,Digital Wallet,Dine In
SUN-4765346,2023-07-05,Caramel Machiato,Drinks,DRK-04,3,38000,114000,Debit Card,Take Away
SUN-9622891,2023-09-23,Caramel Machiato,Drinks,DRK-04,1,38000,38000,Digital Wallet,Unknown
SUN-5363535,2023-08-04,Cafe Latte,Drinks,DRK-03,3,32000,96000,Digital Wallet,Unknown
SUN-9503693,2023-11-05,New York Cheesecake,Dessert,DST-03,3,42000,126000,Digital Wallet,Unknown
SUN-7366229,2023-07-14,Creamy Maycha Latte,Drinks,DRK-05,1,35000,35000,Debit Card,Take Away
SUN-3531195,2023-05-04,Iced Americano,Drinks,DRK-02,4,28000,112000,Digital Wallet,Online Order
SUN-1412215,2023-02-17,Nasi Goreng Kampung,Food,FOD-03,4,38000,152000,Unknown,Online Order
SUN-2695286,2023-10-20,Club Sandwich,Food,FOD-05,3,45000,135000,Cash,Take Away
SUN-5447638,2023-11-06,Grill Chicken Caesar Salad,Food,FOD-04,2,42000,84000,Digital Wallet,Online Order
SUN-1110249,2023-03-13,Fudgy Brownies,Dessert,DST-02,4,25000,100000,Unknown,Dine In
SUN-5721012,2023-09-25,Fudgy Brownies,Dessert,DST-02,2,25000,50000,Debit Card,Online Order
SUN-6029419,2023-12-22,Creamy Maycha Latte,Drinks,DRK-05,2,35000,70000,Digital Wallet,Unknown
SUN-8460482,2023-03-08,Nasi Goreng Kampung,Food,FOD-03,3,38000,114000,Debit Card,Online Order
SUN-1409999,2023-05-10,Cafe Latte,Drinks,DRK-03,4,32000,128000,Digital Wallet,Dine In
SUN-8400306,2023-01-17,Buttermilk Fried Chicken,Food,FOD-01,2,48000,96000,Unknown,Take Away
SUN-4325062,2023-08-30,Fudgy Brownies,Dessert,DST-02,3,25000,75000,Cash,Dine In
SUN-1256924,2023-04-30,Buttermilk Fried Chicken,Food,FOD-01,3,48000,144000,Digital Wallet,Online Order
SUN-8538348,2023-08-08,Cafe Latte,Drinks,DRK-03,3,32000,96000,Digital Wallet,Dine In
SUN-3569705,2023-12-21,Iced Americano,Drinks,DRK-02,1,28000,28000,Digital Wallet,Unknown
SUN-8667582,2023-01-30,New York Cheesecake,Dessert,DST-03,1,42000,42000,Digital Wallet,Dine In
SUN-8786339,2023-01-13,Iced Americano,Drinks,DRK-02,2,28000,56000,Digital Wallet,Online Order
SUN-6440330,2023-08-02,New York Cheesecake,Dessert,DST-03,4,42000,168000,Debit Card,Dine In
SUN-3179058,2023-02-05,Classic Tirmaisu,Dessert,DST-01,1,38000,38000,Debit Card,Take Away
SUN-8672059,2023-01-18,Caramel Machiato,Drinks,DRK-04,1,38000,38000,Digital Wallet,Take Away
SUN-4731274,2023-01-12,Choco Lava Cake,Dessert,DST-04,4,35000,140000,Cash,Take Away
SUN-6675866,2023-06-27,Grill Chicken Caesar Salad,Food,FOD-04,1,42000,42000,Digital Wallet,Take Away
SUN-5624384,2023-06-12,Cinnamon Roll,Dessert,DST-05,2,28000,56000,Unknown,Dine In
SUN-7777868,2023-07-16,Cafe Latte,Drinks,DRK-03,2,32000,64000,Digital Wallet,Dine In
SUN-2467435,2023-06-08,Club Sandwich,Food,FOD-05,2,45000,90000,Digital Wallet,Unknown
SUN-8159061,2023-12-14,Beef Carbonara Pasta,Food,FOD-02,3,52000,156000,Digital Wallet,Dine In
SUN-2251329,2023-12-09,Cinnamon Roll,Dessert,DST-05,1,28000,28000,Digital Wallet,Unknown
SUN-5873872,2023-03-08,Cafe Latte,Drinks,DRK-03,3,32000,96000,Unknown,Take Away
SUN-5486284,2023-12-08,Classic Tirmaisu,Dessert,DST-01,3,38000,114000,Cash,Take Away
SUN-8739248,2023-01-18,Iced Americano,Drinks,DRK-02,4,28000,112000,Unknown,Dine In
SUN-5414814,2023-06-08,Creamy Maycha Latte,Drinks,DRK-05,4,35000,140000,Cash,Unknown
SUN-2009335,2023-08-17,Cinnamon Roll,Dessert,DST-05,1,28000,28000,Unknown,Take Away
SUN-4506904,2023-06-30,Classic Tirmaisu,Dessert,DST-01,3,38000,114000,Unknown,Unknown
SUN-4164041,2023-04-24,Classic Tirmaisu,Dessert,DST-01,2,38000,76000,Digital Wallet,Online Order
SUN-9133919,2023-07-11,Club Sandwich,Food,FOD-05,4,45000,180000,Debit Card,Take Away
SUN-6858786,2023-07-20,New York Cheesecake,Dessert,DST-03,2,42000,84000,Debit Card,Take Away
SUN-5095519,2023-01-11,Classic Tirmaisu,Dessert,DST-01,1,38000,38000,Cash,Dine In
SUN-6396736,2023-04-04,Choco Lava Cake,Dessert,DST-04,2,35000,70000,Digital Wallet,Online Order
SUN-1256824,2023-02-11,Cafe Latte,Drinks,DRK-03,2,32000,64000,Unknown,Dine In
SUN-8379227,2023-09-09,Caramel Machiato,Drinks,DRK-04,2,38000,76000,Debit Card,Online Order
SUN-6496268,2023-06-16,Classic Tirmaisu,Dessert,DST-01,4,38000,152000,Debit Card,Take Away
SUN-7917694,2023-02-15,Club Sandwich,Food,FOD-05,4,45000,180000,Digital Wallet,Take Away
SUN-9518367,2023-10-13,Cafe Latte,Drinks,DRK-03,2,32000,64000,Debit Card,Take Away
SUN-6100093,2023-07-06,Caramel Machiato,Drinks,DRK-04,4,38000,152000,Debit Card,Online Order
SUN-3330190,2023-08-20,Nasi Goreng Kampung,Food,FOD-03,2,38000,76000,Cash,Dine In
SUN-2497271,2023-10-09,Nasi Goreng Kampung,Food,FOD-03,3,38000,114000,Debit Card,Dine In
SUN-4741326,2023-04-16,Iced Americano,Drinks,DRK-02,3,28000,84000,Cash,Unknown
SUN-8854599,2023-11-22,Caramel Machiato,Drinks,DRK-04,2,38000,76000,Cash,Dine In
SUN-2507107,2023-02-09,Classic Tirmaisu,Dessert,DST-01,3,38000,114000,Digital Wallet,Take Away
SUN-2540654,2023-04-30,Beef Carbonara Pasta,Food,FOD-02,4,52000,208000,Debit Card,Dine In
SUN-7488874,2023-02-18,Classic Tirmaisu,Dessert,DST-01,1,38000,38000,Debit Card,Take Away
SUN-8772552,2023-07-20,Caramel Machiato,Drinks,DRK-04,3,38000,114000,Debit Card,Online Order
SUN-7347612,2023-02-17,Caramel Machiato,Drinks,DRK-04,1,38000,38000,Unknown,Dine In
SUN-2725566,2023-12-14,Grill Chicken Caesar Salad,Food,FOD-04,1,42000,42000,Digital Wallet,Online Order
SUN-4140153,2023-10-11,Fudgy Brownies,Dessert,DST-02,3,25000,75000,Digital Wallet,Online Order
SUN-7279629,2023-02-20,Beef Carbonara Pasta,Food,FOD-02,1,52000,52000,Digital Wallet,Take Away
SUN-6802714,2023-10-23,Beef Carbonara Pasta,Food,FOD-02,4,52000,208000,Cash,Unknown
SUN-4484879,2023-10-31,Espreso Single,Drinks,DRK-01,4,22000,88000,Debit Card,Online Order
SUN-6420106,2023-02-17,Grill Chicken Caesar Salad,Food,FOD-04,4,42000,168000,Digital Wallet,Online Order
SUN-7167215,2023-09-25,Choco Lava Cake,Dessert,DST-04,3,35000,105000,Digital Wallet,Take Away
SUN-1847716,2023-02-11,Choco Lava Cake,Dessert,DST-04,4,35000,140000,Cash,Dine In
SUN-5525709,2023-12-19,Buttermilk Fried Chicken,Food,FOD-01,1,48000,48000,Unknown,Take Away
SUN-5059817,2023-09-26,Iced Americano,Drinks,DRK-02,1,28000,28000,Debit Card,Dine In
SUN-1643371,2023-06-28,Classic Tirmaisu,Dessert,DST-01,3,38000,114000,Debit Card,Unknown
SUN-2636307,2023-01-20,Beef Carbonara Pasta,Food,FOD-02,2,52000,104000,Cash,Take Away
SUN-2162476,2023-06-16,Iced Americano,Drinks,DRK-02,2,28000,56000,Cash,Take Away
SUN-8515419,2023-06-27,Beef Carbonara Pasta,Food,FOD-02,1,52000,52000,Digital Wallet,Take Away
SUN-3244243,2023-07-19,Nasi Goreng Kampung,Food,FOD-03,1,38000,38000,Unknown,Dine In
SUN-1790046,2023-12-07,Iced Americano,Drinks,DRK-02,3,28000,84000,Digital Wallet,Dine In
SUN-8364327,2023-05-12,Espreso Single,Drinks,DRK-01,2,22000,44000,Unknown,Take Away
SUN-1239173,2023-01-25,Cafe Latte,Drinks,DRK-03,4,32000,128000,Digital Wallet,Online Order
SUN-1183866,2023-01-22,Beef Carbonara Pasta,Food,FOD-02,1,52000,52000,Unknown,Unknown
SUN-5918601,2023-06-13,Espreso Single,Drinks,DRK-01,2,22000,44000,Debit Card,Dine In
SUN-7678328,2023-07-27,Buttermilk Fried Chicken,Food,FOD-01,3,48000,144000,Debit Card,Online Order
SUN-7181434,2023-07-04,Nasi Goreng Kampung,Food,FOD-03,4,38000,152000,Debit Card,Dine In
SUN-3368517,2023-05-23,Classic Tirmaisu,Dessert,DST-01,2,38000,76000,Cash,Take Away
SUN-8622607,2023-12-05,Cafe Latte,Drinks,DRK-03,1,32000,32000,Debit Card,Dine In
SUN-6986128,2023-07-04,Cinnamon Roll,Dessert,DST-05,1,28000,28000,Digital Wallet,Take Away
SUN-6221046,2023-10-27,Beef Carbonara Pasta,Food,FOD-02,4,52000,208000,Cash,Take Away
SUN-6229056,2023-09-13,Cafe Latte,Drinks,DRK-03,1,32000,32000,Debit Card,Online Order
SUN-2977011,2023-02-21,Espreso Single,Drinks,DRK-01,4,22000,88000,Digital Wallet,Dine In
SUN-7976665,2023-05-24,Cafe Latte,Drinks,DRK-03,4,32000,128000,Debit Card,Unknown
SUN-2034287,2023-02-10,Beef Carbonara Pasta,Food,FOD-02,3,52000,156000,Debit Card,Dine In
SUN-1850360,2023-03-01,Caramel Machiato,Drinks,DRK-04,2,38000,76000,Debit Card,Take Away
SUN-9459112,2023-05-05,Espreso Single,Drinks,DRK-01,4,22000,88000,Digital Wallet,Take Away
SUN-7426242,2023-10-31,Creamy Maycha Latte,Drinks,DRK-05,3,35000,105000,Digital Wallet,Online Order
SUN-4524326,2023-06-17,Iced Americano,Drinks,DRK-02,2,28000,56000,Debit Card,Unknown
SUN-7903357,2023-12-11,New York Cheesecake,Dessert,DST-03,4,42000,168000,Digital Wallet,Take Away
SUN-4215963,2023-05-21,New York Cheesecake,Dessert,DST-03,3,42000,126000,Unknown,Dine In
SUN-2325696,2023-03-27,Grill Chicken Caesar Salad,Food,FOD-04,3,42000,126000,Cash,Dine In
SUN-2384939,2023-09-11,Beef Carbonara Pasta,Food,FOD-02,2,52000,104000,Cash,Take Away
SUN-3898883,2023-08-11,Cafe Latte,Drinks,DRK-03,2,32000,64000,Digital Wallet,Online Order
SUN-3322308,2023-06-27,Classic Tirmaisu,Dessert,DST-01,1,38000,38000,Unknown,Unknown
SUN-2449367,2023-05-18,Nasi Goreng Kampung,Food,FOD-03,3,38000,114000,Debit Card,Take Away
SUN-2247271,2023-03-14,Beef Carbonara Pasta,Food,FOD-02,4,52000,208000,Digital Wallet,Online Order
SUN-5245545,2023-09-14,Nasi Goreng Kampung,Food,FOD-03,1,38000,38000,Unknown,Dine In
SUN-9750706,2023-02-13,Cafe Latte,Drinks,DRK-03,2,32000,64000,Debit Card,Online Order
SUN-3827470,2023-01-20,Grill Chicken Caesar Salad,Food,FOD-04,3,42000,126000,Cash,Dine In
SUN-4992251,2023-01-16,Choco Lava Cake,Dessert,DST-04,4,35000,140000,Digital Wallet,Online Order
SUN-1676936,2023-12-02,Nasi Goreng Kampung,Food,FOD-03,1,38000,38000,Unknown,Online Order
SUN-2570458,2023-09-13,Iced Americano,Drinks,DRK-02,3,28000,84000,Cash,Dine In
SUN-8323001,2023-11-08,Nasi Goreng Kampung,Food,FOD-03,4,38000,152000,Cash,Take Away
SUN-3130934,2023-12-29,Grill Chicken Caesar Salad,Food,FOD-04,2,42000,84000,Digital Wallet,Take Away
SUN-4665645,2023-02-20,Cinnamon Roll,Dessert,DST-05,1,28000,28000,Unknown,Online Order
SUN-4882416,2023-09-14,Nasi Goreng Kampung,Food,FOD-03,3,38000,114000,Cash,Dine In
SUN-5458201,2023-08-22,Caramel Machiato,Drinks,DRK-04,2,38000,76000,Unknown,Online Order
SUN-4668840,2023-10-22,Espreso Single,Drinks,DRK-01,4,22000,88000,Debit Card,Online Order
SUN-2403201,2023-05-01,Iced Americano,Drinks,DRK-02,2,28000,56000,Debit Card,Dine In
SUN-6552635,2023-12-19,Cafe Latte,Drinks,DRK-03,4,32000,128000,Cash,Dine In
SUN-9780457,2023-03-18,Caramel Machiato,Drinks,DRK-04,3,38000,114000,Debit Card,Online Order
SUN-1621385,2023-11-07,New York Cheesecake,Dessert,DST-03,3,42000,126000,Unknown,Dine In
SUN-4106715,2023-11-06,Beef Carbonara Pasta,Food,FOD-02,2,52000,104000,Digital Wallet,Unknown
SUN-5300269,2023-06-25,Creamy Maycha Latte,Drinks,DRK-05,1,35000,35000,Debit Card,Unknown
SUN-7472504,2023-10-02,Beef Carbonara Pasta,Food,FOD-02,4,52000,208000,Cash,Dine In
SUN-8031215,2023-10-31,Grill Chicken Caesar Salad,Food,FOD-04,4,42000,168000,Debit Card,Online Order
SUN-2114884,2023-07-30,Club Sandwich,Food,FOD-05,4,45000,180000,Digital Wallet,Online Order
SUN-3043562,2023-11-13,New York Cheesecake,Dessert,DST-03,2,42000,84000,Digital Wallet,Dine In
SUN-3045503,2023-08-15,Nasi Goreng Kampung,Food,FOD-03,3,38000,114000,Digital Wallet,Dine In
SUN-1010208,2023-06-04,Creamy Maycha Latte,Drinks,DRK-05,4,35000,140000,Unknown,Dine In
SUN-8739725,2023-11-14,Grill Chicken Caesar Salad,Food,FOD-04,1,42000,42000,Debit Card,Online Order
SUN-9812944,2023-09-26,Club Sandwich,Food,FOD-05,2,45000,90000,Debit Card,Dine In
SUN-3055448,2023-05-05,Espreso Single,Drinks,DRK-01,2,22000,44000,Debit Card,Dine In
SUN-3673425,2023-08-01,Choco Lava Cake,Dessert,DST-04,1,35000,35000,Digital Wallet,Dine In
SUN-9877138,2023-06-29,Beef Carbonara Pasta,Food,FOD-02,4,52000,208000,Debit Card,Online Order
SUN-9126074,2023-10-01,Club Sandwich,Food,FOD-05,2,45000,90000,Digital Wallet,Online Order
SUN-8545884,2023-03-25,Espreso Single,Drinks,DRK-01,4,22000,88000,Debit Card,Take Away
SUN-5958153,2023-04-17,Caramel Machiato,Drinks,DRK-04,3,38000,114000,Digital Wallet,Take Away
SUN-5300580,2023-06-15,Creamy Maycha Latte,Drinks,DRK-05,2,35000,70000,Unknown,Dine In
SUN-2578047,2023-09-10,Creamy Maycha Latte,Drinks,DRK-05,1,35000,35000,Debit Card,Dine In
SUN-2232089,2023-03-04,Nasi Goreng Kampung,Food,FOD-03,4,38000,152000,Debit Card,Take Away
SUN-6829139,2023-11-22,Fudgy Brownies,Dessert,DST-02,1,25000,25000,Digital Wallet,Unknown
SUN-8622212,2023-05-07,Choco Lava Cake,Dessert,DST-04,4,35000,140000,Digital Wallet,Dine In
SUN-2090332,2023-10-15,Choco Lava Cake,Dessert,DST-04,3,35000,105000,Cash,Take Away
SUN-6107507,2023-08-23,Caramel Machiato,Drinks,DRK-04,2,38000,76000,Digital Wallet,Take Away
SUN-3549576,2023-11-04,Nasi Goreng Kampung,Food,FOD-03,3,38000,114000,Debit Card,Take Away
SUN-2742314,2023-04-11,Cinnamon Roll,Dessert,DST-05,3,28000,84000,Digital Wallet,Take Away
SUN-4221682,2023-05-05,Buttermilk Fried Chicken,Food,FOD-01,2,48000,96000,Digital Wallet,Take Away
SUN-9922560,2023-08-27,Buttermilk Fried Chicken,Food,FOD-01,4,48000,192000,Unknown,Take Away
SUN-6931636,2023-05-12,Caramel Machiato,Drinks,DRK-04,3,38000,114000,Cash,Take Away
SUN-2738125,2023-10-18,Iced Americano,Drinks,DRK-02,2,28000,56000,Debit Card,Take Away
SUN-7870562,2023-03-15,Buttermilk Fried Chicken,Food,FOD-01,2,48000,96000,Debit Card,Dine In
SUN-3018508,2023-08-18,Cinnamon Roll,Dessert,DST-05,3,28000,84000,Digital Wallet,Online Order
SUN-3883594,2023-06-19,Choco Lava Cake,Dessert,DST-04,1,35000,35000,Digital Wallet,Dine In
SUN-9394011,2023-06-21,Caramel Machiato,Drinks,DRK-04,4,38000,152000,Digital Wallet,Dine In
SUN-5812046,2023-08-17,New York Cheesecake,Dessert,DST-03,2,42000,84000,Unknown,Dine In
SUN-9950900,2023-05-23,Cinnamon Roll,Dessert,DST-05,1,28000,28000,Cash,Dine In
SUN-2662111,2023-04-15,Iced Americano,Drinks,DRK-02,1,28000,28000,Digital Wallet,Dine In
SUN-7116352,2023-01-27,Beef Carbonara Pasta,Food,FOD-02,3,52000,156000,Debit Card,Dine In
SUN-3617883,2023-08-16,Creamy Maycha Latte,Drinks,DRK-05,2,35000,70000,Cash,Take Away
SUN-1187212,2023-10-07,Buttermilk Fried Chicken,Food,FOD-01,2,48000,96000,Debit Card,Online Order
SUN-2116191,2023-03-17,Choco Lava Cake,Dessert,DST-04,3,35000,105000,Debit Card,Unknown
SUN-5950875,2023-12-15,Iced Americano,Drinks,DRK-02,2,28000,56000,Cash,Unknown
SUN-6335150,2023-09-14,Beef Carbonara Pasta,Food,FOD-02,2,52000,104000,Digital Wallet,Unknown
SUN-7448208,2023-03-30,Iced Americano,Drinks,DRK-02,4,28000,112000,Cash,Take Away
SUN-7240058,2023-06-08,New York Cheesecake,Dessert,DST-03,2,42000,84000,Debit Card,Dine In
SUN-3547817,2023-09-12,Fudgy Brownies,Dessert,DST-02,2,25000,50000,Debit Card,Dine In
SUN-8901900,2023-02-24,Caramel Machiato,Drinks,DRK-04,2,38000,76000,Cash,Take Away
SUN-4613697,2023-08-09,Iced Americano,Drinks,DRK-02,1,28000,28000,Debit Card,Take Away
SUN-9059287,2023-10-10,Club Sandwich,Food,FOD-05,1,45000,45000,Unknown,Dine In
SUN-4990419,2023-10-24,Espreso Single,Drinks,DRK-01,4,22000,88000,Debit Card,Dine In
SUN-3909584,2023-10-09,Creamy Maycha Latte,Drinks,DRK-05,2,35000,70000,Cash,Dine In
SUN-8495372,2023-09-07,Creamy Maycha Latte,Drinks,DRK-05,4,35000,140000,Unknown,Online Order
SUN-4120424,2023-05-13,Cinnamon Roll,Dessert,DST-05,3,28000,84000,Digital Wallet,Take Away
SUN-3254236,2023-03-13,Espreso Single,Drinks,DRK-01,2,22000,44000,Unknown,Take Away
SUN-4603719,2023-11-28,Fudgy Brownies,Dessert,DST-02,3,25000,75000,Unknown,Unknown
SUN-6106008,2023-02-19,Nasi Goreng Kampung,Food,FOD-03,3,38000,114000,Digital Wallet,Online Order
SUN-1832215,2023-06-02,Grill Chicken Caesar Salad,Food,FOD-04,3,42000,126000,Cash,Take Away
SUN-1363121,2023-05-03,Grill Chicken Caesar Salad,Food,FOD-04,4,42000,168000,Debit Card,Dine In
SUN-7961144,2023-10-28,Nasi Goreng Kampung,Food,FOD-03,3,38000,114000,Cash,Unknown
SUN-2135404,2023-03-09,Buttermilk Fried Chicken,Food,FOD-01,4,48000,192000,Digital Wallet,Unknown
SUN-5719142,2023-09-02,Caramel Machiato,Drinks,DRK-04,4,38000,152000,Cash,Unknown
SUN-1782288,2023-08-08,Caramel Machiato,Drinks,DRK-04,1,38000,38000,Digital Wallet,Take Away
SUN-2035536,2023-04-19,New York Cheesecake,Dessert,DST-03,1,42000,42000,Digital Wallet,Unknown
SUN-7454634,2023-02-02,Buttermilk Fried Chicken,Food,FOD-01,4,48000,192000,Cash,Dine In
SUN-8383194,2023-02-05,Cafe Latte,Drinks,DRK-03,,32000,,Cash,Dine In
SUN-2882589,2023-09-04,Grill Chicken Caesar Salad,Food,FOD-04,2,42000,84000,Debit Card,Online Order
SUN-3640222,2023-01-09,Choco Lava Cake,Dessert,DST-04,2,35000,70000,Debit Card,Online Order
SUN-1347597,2023-10-14,Caramel Machiato,Drinks,DRK-04,3,38000,114000,Debit Card,Online Order
SUN-1879621,2023-05-10,Cinnamon Roll,Dessert,DST-05,4,28000,112000,Debit Card,Online Order
SUN-2781420,2023-01-16,Choco Lava Cake,Dessert,DST-04,2,35000,70000,Unknown,Take Away
SUN-2560498,2023-03-30,Choco Lava Cake,Dessert,DST-04,2,35000,70000,Digital Wallet,Take Away
SUN-9504768,2023-11-20,Fudgy Brownies,Dessert,DST-02,3,25000,75000,Debit Card,Unknown
SUN-2760388,,Beef Carbonara Pasta,Food,FOD-02,3,52000,156000,Debit Card,Dine In
SUN-2230181,2023-10-27,Cafe Latte,Drinks,DRK-03,2,32000,64000,Digital Wallet,Online Order
SUN-5593411,2023-01-14,Choco Lava Cake,Dessert,DST-04,2,35000,70000,Cash,Take Away
SUN-8760669,2023-01-16,Espreso Single,Drinks,DRK-01,3,22000,66000,Debit Card,Online Order
SUN-5162011,2023-03-29,Cinnamon Roll,Dessert,DST-05,2,28000,56000,Digital Wallet,Dine In
SUN-7461502,2023-07-19,Grill Chicken Caesar Salad,Food,FOD-04,3,42000,126000,Debit Card,Online Order
SUN-1907227,2023-02-21,Grill Chicken Caesar Salad,Food,FOD-04,2,42000,84000,Debit Card,Unknown
SUN-8515422,2023-01-11,Club Sandwich,Food,FOD-05,3,45000,135000,Digital Wallet,Take Away
SUN-9003283,2023-01-21,Beef Carbonara Pasta,Food,FOD-02,2,52000,104000,Debit Card,Dine In
SUN-7530546,2023-06-24,Espreso Single,Drinks,DRK-01,2,22000,44000,Debit Card,Online Order
SUN-2319600,2023-11-14,Beef Carbonara Pasta,Food,FOD-02,4,52000,208000,Unknown,Take Away
SUN-6338401,2023-01-30,Creamy Maycha Latte,Drinks,DRK-05,1,35000,35000,Debit Card,Online Order
SUN-4882508,2023-03-27,Fudgy Brownies,Dessert,DST-02,1,25000,25000,Digital Wallet,Dine In
SUN-4265403,2023-07-30,Cinnamon Roll,Dessert,DST-05,1,28000,28000,Digital Wallet,Dine In
SUN-4555894,2023-09-01,Club Sandwich,Food,FOD-05,1,45000,45000,Debit Card,Take Away
SUN-2876919,2023-01-29,Espreso Single,Drinks,DRK-01,1,22000,22000,Debit Card,Take Away
SUN-3752613,2023-11-23,Grill Chicken Caesar Salad,Food,FOD-04,2,42000,84000,Debit Card,Take Away
SUN-2556243,2023-02-02,Nasi Goreng Kampung,Food,FOD-03,3,38000,114000,Cash,Dine In
SUN-4653144,2023-09-26,Beef Carbonara Pasta,Food,FOD-02,4,52000,208000,Cash,Dine In
SUN-9721942,2023-12-21,Espreso Single,Drinks,DRK-01,2,22000,44000,Debit Card,Online Order
SUN-8585908,2023-10-13,Espreso Single,Drinks,DRK-01,2,22000,44000,Debit Card,Dine In
SUN-4842600,2023-10-23,Beef Carbonara Pasta,Food,FOD-02,1,52000,52000,Cash,Unknown
SUN-6282592,2023-11-29,Cafe Latte,Drinks,DRK-03,2,32000,64000,Unknown,Dine In
SUN-8619324,2023-09-03,Fudgy Brownies,Dessert,DST-02,4,25000,100000,Unknown,Dine In
SUN-1527200,2023-02-22,Beef Carbonara Pasta,Food,FOD-02,1,52000,52000,Cash,Take Away
SUN-3844170,2023-10-15,Espreso Single,Drinks,DRK-01,3,22000,66000,Debit Card,Online Order
SUN-9822005,2023-01-31,Caramel Machiato,Drinks,DRK-04,2,38000,76000,Debit Card,Online Order
SUN-9975816,2023-03-20,Espreso Single,Drinks,DRK-01,2,22000,44000,Unknown,Take Away
SUN-3095611,2023-10-18,Buttermilk Fried Chicken,Food,FOD-01,,48000,,Debit Card,Take Away
SUN-7859472,2023-02-07,Espreso Single,Drinks,DRK-01,1,22000,22000,Digital Wallet,Dine In
SUN-8807163,2023-03-17,Iced Americano,Drinks,DRK-02,3,28000,84000,Unknown,Take Away
SUN-4593056,2023-04-28,Buttermilk Fried Chicken,Food,FOD-01,4,48000,192000,Unknown,Unknown
SUN-4552461,2023-09-02,Choco Lava Cake,Dessert,DST-04,3,35000,105000,Debit Card,Take Away
SUN-8665026,2023-10-05,Club Sandwich,Food,FOD-05,1,45000,45000,Debit Card,Online Order
SUN-4382835,2023-08-09,Cinnamon Roll,Dessert,DST-05,2,28000,56000,Cash,Take Away
SUN-6424460,2023-10-03,Grill Chicken Caesar Salad,Food,FOD-04,1,42000,42000,Unknown,Take Away
SUN-3707274,2023-05-15,Club Sandwich,Food,FOD-05,3,45000,135000,Digital Wallet,Online Order
SUN-4611666,2023-09-19,Creamy Maycha Latte,Drinks,DRK-05,3,35000,105000,Unknown,Take Away
SUN-6418669,2023-02-23,Iced Americano,Drinks,DRK-02,2,28000,56000,Digital Wallet,Take Away
SUN-5796221,2023-06-02,Espreso Single,Drinks,DRK-01,2,22000,44000,Digital Wallet,Online Order
SUN-9530056,2023-02-11,Nasi Goreng Kampung,Food,FOD-03,2,38000,76000,Digital Wallet,Dine In
SUN-5094620,2023-07-05,Beef Carbonara Pasta,Food,FOD-02,3,52000,156000,Debit Card,Online Order
SUN-8138299,2023-09-26,Nasi Goreng Kampung,Food,FOD-03,2,38000,76000,Unknown,Unknown
SUN-3717225,2023-09-28,Fudgy Brownies,Dessert,DST-02,3,25000,75000,Digital Wallet,Unknown
SUN-2600519,2023-04-08,Beef Carbonara Pasta,Food,FOD-02,4,52000,208000,Debit Card,Unknown
SUN-6521251,2023-08-03,Beef Carbonara Pasta,Food,FOD-02,2,52000,104000,Unknown,Dine In
SUN-8406779,2023-11-22,Fudgy Brownies,Dessert,DST-02,2,25000,50000,Digital Wallet,Online Order
SUN-1341680,2023-03-22,Fudgy Brownies,Dessert,DST-02,2,25000,50000,Cash,Dine In
SUN-7616739,2023-04-24,Cinnamon Roll,Dessert,DST-05,3,28000,84000,Cash,Take Away
SUN-1390392,2023-06-21,Choco Lava Cake,Dessert,DST-04,4,35000,140000,Cash,Dine In
SUN-7992777,2023-04-07,Beef Carbonara Pasta,Food,FOD-02,3,52000,156000,Debit Card,Online Order
SUN-3276002,2023-12-08,Classic Tirmaisu,Dessert,DST-01,2,38000,76000,Debit Card,Online Order
SUN-7358457,2023-11-17,Creamy Maycha Latte,Drinks,DRK-05,1,35000,35000,Digital Wallet,Dine In
SUN-8319559,2023-12-17,Nasi Goreng Kampung,Food,FOD-03,,38000,,Debit Card,Take Away
SUN-7037579,2023-12-20,Creamy Maycha Latte,Drinks,DRK-05,1,35000,35000,Unknown,Take Away
SUN-5974183,2023-01-29,Beef Carbonara Pasta,Food,FOD-02,3,52000,156000,Digital Wallet,Online Order
SUN-2717732,2023-06-23,Caramel Machiato,Drinks,DRK-04,4,38000,152000,Digital Wallet,Unknown
SUN-8760104,2023-02-13,New York Cheesecake,Dessert,DST-03,,42000,,Debit Card,Take Away
SUN-9688750,2023-04-05,Grill Chicken Caesar Salad,Food,FOD-04,4,42000,168000,Unknown,Dine In
SUN-1646984,2023-01-22,Creamy Maycha Latte,Drinks,DRK-05,4,35000,140000,Debit Card,Take Away
SUN-1629722,2023-09-02,Nasi Goreng Kampung,Food,FOD-03,3,38000,114000,Cash,Take Away
SUN-5861297,2023-07-04,Grill Chicken Caesar Salad,Food,FOD-04,4,42000,168000,Digital Wallet,Dine In
SUN-8171370,2023-02-26,Beef Carbonara Pasta,Food,FOD-02,4,52000,208000,Debit Card,Take Away
SUN-5457312,2023-11-24,New York Cheesecake,Dessert,DST-03,1,42000,42000,Debit Card,Online Order
SUN-2651667,2023-07-19,Iced Americano,Drinks,DRK-02,1,28000,28000,Debit Card,Take Away
SUN-1001032,2023-07-07,Caramel Machiato,Drinks,DRK-04,3,38000,114000,Unknown,Dine In
SUN-3241354,2023-04-28,Beef Carbonara Pasta,Food,FOD-02,1,52000,52000,Digital Wallet,Online Order
SUN-8133695,2023-05-02,Espreso Single,Drinks,DRK-01,2,22000,44000,Digital Wallet,Dine In
SUN-2185240,2023-05-15,Buttermilk Fried Chicken,Food,FOD-01,2,48000,96000,Digital Wallet,Dine In
SUN-9742953,2023-11-18,Choco Lava Cake,Dessert,DST-04,3,35000,105000,Debit Card,Take Away
SUN-7470119,2023-08-15,Cafe Latte,Drinks,DRK-03,2,32000,64000,Digital Wallet,Online Order
SUN-6753354,2023-03-30,Classic Tirmaisu,Dessert,DST-01,3,38000,114000,Debit Card,Dine In
SUN-5436439,2023-09-26,Iced Americano,Drinks,DRK-02,4,28000,112000,Debit Card,Online Order
SUN-8206733,2023-07-20,Grill Chicken Caesar Salad,Food,FOD-04,3,42000,126000,Digital Wallet,Online Order
SUN-2343955,2023-05-13,Club Sandwich,Food,FOD-05,4,45000,180000,Unknown,Online Order
SUN-7149207,2023-11-20,Choco Lava Cake,Dessert,DST-04,1,35000,35000,Debit Card,Online Order
SUN-9970008,2023-04-21,Cinnamon Roll,Dessert,DST-05,3,28000,84000,Unknown,Online Order
SUN-6373092,2023-11-15,Choco Lava Cake,Dessert,DST-04,3,35000,105000,Debit Card,Online Order
SUN-5652028,2023-04-16,Club Sandwich,Food,FOD-05,1,45000,45000,Digital Wallet,Dine In
SUN-2907048,2023-02-18,Grill Chicken Caesar Salad,Food,FOD-04,3,42000,126000,Digital Wallet,Online Order
SUN-4442410,2023-04-11,Buttermilk Fried Chicken,Food,FOD-01,4,48000,192000,Cash,Dine In
SUN-2085777,2023-04-22,New York Cheesecake,Dessert,DST-03,2,42000,84000,Unknown,Dine In
SUN-5838392,2023-06-19,New York Cheesecake,Dessert,DST-03,1,42000,42000,Digital Wallet,Dine In
SUN-2446850,2023-05-29,Cafe Latte,Drinks,DRK-03,1,32000,32000,Unknown,Take Away
SUN-2467779,2023-10-03,Creamy Maycha Latte,Drinks,DRK-05,3,35000,105000,Cash,Dine In
SUN-1237973,2023-10-09,Buttermilk Fried Chicken,Food,FOD-01,4,48000,192000,Digital Wallet,Dine In
SUN-2904721,2023-05-31,Creamy Maycha Latte,Drinks,DRK-05,3,35000,105000,Debit Card,Online Order
SUN-2540192,2023-09-08,Cafe Latte,Drinks,DRK-03,3,32000,96000,Debit Card,Dine In
SUN-2414404,2023-05-26,Beef Carbonara Pasta,Food,FOD-02,4,52000,208000,Unknown,Online Order
SUN-5983491,2023-07-15,Espreso Single,Drinks,DRK-01,3,22000,66000,Digital Wallet,Online Order
SUN-8371787,2023-06-07,Fudgy Brownies,Dessert,DST-02,1,25000,25000,Digital Wallet,Take Away
SUN-1802270,2023-05-18,New York Cheesecake,Dessert,DST-03,3,42000,126000,Debit Card,Unknown
SUN-3648210,2023-04-07,Club Sandwich,Food,FOD-05,4,45000,180000,Digital Wallet,Dine In
SUN-5938428,2023-04-15,Choco Lava Cake,Dessert,DST-04,1,35000,35000,Digital Wallet,Dine In
SUN-1452696,2023-07-04,Iced Americano,Drinks,DRK-02,3,28000,84000,Unknown,Take Away
SUN-7953354,2023-08-01,Cinnamon Roll,Dessert,DST-05,1,28000,28000,Digital Wallet,Online Order
SUN-6340349,2023-01-11,Cafe Latte,Drinks,DRK-03,3,32000,96000,Digital Wallet,Take Away
SUN-9613868,2023-10-21,Iced Americano,Drinks,DRK-02,4,28000,112000,Cash,Dine In
SUN-4359668,2023-06-01,New York Cheesecake,Dessert,DST-03,3,42000,126000,Digital Wallet,Online Order
SUN-5394283,2023-05-09,New York Cheesecake,Dessert,DST-03,1,42000,42000,Cash,Take Away
SUN-3452992,2023-04-06,Grill Chicken Caesar Salad,Food,FOD-04,3,42000,126000,Digital Wallet,Take Away
SUN-8334716,2023-04-14,Fudgy Brownies,Dessert,DST-02,2,25000,50000,Cash,Unknown
SUN-6954898,2023-04-05,Cafe Latte,Drinks,DRK-03,4,32000,128000,Cash,Take Away
SUN-6947545,2023-01-04,Cafe Latte,Drinks,DRK-03,4,32000,128000,Digital Wallet,Dine In
SUN-2676601,2023-06-18,New York Cheesecake,Dessert,DST-03,2,42000,84000,Digital Wallet,Take Away
SUN-4834489,2023-02-10,Cafe Latte,Drinks,DRK-03,,32000,,Cash,Take Away
SUN-1749255,2023-04-05,Cinnamon Roll,Dessert,DST-05,3,28000,84000,Digital Wallet,Online Order
SUN-9487311,2023-02-17,Beef Carbonara Pasta,Food,FOD-02,1,52000,52000,Cash,Take Away
SUN-8253330,2023-12-30,Grill Chicken Caesar Salad,Food,FOD-04,1,42000,42000,Digital Wallet,Online Order
SUN-8426815,2023-06-07,Beef Carbonara Pasta,Food,FOD-02,1,52000,52000,Debit Card,Online Order
SUN-8951423,2023-02-10,Iced Americano,Drinks,DRK-02,1,28000,28000,Cash,Dine In
SUN-9981749,2023-10-11,Iced Americano,Drinks,DRK-02,1,28000,28000,Digital Wallet,Take Away
SUN-7701877,2023-02-05,Creamy Maycha Latte,Drinks,DRK-05,1,35000,35000,Digital Wallet,Take Away
SUN-9288164,2023-05-28,Classic Tirmaisu,Dessert,DST-01,3,38000,114000,Digital Wallet,Unknown
SUN-3371837,2023-08-21,Creamy Maycha Latte,Drinks,DRK-05,1,35000,35000,Digital Wallet,Online Order
SUN-5827385,2023-02-23,New York Cheesecake,Dessert,DST-03,1,42000,42000,Cash,Dine In
SUN-1129300,2023-01-24,Beef Carbonara Pasta,Food,FOD-02,2,52000,104000,Unknown,Take Away
SUN-2127567,2023-03-03,Grill Chicken Caesar Salad,Food,FOD-04,2,42000,84000,Debit Card,Dine In
SUN-7579020,2023-11-15,Choco Lava Cake,Dessert,DST-04,1,35000,35000,Cash,Unknown
SUN-6935016,2023-12-14,Iced Americano,Drinks,DRK-02,4,28000,112000,Debit Card,Dine In
SUN-4722340,2023-09-13,Grill Chicken Caesar Salad,Food,FOD-04,1,42000,42000,Unknown,Take Away
SUN-5328587,2023-08-15,Espreso Single,Drinks,DRK-01,1,22000,22000,Unknown,Online Order
SUN-3827494,2023-09-16,Club Sandwich,Food,FOD-05,1,45000,45000,Unknown,Online Order
SUN-1353181,2023-04-19,Caramel Machiato,Drinks,DRK-04,1,38000,38000,Digital Wallet,Take Away
SUN-9276630,2023-12-27,Iced Americano,Drinks,DRK-02,1,28000,28000,Digital Wallet,Online Order
SUN-7742340,2023-11-05,Iced Americano,Drinks,DRK-02,1,28000,28000,Digital Wallet,Unknown
SUN-2691547,2023-09-15,Fudgy Brownies,Dessert,DST-02,2,25000,50000,Digital Wallet,Online Order
SUN-2233364,2023-12-12,Creamy Maycha Latte,Drinks,DRK-05,3,35000,105000,Debit Card,Online Order
SUN-7317303,2023-01-30,Fudgy Brownies,Dessert,DST-02,4,25000,100000,Digital Wallet,Take Away
SUN-9581974,2023-07-19,Beef Carbonara Pasta,Food,FOD-02,2,52000,104000,Digital Wallet,Online Order
SUN-7286305,2023-12-11,Club Sandwich,Food,FOD-05,4,45000,180000,Digital Wallet,Unknown
SUN-5718763,2023-06-15,Espreso Single,Drinks,DRK-01,1,22000,22000,Unknown,Online Order
SUN-4449472,2023-03-01,Caramel Machiato,Drinks,DRK-04,4,38000,152000,Debit Card,Online Order
SUN-8963921,2023-05-22,Creamy Maycha Latte,Drinks,DRK-05,3,35000,105000,Cash,Unknown
SUN-1850285,2023-05-12,Caramel Machiato,Drinks,DRK-04,1,38000,38000,Debit Card,Take Away
SUN-6276606,2023-05-17,Club Sandwich,Food,FOD-05,3,45000,135000,Digital Wallet,Take Away
SUN-4600465,2023-05-29,Espreso Single,Drinks,DRK-01,4,22000,88000,Debit Card,Take Away
SUN-3340800,2023-11-12,Espreso Single,Drinks,DRK-01,1,22000,22000,Cash,Take Away
SUN-8324377,2023-06-27,Grill Chicken Caesar Salad,Food,FOD-04,2,42000,84000,Cash,Take Away
SUN-1165544,2023-09-17,Beef Carbonara Pasta,Food,FOD-02,2,52000,104000,Unknown,Online Order
SUN-5540163,2023-04-25,Club Sandwich,Food,FOD-05,4,45000,180000,Cash,Unknown
SUN-9798590,2023-11-29,Classic Tirmaisu,Dessert,DST-01,3,38000,114000,Unknown,Online Order
SUN-6477226,2023-03-05,Grill Chicken Caesar Salad,Food,FOD-04,3,42000,126000,Debit Card,Online Order
SUN-7701836,2023-01-13,Creamy Maycha Latte,Drinks,DRK-05,3,35000,105000,Digital Wallet,Online Order
SUN-2709598,2023-04-17,Club Sandwich,Food,FOD-05,4,45000,180000,Debit Card,Online Order
SUN-3785080,2023-02-18,Iced Americano,Drinks,DRK-02,2,28000,56000,Digital Wallet,Dine In
SUN-2500851,2023-04-04,Beef Carbonara Pasta,Food,FOD-02,3,52000,156000,Digital Wallet,Dine In
SUN-1421270,2023-07-11,Cinnamon Roll,Dessert,DST-05,2,28000,56000,Debit Card,Online Order
SUN-7261830,2023-08-15,Fudgy Brownies,Dessert,DST-02,3,25000,75000,Digital Wallet,Dine In
SUN-7021376,2023-08-03,Beef Carbonara Pasta,Food,FOD-02,1,52000,52000,Digital Wallet,Online Order
SUN-3636080,2023-10-01,Cafe Latte,Drinks,DRK-03,3,32000,96000,Digital Wallet,Dine In
SUN-3644608,2023-06-07,New York Cheesecake,Dessert,DST-03,2,42000,84000,Unknown,Online Order
SUN-1440962,2023-08-13,Caramel Machiato,Drinks,DRK-04,3,38000,114000,Cash,Dine In
SUN-5950067,2023-07-08,Classic Tirmaisu,Dessert,DST-01,1,38000,38000,Digital Wallet,Take Away
SUN-7229286,2023-11-22,Choco Lava Cake,Dessert,DST-04,3,35000,105000,Digital Wallet,Unknown
SUN-6361819,2023-11-25,Nasi Goreng Kampung,Food,FOD-03,2,38000,76000,Cash,Unknown
SUN-8941128,2023-05-27,Classic Tirmaisu,Dessert,DST-01,4,38000,152000,Cash,Dine In
SUN-9882165,2023-07-25,Club Sandwich,Food,FOD-05,1,45000,45000,Digital Wallet,Online Order
SUN-7622639,2023-03-14,Beef Carbonara Pasta,Food,FOD-02,2,52000,104000,Debit Card,Take Away
SUN-2933708,2023-04-06,Espreso Single,Drinks,DRK-01,3,22000,66000,Debit Card,Online Order
SUN-8617299,2023-02-25,Espreso Single,Drinks,DRK-01,1,22000,22000,Unknown,Take Away
SUN-6721077,2023-07-02,Classic Tirmaisu,Dessert,DST-01,1,38000,38000,Cash,Dine In
SUN-9616201,2023-04-03,Classic Tirmaisu,Dessert,DST-01,4,38000,152000,Unknown,Take Away
SUN-2517114,2023-04-19,Espreso Single,Drinks,DRK-01,1,22000,22000,Unknown,Take Away
SUN-8901262,2023-07-29,Buttermilk Fried Chicken,Food,FOD-01,1,48000,48000,Digital Wallet,Dine In
SUN-7676349,2023-08-19,Cinnamon Roll,Dessert,DST-05,,28000,,Digital Wallet,Online Order
SUN-9237953,2023-01-17,Classic Tirmaisu,Dessert,DST-01,2,38000,76000,Digital Wallet,Take Away
SUN-5101612,2023-08-03,Buttermilk Fried Chicken,Food,FOD-01,2,48000,96000,Debit Card,Take Away
SUN-8960043,2023-10-04,Nasi Goreng Kampung,Food,FOD-03,1,38000,38000,Cash,Dine In
SUN-1040479,2023-09-16,Iced Americano,Drinks,DRK-02,1,28000,28000,Cash,Unknown
SUN-8635819,2023-05-10,Choco Lava Cake,Dessert,DST-04,3,35000,105000,Debit Card,Online Order
SUN-7707210,2023-12-22,Club Sandwich,Food,FOD-05,3,45000,135000,Digital Wallet,Online Order
SUN-4609225,2023-12-21,Buttermilk Fried Chicken,Food,FOD-01,1,48000,48000,Unknown,Dine In
SUN-7033285,2023-07-02,Beef Carbonara Pasta,Food,FOD-02,4,52000,208000,Unknown,Take Away
SUN-5282555,2023-07-18,Cafe Latte,Drinks,DRK-03,2,32000,64000,Unknown,Unknown
SUN-1776757,2023-01-14,Buttermilk Fried Chicken,Food,FOD-01,2,48000,96000,Cash,Dine In
SUN-9513734,2023-04-05,Beef Carbonara Pasta,Food,FOD-02,3,52000,156000,Digital Wallet,Take Away
SUN-5239102,2023-06-30,Creamy Maycha Latte,Drinks,DRK-05,1,35000,35000,Debit Card,Dine In
SUN-8525356,2023-09-14,Fudgy Brownies,Dessert,DST-02,1,25000,25000,Unknown,Take Away
SUN-5496654,2023-07-05,Fudgy Brownies,Dessert,DST-02,2,25000,50000,Digital Wallet,Online Order
SUN-6743276,,Fudgy Brownies,Dessert,DST-02,3,25000,75000,Digital Wallet,Dine In
SUN-2322060,2023-10-16,Buttermilk Fried Chicken,Food,FOD-01,4,48000,192000,Cash,Take Away
SUN-4998236,2023-02-17,Nasi Goreng Kampung,Food,FOD-03,3,38000,114000,Debit Card,Unknown
SUN-1194585,2023-12-05,Caramel Machiato,Drinks,DRK-04,4,38000,152000,Digital Wallet,Take Away
SUN-6754591,2023-10-11,Classic Tirmaisu,Dessert,DST-01,3,38000,114000,Unknown,Online Order
SUN-3451907,2023-02-28,New York Cheesecake,Dessert,DST-03,4,42000,168000,Debit Card,Unknown
SUN-1941314,2023-08-23,Club Sandwich,Food,FOD-05,2,45000,90000,Digital Wallet,Dine In
SUN-4276679,2023-11-20,Cinnamon Roll,Dessert,DST-05,2,28000,56000,Digital Wallet,Online Order
SUN-1973839,2023-03-13,Grill Chicken Caesar Salad,Food,FOD-04,1,42000,42000,Digital Wallet,Online Order
SUN-4016071,2023-03-05,Nasi Goreng Kampung,Food,FOD-03,3,38000,114000,Digital Wallet,Unknown
SUN-2908046,2023-12-17,Classic Tirmaisu,Dessert,DST-01,2,38000,76000,Cash,Take Away
SUN-9265149,2023-08-04,Cafe Latte,Drinks,DRK-03,3,32000,96000,Digital Wallet,Online Order
SUN-7497238,2023-12-26,Choco Lava Cake,Dessert,DST-04,4,35000,140000,Digital Wallet,Online Order
SUN-1795017,2023-01-02,Beef Carbonara Pasta,Food,FOD-02,1,52000,52000,Unknown,Dine In
SUN-6101759,2023-06-05,New York Cheesecake,Dessert,DST-03,4,42000,168000,Cash,Dine In
SUN-8031945,2023-11-05,Beef Carbonara Pasta,Food,FOD-02,4,52000,208000,Debit Card,Online Order
SUN-2891838,2023-06-05,Fudgy Brownies,Dessert,DST-02,1,25000,25000,Debit Card,Online Order
SUN-9144614,2023-05-31,Caramel Machiato,Drinks,DRK-04,3,38000,114000,Cash,Take Away
SUN-7649698,2023-02-23,Fudgy Brownies,Dessert,DST-02,4,25000,100000,Unknown,Unknown
SUN-1872600,2023-03-21,Cinnamon Roll,Dessert,DST-05,4,28000,112000,Digital Wallet,Online Order
SUN-2176166,2023-03-05,Caramel Machiato,Drinks,DRK-04,1,38000,38000,Digital Wallet,Dine In
SUN-3916863,2023-12-12,Choco Lava Cake,Dessert,DST-04,1,35000,35000,Debit Card,Take Away
SUN-6673185,2023-06-03,Fudgy Brownies,Dessert,DST-02,4,25000,100000,Debit Card,Take Away
SUN-7536016,2023-02-01,Fudgy Brownies,Dessert,DST-02,4,25000,100000,Digital Wallet,Dine In
SUN-6553433,2023-11-25,Fudgy Brownies,Dessert,DST-02,1,25000,25000,Cash,Take Away
SUN-9609238,2023-05-09,Classic Tirmaisu,Dessert,DST-01,3,38000,114000,Debit Card,Unknown
SUN-7774695,2023-06-08,Unknown,Unknown,Unknown,4,38000,152000,Digital Wallet,Online Order
SUN-7875939,2023-06-20,Cinnamon Roll,Dessert,DST-05,1,28000,28000,Cash,Take Away
SUN-7078721,2023-08-23,Caramel Machiato,Drinks,DRK-04,2,38000,76000,Digital Wallet,Unknown
SUN-6125238,2023-04-07,Caramel Machiato,Drinks,DRK-04,4,38000,152000,Cash,Dine In
SUN-2293139,2023-06-27,New York Cheesecake,Dessert,DST-03,2,42000,84000,Debit Card,Online Order
SUN-9328623,2023-05-11,Choco Lava Cake,Dessert,DST-04,4,35000,140000,Cash,Dine In
SUN-9168405,2023-12-09,Espreso Single,Drinks,DRK-01,1,22000,22000,Digital Wallet,Online Order
SUN-1953609,2023-11-05,Fudgy Brownies,Dessert,DST-02,2,25000,50000,Debit Card,Take Away
SUN-5246920,2023-07-22,Buttermilk Fried Chicken,Food,FOD-01,4,48000,192000,Digital Wallet,Online Order
SUN-7829255,2023-03-13,Grill Chicken Caesar Salad,Food,FOD-04,4,42000,168000,Debit Card,Dine In
SUN-5706221,2023-08-28,Caramel Machiato,Drinks,DRK-04,3,38000,114000,Debit Card,Take Away
SUN-6806467,2023-07-23,Grill Chicken Caesar Salad,Food,FOD-04,3,42000,126000,Digital Wallet,Unknown
SUN-8945186,2023-03-12,Fudgy Brownies,Dessert,DST-02,4,25000,100000,Cash,Take Away
SUN-9840211,2023-03-19,Classic Tirmaisu,Dessert,DST-01,4,38000,152000,Cash,Take Away
SUN-7348295,2023-05-06,Beef Carbonara Pasta,Food,FOD-02,4,52000,208000,Digital Wallet,Online Order
SUN-3979883,2023-08-15,Creamy Maycha Latte,Drinks,DRK-05,4,35000,140000,Debit Card,Online Order
SUN-7323503,2023-02-04,Fudgy Brownies,Dessert,DST-02,3,25000,75000,Unknown,Dine In
SUN-2201401,2023-04-02,Cafe Latte,Drinks,DRK-03,1,32000,32000,Cash,Unknown
SUN-4693694,2023-11-27,Classic Tirmaisu,Dessert,DST-01,4,38000,152000,Debit Card,Dine In
SUN-9042099,2023-04-26,Buttermilk Fried Chicken,Food,FOD-01,2,48000,96000,Debit Card,Take Away
SUN-3889845,2023-11-24,Nasi Goreng Kampung,Food,FOD-03,2,38000,76000,Cash,Dine In
SUN-8944822,2023-07-12,Beef Carbonara Pasta,Food,FOD-02,4,52000,208000,Cash,Dine In
SUN-1206373,2023-03-23,Fudgy Brownies,Dessert,DST-02,4,25000,100000,Debit Card,Take Away
SUN-9782831,2023-04-02,Espreso Single,Drinks,DRK-01,2,22000,44000,Unknown,Unknown
SUN-4133652,2023-06-28,Fudgy Brownies,Dessert,DST-02,3,25000,75000,Debit Card,Take Away
SUN-2266112,2023-09-24,Cinnamon Roll,Dessert,DST-05,1,28000,28000,Debit Card,Online Order
SUN-7006393,2023-03-13,Cinnamon Roll,Dessert,DST-05,1,28000,28000,Digital Wallet,Dine In
SUN-9847897,2023-03-23,Club Sandwich,Food,FOD-05,4,45000,180000,Debit Card,Online Order
SUN-4538734,2023-02-28,Cafe Latte,Drinks,DRK-03,2,32000,64000,Digital Wallet,Dine In
SUN-1649243,2023-11-02,Grill Chicken Caesar Salad,Food,FOD-04,1,42000,42000,Digital Wallet,Unknown
SUN-7763499,2023-05-19,Beef Carbonara Pasta,Food,FOD-02,4,52000,208000,Cash,Dine In
SUN-6242059,2023-09-13,Nasi Goreng Kampung,Food,FOD-03,4,38000,152000,Digital Wallet,Unknown
SUN-2515978,2023-06-02,Club Sandwich,Food,FOD-05,3,45000,135000,Cash,Dine In
SUN-9483630,2023-02-17,Cafe Latte,Drinks,DRK-03,1,32000,32000,Debit Card,Take Away
SUN-5344191,2023-06-09,New York Cheesecake,Dessert,DST-03,3,42000,126000,Unknown,Online Order
SUN-8483409,2023-07-09,New York Cheesecake,Dessert,DST-03,2,42000,84000,Cash,Take Away
SUN-1849815,2023-09-05,Choco Lava Cake,Dessert,DST-04,2,35000,70000,Unknown,Take Away
SUN-9119941,2023-01-25,Beef Carbonara Pasta,Food,FOD-02,,52000,,Digital Wallet,Unknown
SUN-2058677,2023-02-28,Classic Tirmaisu,Dessert,DST-01,1,38000,38000,Unknown,Online Order
SUN-3055249,2023-03-04,Classic Tirmaisu,Dessert,DST-01,1,38000,38000,Cash,Take Away
SUN-9688486,2023-08-26,New York Cheesecake,Dessert,DST-03,3,42000,126000,Debit Card,Take Away
SUN-6180825,2023-04-25,Buttermilk Fried Chicken,Food,FOD-01,4,48000,192000,Debit Card,Online Order
SUN-9826091,2023-07-21,New York Cheesecake,Dessert,DST-03,4,42000,168000,Digital Wallet,Take Away
SUN-8995853,2023-09-16,Beef Carbonara Pasta,Food,FOD-02,1,52000,52000,Digital Wallet,Dine In
SUN-5943488,2023-09-22,Choco Lava Cake,Dessert,DST-04,4,35000,140000,Digital Wallet,Online Order
SUN-7058746,2023-08-14,Iced Americano,Drinks,DRK-02,3,28000,84000,Debit Card,Unknown
SUN-6960421,2023-05-11,Grill Chicken Caesar Salad,Food,FOD-04,2,42000,84000,Cash,Take Away
SUN-2909263,2023-07-14,Cafe Latte,Drinks,DRK-03,2,32000,64000,Debit Card,Online Order
SUN-4575761,2023-03-26,Caramel Machiato,Drinks,DRK-04,2,38000,76000,Cash,Dine In
SUN-8274571,2023-03-08,New York Cheesecake,Dessert,DST-03,2,42000,84000,Digital Wallet,Dine In
SUN-9638039,2023-12-08,Choco Lava Cake,Dessert,DST-04,3,35000,105000,Digital Wallet,Online Order
SUN-4157335,2023-04-19,Classic Tirmaisu,Dessert,DST-01,4,38000,152000,Cash,Dine In
SUN-9516464,2023-01-13,Nasi Goreng Kampung,Food,FOD-03,3,38000,114000,Digital Wallet,Dine In
SUN-5952872,2023-09-08,Club Sandwich,Food,FOD-05,3,45000,135000,Digital Wallet,Dine In
SUN-9024535,2023-12-03,Nasi Goreng Kampung,Food,FOD-03,3,38000,114000,Digital Wallet,Take Away
SUN-1608025,2023-06-29,Cafe Latte,Drinks,DRK-03,1,32000,32000,Debit Card,Unknown
SUN-2640046,2023-08-12,Cinnamon Roll,Dessert,DST-05,3,28000,84000,Debit Card,Take Away
SUN-7188399,2023-04-28,Fudgy Brownies,Dessert,DST-02,1,25000,25000,Unknown,Dine In
SUN-5377717,2023-04-16,Cafe Latte,Drinks,DRK-03,4,32000,128000,Cash,Dine In
SUN-7160018,2023-01-26,Cinnamon Roll,Dessert,DST-05,2,28000,56000,Unknown,Take Away
SUN-1755014,2023-02-09,Espreso Single,Drinks,DRK-01,2,22000,44000,Digital Wallet,Online Order
SUN-6224306,2023-01-17,Iced Americano,Drinks,DRK-02,2,28000,56000,Debit Card,Dine In
SUN-1443229,2023-03-15,Caramel Machiato,Drinks,DRK-04,2,38000,76000,Cash,Unknown
SUN-5052249,2023-12-04,Beef Carbonara Pasta,Food,FOD-02,2,52000,104000,Debit Card,Online Order
SUN-3315262,2023-12-21,Classic Tirmaisu,Dessert,DST-01,4,38000,152000,Cash,Dine In
SUN-9539791,2023-06-01,Cafe Latte,Drinks,DRK-03,2,32000,64000,Debit Card,Dine In
SUN-5746661,2023-07-02,Club Sandwich,Food,FOD-05,1,45000,45000,Debit Card,Take Away
SUN-1776612,2023-11-22,Beef Carbonara Pasta,Food,FOD-02,2,52000,104000,Debit Card,Take Away
SUN-8930656,2023-07-25,Caramel Machiato,Drinks,DRK-04,3,38000,114000,Digital Wallet,Online Order
SUN-4047344,2023-03-30,Caramel Machiato,Drinks,DRK-04,1,38000,38000,Debit Card,Take Away
SUN-3380905,2023-08-19,Cafe Latte,Drinks,DRK-03,2,32000,64000,Debit Card,Take Away
SUN-7043822,2023-08-04,Espreso Single,Drinks,DRK-01,4,22000,88000,Debit Card,Dine In
SUN-4487190,2023-04-25,Iced Americano,Drinks,DRK-02,2,28000,56000,Debit Card,Online Order
SUN-9257799,2023-04-04,Espreso Single,Drinks,DRK-01,3,22000,66000,Debit Card,Take Away
SUN-8186888,2023-12-25,New York Cheesecake,Dessert,DST-03,2,42000,84000,Cash,Dine In
SUN-2974643,2023-11-19,Cinnamon Roll,Dessert,DST-05,4,28000,112000,Unknown,Online Order
SUN-4187233,2023-01-27,Grill Chicken Caesar Salad,Food,FOD-04,2,42000,84000,Unknown,Dine In
SUN-5241311,2023-03-23,Classic Tirmaisu,Dessert,DST-01,3,38000,114000,Digital Wallet,Dine In
SUN-2772659,2023-07-28,New York Cheesecake,Dessert,DST-03,4,42000,168000,Digital Wallet,Take Away
SUN-4210981,2023-07-19,New York Cheesecake,Dessert,DST-03,1,42000,42000,Debit Card,Dine In
SUN-8848504,2023-01-31,Iced Americano,Drinks,DRK-02,4,28000,112000,Digital Wallet,Dine In
SUN-3750343,2023-12-19,Beef Carbonara Pasta,Food,FOD-02,2,52000,104000,Debit Card,Dine In
SUN-5031822,2023-03-26,Cafe Latte,Drinks,DRK-03,3,32000,96000,Digital Wallet,Dine In
SUN-3567217,2023-09-24,Choco Lava Cake,Dessert,DST-04,1,35000,35000,Digital Wallet,Dine In
SUN-2881073,2023-12-17,Iced Americano,Drinks,DRK-02,1,28000,28000,Cash,Unknown
SUN-2946728,2023-07-22,Nasi Goreng Kampung,Food,FOD-03,3,38000,114000,Debit Card,Online Order
SUN-5058216,2023-09-17,Classic Tirmaisu,Dessert,DST-01,2,38000,76000,Debit Card,Take Away
SUN-6163427,2023-05-13,Club Sandwich,Food,FOD-05,1,45000,45000,Digital Wallet,Take Away
SUN-5228444,2023-01-06,Cinnamon Roll,Dessert,DST-05,4,28000,112000,Unknown,Dine In
SUN-4388103,2023-07-13,Choco Lava Cake,Dessert,DST-04,2,35000,70000,Cash,Take Away
SUN-1833518,2023-06-12,Beef Carbonara Pasta,Food,FOD-02,2,52000,104000,Digital Wallet,Online Order
SUN-5701693,2023-01-02,Espreso Single,Drinks,DRK-01,1,22000,22000,Digital Wallet,Online Order
SUN-7392925,2023-11-07,Classic Tirmaisu,Dessert,DST-01,4,38000,152000,Digital Wallet,Online Order
SUN-3550863,2023-02-17,Classic Tirmaisu,Dessert,DST-01,3,38000,114000,Debit Card,Online Order
SUN-9271397,2023-10-03,Nasi Goreng Kampung,Food,FOD-03,2,38000,76000,Debit Card,Unknown
SUN-4900953,2023-04-12,Cafe Latte,Drinks,DRK-03,1,32000,32000,Digital Wallet,Online Order
SUN-7012290,2023-01-15,Choco Lava Cake,Dessert,DST-04,3,35000,105000,Debit Card,Take Away
SUN-1871478,2023-01-18,Creamy Maycha Latte,Drinks,DRK-05,3,35000,105000,Digital Wallet,Take Away
SUN-9424243,2023-10-24,Caramel Machiato,Drinks,DRK-04,4,38000,152000,Digital Wallet,Online Order
SUN-8069113,2023-03-28,Buttermilk Fried Chicken,Food,FOD-01,2,48000,96000,Digital Wallet,Take Away
SUN-2327742,2023-10-06,Cafe Latte,Drinks,DRK-03,2,32000,64000,Digital Wallet,Take Away
SUN-7702011,2023-06-03,Cafe Latte,Drinks,DRK-03,2,32000,64000,Digital Wallet,Unknown
SUN-8647591,2023-12-26,Cinnamon Roll,Dessert,DST-05,2,28000,56000,Debit Card,Online Order
SUN-8076062,2023-11-10,Buttermilk Fried Chicken,Food,FOD-01,3,48000,144000,Cash,Dine In
SUN-3749997,2023-12-30,Espreso Single,Drinks,DRK-01,3,22000,66000,Debit Card,Dine In
SUN-1596749,2023-12-02,New York Cheesecake,Dessert,DST-03,3,42000,126000,Cash,Dine In
SUN-1720752,2023-02-08,Cinnamon Roll,Dessert,DST-05,3,28000,84000,Unknown,Dine In
SUN-8233100,2023-01-08,Beef Carbonara Pasta,Food,FOD-02,1,52000,52000,Cash,Take Away
SUN-5123551,2023-03-22,Cinnamon Roll,Dessert,DST-05,1,28000,28000,Debit Card,Dine In
SUN-5801340,2023-06-17,Iced Americano,Drinks,DRK-02,3,28000,84000,Debit Card,Dine In
SUN-8307389,2023-10-01,Espreso Single,Drinks,DRK-01,4,22000,88000,Debit Card,Dine In
SUN-1952682,2023-09-07,Nasi Goreng Kampung,Food,FOD-03,2,38000,76000,Digital Wallet,Dine In
SUN-6295855,2023-05-26,Espreso Single,Drinks,DRK-01,4,22000,88000,Cash,Unknown
SUN-5367327,2023-10-02,Iced Americano,Drinks,DRK-02,1,28000,28000,Digital Wallet,Take Away
SUN-6778581,2023-05-01,Beef Carbonara Pasta,Food,FOD-02,3,52000,156000,Cash,Take Away
SUN-3609158,2023-02-28,Grill Chicken Caesar Salad,Food,FOD-04,1,42000,42000,Digital Wallet,Take Away
SUN-1701306,2023-09-26,Iced Americano,Drinks,DRK-02,4,28000,112000,Digital Wallet,Take Away
SUN-1182210,2023-01-03,Creamy Maycha Latte,Drinks,DRK-05,3,35000,105000,Cash,Take Away
SUN-4602655,2023-07-18,Buttermilk Fried Chicken,Food,FOD-01,1,48000,48000,Unknown,Unknown
SUN-2240272,2023-04-02,Creamy Maycha Latte,Drinks,DRK-05,2,35000,70000,Debit Card,Online Order
SUN-8321537,2023-11-18,Choco Lava Cake,Dessert,DST-04,3,35000,105000,Digital Wallet,Online Order
SUN-8868782,2023-04-25,Cafe Latte,Drinks,DRK-03,3,32000,96000,Digital Wallet,Online Order
SUN-7541901,2023-08-22,Beef Carbonara Pasta,Food,FOD-02,2,52000,104000,Unknown,Take Away
SUN-3828816,2023-03-10,Cafe Latte,Drinks,DRK-03,1,32000,32000,Digital Wallet,Take Away
SUN-2681029,2023-12-24,Choco Lava Cake,Dessert,DST-04,,35000,,Unknown,Online Order
SUN-8500161,2023-03-22,Caramel Machiato,Drinks,DRK-04,1,38000,38000,Debit Card,Unknown
SUN-8598290,2023-09-05,Cinnamon Roll,Dessert,DST-05,2,28000,56000,Debit Card,Take Away
SUN-7377618,2023-08-30,Nasi Goreng Kampung,Food,FOD-03,1,38000,38000,Unknown,Dine In
SUN-3931128,2023-12-12,Buttermilk Fried Chicken,Food,FOD-01,3,48000,144000,Debit Card,Online Order
SUN-9480861,2023-03-22,Creamy Maycha Latte,Drinks,DRK-05,2,35000,70000,Unknown,Take Away
SUN-8412228,2023-04-13,Beef Carbonara Pasta,Food,FOD-02,1,52000,52000,Unknown,Online Order
SUN-5525590,2023-03-10,Grill Chicken Caesar Salad,Food,FOD-04,1,42000,42000,Digital Wallet,Online Order
SUN-2040649,2023-10-22,Buttermilk Fried Chicken,Food,FOD-01,2,48000,96000,Debit Card,Take Away
SUN-7396041,2023-04-09,Creamy Maycha Latte,Drinks,DRK-05,3,35000,105000,Debit Card,Dine In
SUN-2081809,2023-09-28,Choco Lava Cake,Dessert,DST-04,1,35000,35000,Digital Wallet,Online Order
SUN-3894209,2023-06-16,Beef Carbonara Pasta,Food,FOD-02,1,52000,52000,Digital Wallet,Online Order
SUN-2114607,2023-11-12,Cafe Latte,Drinks,DRK-03,1,32000,32000,Debit Card,Online Order
SUN-4615719,2023-03-14,Nasi Goreng Kampung,Food,FOD-03,4,38000,152000,Cash,Take Away
SUN-5948591,2023-06-30,Choco Lava Cake,Dessert,DST-04,2,35000,70000,Cash,Dine In
SUN-5859197,2023-06-30,Grill Chicken Caesar Salad,Food,FOD-04,4,42000,168000,Debit Card,Online Order
SUN-6500325,2023-01-27,Cafe Latte,Drinks,DRK-03,1,32000,32000,Debit Card,Take Away
SUN-6718026,2023-12-08,Espreso Single,Drinks,DRK-01,3,22000,66000,Debit Card,Unknown
SUN-5463373,2023-05-25,Fudgy Brownies,Dessert,DST-02,4,25000,100000,Debit Card,Unknown
SUN-2609003,2023-10-27,New York Cheesecake,Dessert,DST-03,4,42000,168000,Debit Card,Online Order
SUN-3177703,2023-07-04,Buttermilk Fried Chicken,Food,FOD-01,1,48000,48000,Cash,Take Away
SUN-2758373,2023-10-02,Creamy Maycha Latte,Drinks,DRK-05,4,35000,140000,Cash,Take Away
SUN-5626222,2023-08-11,Classic Tirmaisu,Dessert,DST-01,3,38000,114000,Debit Card,Take Away
SUN-1991116,2023-12-11,Iced Americano,Drinks,DRK-02,3,28000,84000,Unknown,Take Away
SUN-3937811,2023-01-31,Espreso Single,Drinks,DRK-01,4,22000,88000,Debit Card,Unknown
SUN-8235644,2023-12-03,Club Sandwich,Food,FOD-05,3,45000,135000,Digital Wallet,Online Order
SUN-5411174,2023-12-07,Iced Americano,Drinks,DRK-02,1,28000,28000,Cash,Dine In
SUN-5531430,2023-07-21,Cafe Latte,Drinks,DRK-03,2,32000,64000,Unknown,Dine In
SUN-5743320,2023-09-21,Classic Tirmaisu,Dessert,DST-01,2,38000,76000,Unknown,Dine In
SUN-9897897,2023-09-10,Creamy Maycha Latte,Drinks,DRK-05,3,35000,105000,Digital Wallet,Dine In
SUN-9598062,2023-09-14,Grill Chicken Caesar Salad,Food,FOD-04,2,42000,84000,Cash,Take Away
SUN-3203874,2023-05-09,New York Cheesecake,Dessert,DST-03,2,42000,84000,Cash,Take Away
SUN-9470481,2023-08-23,Beef Carbonara Pasta,Food,FOD-02,1,52000,52000,Cash,Take Away
SUN-2892067,2023-07-16,Buttermilk Fried Chicken,Food,FOD-01,3,48000,144000,Unknown,Dine In
SUN-9423424,2023-09-28,Creamy Maycha Latte,Drinks,DRK-05,2,35000,70000,Debit Card,Take Away
SUN-5021849,2023-12-03,Grill Chicken Caesar Salad,Food,FOD-04,1,42000,42000,Unknown,Take Away
SUN-8847925,2023-02-11,Buttermilk Fried Chicken,Food,FOD-01,4,48000,192000,Unknown,Take Away
SUN-4211848,2023-07-05,Nasi Goreng Kampung,Food,FOD-03,4,38000,152000,Debit Card,Online Order
SUN-8867124,2023-01-24,Cinnamon Roll,Dessert,DST-05,4,28000,112000,Unknown,Take Away
SUN-1005371,2023-06-03,Creamy Maycha Latte,Drinks,DRK-05,2,35000,70000,Debit Card,Online Order
SUN-5862545,2023-01-18,Cinnamon Roll,Dessert,DST-05,3,28000,84000,Debit Card,Take Away
SUN-6998888,2023-08-29,Buttermilk Fried Chicken,Food,FOD-01,,48000,,Unknown,Take Away
SUN-4644200,2023-06-03,Iced Americano,Drinks,DRK-02,4,28000,112000,Digital Wallet,Unknown
SUN-1190331,2023-06-19,Classic Tirmaisu,Dessert,DST-01,2,38000,76000,Digital Wallet,Online Order
SUN-1052641,2023-10-27,Buttermilk Fried Chicken,Food,FOD-01,2,48000,96000,Unknown,Online Order
SUN-6218931,2023-02-04,Espreso Single,Drinks,DRK-01,,22000,,Debit Card,Unknown
SUN-5707366,2023-07-23,Espreso Single,Drinks,DRK-01,1,22000,22000,Debit Card,Take Away
SUN-4449118,2023-05-19,Buttermilk Fried Chicken,Food,FOD-01,4,48000,192000,Unknown,Take Away
SUN-2187438,2023-04-25,Fudgy Brownies,Dessert,DST-02,1,25000,25000,Debit Card,Online Order
SUN-7000977,2023-02-19,Iced Americano,Drinks,DRK-02,2,28000,56000,Digital Wallet,Unknown
SUN-1635444,2023-02-06,Cafe Latte,Drinks,DRK-03,2,32000,64000,Debit Card,Dine In
SUN-4196564,2023-11-30,Fudgy Brownies,Dessert,DST-02,3,25000,75000,Cash,Dine In
SUN-2827848,2023-02-16,Creamy Maycha Latte,Drinks,DRK-05,4,35000,140000,Digital Wallet,Dine In
SUN-2110368,2023-09-28,Creamy Maycha Latte,Drinks,DRK-05,1,35000,35000,Debit Card,Take Away
SUN-7479443,2023-04-24,Club Sandwich,Food,FOD-05,2,45000,90000,Unknown,Take Away
SUN-6746408,2023-06-10,Creamy Maycha Latte,Drinks,DRK-05,3,35000,105000,Debit Card,Unknown
SUN-6320990,2023-08-22,New York Cheesecake,Dessert,DST-03,3,42000,126000,Debit Card,Online Order
SUN-3380207,2023-01-26,Club Sandwich,Food,FOD-05,3,45000,135000,Debit Card,Online Order
SUN-5357762,2023-03-21,Cafe Latte,Drinks,DRK-03,1,32000,32000,Digital Wallet,Take Away
SUN-3414028,2023-02-11,Club Sandwich,Food,FOD-05,1,45000,45000,Digital Wallet,Take Away
SUN-9976820,2023-01-11,New York Cheesecake,Dessert,DST-03,1,42000,42000,Unknown,Take Away
SUN-7810052,2023-04-06,New York Cheesecake,Dessert,DST-03,2,42000,84000,Digital Wallet,Online Order
SUN-4562117,2023-05-05,New York Cheesecake,Dessert,DST-03,2,42000,84000,Debit Card,Online Order
SUN-7916157,2023-07-11,Espreso Single,Drinks,DRK-01,3,22000,66000,Unknown,Take Away
SUN-5551085,2023-06-19,New York Cheesecake,Dessert,DST-03,3,42000,126000,Cash,Take Away
SUN-6345881,2023-02-08,Club Sandwich,Food,FOD-05,2,45000,90000,Digital Wallet,Unknown
SUN-4146989,2023-04-24,Creamy Maycha Latte,Drinks,DRK-05,2,35000,70000,Cash,Take Away
SUN-2521351,2023-05-13,Club Sandwich,Food,FOD-05,3,45000,135000,Debit Card,Online Order
SUN-3502556,2023-03-07,Choco Lava Cake,Dessert,DST-04,2,35000,70000,Cash,Take Away
SUN-7177224,2023-03-08,Beef Carbonara Pasta,Food,FOD-02,4,52000,208000,Digital Wallet,Take Away
SUN-9024800,2023-05-15,Nasi Goreng Kampung,Food,FOD-03,4,38000,152000,Cash,Take Away
SUN-9926186,2023-02-07,Creamy Maycha Latte,Drinks,DRK-05,1,35000,35000,Debit Card,Online Order
SUN-2418356,2023-02-01,Club Sandwich,Food,FOD-05,3,45000,135000,Debit Card,Online Order
SUN-5940493,2023-02-14,Fudgy Brownies,Dessert,DST-02,2,25000,50000,Debit Card,Online Order
SUN-5648553,2023-09-05,Nasi Goreng Kampung,Food,FOD-03,2,38000,76000,Digital Wallet,Online Order
SUN-4449622,2023-02-14,Beef Carbonara Pasta,Food,FOD-02,2,52000,104000,Digital Wallet,Unknown
SUN-4087381,2023-04-25,Caramel Machiato,Drinks,DRK-04,2,38000,76000,Digital Wallet,Unknown
SUN-2491755,2023-10-31,Iced Americano,Drinks,DRK-02,4,28000,112000,Unknown,Unknown
SUN-5955168,2023-11-14,Nasi Goreng Kampung,Food,FOD-03,2,38000,76000,Digital Wallet,Take Away
SUN-6276324,2023-03-07,Choco Lava Cake,Dessert,DST-04,3,35000,105000,Digital Wallet,Take Away
SUN-8586985,2023-11-03,Cinnamon Roll,Dessert,DST-05,3,28000,84000,Debit Card,Take Away
SUN-8174016,2023-02-10,Beef Carbonara Pasta,Food,FOD-02,1,52000,52000,Unknown,Online Order
SUN-8062889,2023-07-04,Creamy Maycha Latte,Drinks,DRK-05,4,35000,140000,Debit Card,Dine In
SUN-8954917,2023-10-31,Nasi Goreng Kampung,Food,FOD-03,3,38000,114000,Digital Wallet,Dine In
SUN-5016441,2023-05-11,Iced Americano,Drinks,DRK-02,2,28000,56000,Cash,Dine In
SUN-6679186,2023-12-17,Choco Lava Cake,Dessert,DST-04,2,35000,70000,Debit Card,Dine In
SUN-8983567,2023-06-26,Classic Tirmaisu,Dessert,DST-01,3,38000,114000,Digital Wallet,Take Away
SUN-3250830,2023-09-25,Creamy Maycha Latte,Drinks,DRK-05,2,35000,70000,Unknown,Online Order
SUN-2195494,2023-11-06,Iced Americano,Drinks,DRK-02,4,28000,112000,Cash,Dine In
SUN-7084900,2023-01-27,Choco Lava Cake,Dessert,DST-04,1,35000,35000,Debit Card,Dine In
SUN-4817197,2023-03-13,Fudgy Brownies,Dessert,DST-02,4,25000,100000,Debit Card,Online Order
SUN-8845977,2023-02-19,Grill Chicken Caesar Salad,Food,FOD-04,2,42000,84000,Digital Wallet,Online Order
SUN-8835896,2023-06-11,Caramel Machiato,Drinks,DRK-04,3,38000,114000,Cash,Take Away
SUN-8882744,2023-02-23,Iced Americano,Drinks,DRK-02,2,28000,56000,Debit Card,Online Order
SUN-9848411,2023-07-04,Creamy Maycha Latte,Drinks,DRK-05,3,35000,105000,Digital Wallet,Unknown
SUN-6156682,2023-02-05,Fudgy Brownies,Dessert,DST-02,,25000,,Debit Card,Unknown
SUN-6573880,2023-07-11,Fudgy Brownies,Dessert,DST-02,3,25000,75000,Digital Wallet,Online Order
SUN-1682882,2023-06-25,Club Sandwich,Food,FOD-05,4,45000,180000,Debit Card,Unknown
SUN-1372674,2023-10-28,Choco Lava Cake,Dessert,DST-04,4,35000,140000,Debit Card,Online Order
SUN-4905369,2023-01-21,New York Cheesecake,Dessert,DST-03,3,42000,126000,Cash,Unknown
SUN-6333687,2023-05-05,Cafe Latte,Drinks,DRK-03,1,32000,32000,Debit Card,Dine In
SUN-7278293,2023-10-18,Creamy Maycha Latte,Drinks,DRK-05,3,35000,105000,Debit Card,Online Order
SUN-3908774,2023-12-18,Choco Lava Cake,Dessert,DST-04,2,35000,70000,Unknown,Dine In
SUN-1170930,2023-05-30,Creamy Maycha Latte,Drinks,DRK-05,2,35000,70000,Digital Wallet,Unknown
SUN-3356592,2023-07-16,Beef Carbonara Pasta,Food,FOD-02,3,52000,156000,Digital Wallet,Online Order
SUN-5270009,2023-03-13,New York Cheesecake,Dessert,DST-03,4,42000,168000,Cash,Dine In
SUN-3221341,2023-07-17,Cinnamon Roll,Dessert,DST-05,3,28000,84000,Unknown,Online Order
SUN-2622524,2023-02-03,Grill Chicken Caesar Salad,Food,FOD-04,1,42000,42000,Cash,Take Away
SUN-7725301,2023-02-13,Creamy Maycha Latte,Drinks,DRK-05,3,35000,105000,Cash,Unknown
SUN-9910610,2023-07-27,Iced Americano,Drinks,DRK-02,2,28000,56000,Digital Wallet,Unknown
SUN-6331022,2023-07-01,Espreso Single,Drinks,DRK-01,1,22000,22000,Digital Wallet,Online Order
SUN-3137225,2023-10-12,Creamy Maycha Latte,Drinks,DRK-05,1,35000,35000,Debit Card,Take Away
SUN-4131648,2023-01-05,Fudgy Brownies,Dessert,DST-02,4,25000,100000,Digital Wallet,Unknown
SUN-3250423,2023-08-01,Grill Chicken Caesar Salad,Food,FOD-04,3,42000,126000,Digital Wallet,Dine In
SUN-4941662,2023-07-31,Iced Americano,Drinks,DRK-02,4,28000,112000,Debit Card,Dine In
SUN-1725039,2023-03-28,Caramel Machiato,Drinks,DRK-04,3,38000,114000,Debit Card,Online Order
SUN-9550416,2023-07-03,Caramel Machiato,Drinks,DRK-04,2,38000,76000,Digital Wallet,Dine In
SUN-6031223,2023-10-21,Nasi Goreng Kampung,Food,FOD-03,2,38000,76000,Debit Card,Online Order
SUN-1444781,2023-03-04,New York Cheesecake,Dessert,DST-03,2,42000,84000,Debit Card,Take Away
SUN-4287084,2023-07-07,Fudgy Brownies,Dessert,DST-02,3,25000,75000,Digital Wallet,Dine In
SUN-7429526,2023-09-11,Club Sandwich,Food,FOD-05,2,45000,90000,Cash,Take Away
SUN-2299768,2023-08-02,Cinnamon Roll,Dessert,DST-05,3,28000,84000,Debit Card,Dine In
SUN-5747718,2023-08-23,Iced Americano,Drinks,DRK-02,,28000,,Unknown,Dine In
SUN-6872221,2023-11-28,Grill Chicken Caesar Salad,Food,FOD-04,4,42000,168000,Digital Wallet,Online Order
SUN-9895092,2023-11-01,Creamy Maycha Latte,Drinks,DRK-05,2,35000,70000,Cash,Dine In
SUN-6310322,2023-09-04,Caramel Machiato,Drinks,DRK-04,4,38000,152000,Debit Card,Unknown
SUN-8196385,2023-11-25,Grill Chicken Caesar Salad,Food,FOD-04,4,42000,168000,Unknown,Dine In
SUN-8789006,2023-02-12,Caramel Machiato,Drinks,DRK-04,4,38000,152000,Digital Wallet,Online Order
SUN-3463057,2023-11-16,Creamy Maycha Latte,Drinks,DRK-05,3,35000,105000,Debit Card,Unknown
SUN-9032459,2023-09-11,Beef Carbonara Pasta,Food,FOD-02,1,52000,52000,Debit Card,Take Away
SUN-8992736,2023-03-16,Caramel Machiato,Drinks,DRK-04,4,38000,152000,Debit Card,Unknown
SUN-7707543,2023-04-16,Caramel Machiato,Drinks,DRK-04,4,38000,152000,Digital Wallet,Unknown
SUN-4010452,2023-10-27,Buttermilk Fried Chicken,Food,FOD-01,4,48000,192000,Debit Card,Online Order
SUN-4823109,2023-10-16,New York Cheesecake,Dessert,DST-03,4,42000,168000,Debit Card,Unknown
SUN-9819170,2023-01-03,Beef Carbonara Pasta,Food,FOD-02,2,52000,104000,Unknown,Dine In
SUN-5759973,2023-07-25,Beef Carbonara Pasta,Food,FOD-02,2,52000,104000,Unknown,Dine In
SUN-2885161,2023-06-25,Creamy Maycha Latte,Drinks,DRK-05,3,35000,105000,Debit Card,Online Order
SUN-6961554,2023-07-17,Choco Lava Cake,Dessert,DST-04,3,35000,105000,Debit Card,Unknown
SUN-7128683,2023-11-08,Espreso Single,Drinks,DRK-01,1,22000,22000,Cash,Dine In
SUN-3431902,2023-02-21,Espreso Single,Drinks,DRK-01,2,22000,44000,Cash,Dine In
SUN-3061045,2023-12-25,Cinnamon Roll,Dessert,DST-05,2,28000,56000,Digital Wallet,Unknown
SUN-4119834,2023-01-10,Choco Lava Cake,Dessert,DST-04,1,35000,35000,Debit Card,Take Away
SUN-1297386,2023-10-24,Classic Tirmaisu,Dessert,DST-01,3,38000,114000,Debit Card,Take Away
SUN-5062562,2023-12-22,New York Cheesecake,Dessert,DST-03,2,42000,84000,Debit Card,Dine In
SUN-8301584,2023-04-23,Espreso Single,Drinks,DRK-01,,22000,,Digital Wallet,Unknown
SUN-5495650,2023-01-12,Classic Tirmaisu,Dessert,DST-01,1,38000,38000,Digital Wallet,Online Order
SUN-6795377,2023-10-23,Choco Lava Cake,Dessert,DST-04,4,35000,140000,Debit Card,Dine In
SUN-9971153,2023-01-19,Buttermilk Fried Chicken,Food,FOD-01,1,48000,48000,Cash,Take Away
SUN-3137965,2023-02-01,Nasi Goreng Kampung,Food,FOD-03,1,38000,38000,Cash,Dine In
SUN-3723387,2023-06-17,Buttermilk Fried Chicken,Food,FOD-01,4,48000,192000,Debit Card,Unknown
SUN-3985235,2023-03-03,Fudgy Brownies,Dessert,DST-02,4,25000,100000,Debit Card,Unknown
SUN-7473285,2023-12-09,Cinnamon Roll,Dessert,DST-05,4,28000,112000,Debit Card,Online Order
SUN-4688878,2023-11-22,Cinnamon Roll,Dessert,DST-05,1,28000,28000,Digital Wallet,Online Order
SUN-9379743,2023-07-17,Buttermilk Fried Chicken,Food,FOD-01,3,48000,144000,Debit Card,Take Away
SUN-3657860,2023-11-25,Espreso Single,Drinks,DRK-01,3,22000,66000,Cash,Dine In
SUN-5073182,2023-12-29,Classic Tirmaisu,Dessert,DST-01,1,38000,38000,Debit Card,Take Away
SUN-6831251,2023-10-05,Classic Tirmaisu,Dessert,DST-01,1,38000,38000,Debit Card,Dine In
SUN-4422072,2023-09-19,Choco Lava Cake,Dessert,DST-04,2,35000,70000,Digital Wallet,Online Order
SUN-5147949,2023-10-08,Caramel Machiato,Drinks,DRK-04,2,38000,76000,Digital Wallet,Online Order
SUN-7615726,2023-10-27,Nasi Goreng Kampung,Food,FOD-03,4,38000,152000,Cash,Dine In
SUN-3583645,2023-09-26,Creamy Maycha Latte,Drinks,DRK-05,3,35000,105000,Debit Card,Dine In
SUN-1546521,2023-10-27,Iced Americano,Drinks,DRK-02,,28000,,Digital Wallet,Dine In
SUN-9043073,2023-02-16,Beef Carbonara Pasta,Food,FOD-02,3,52000,156000,Cash,Take Away
SUN-8397943,2023-12-11,Caramel Machiato,Drinks,DRK-04,4,38000,152000,Debit Card,Dine In
SUN-5804219,2023-11-30,Cinnamon Roll,Dessert,DST-05,4,28000,112000,Debit Card,Unknown
SUN-5655263,2023-12-20,Fudgy Brownies,Dessert,DST-02,3,25000,75000,Debit Card,Online Order
SUN-6436297,2023-01-18,Grill Chicken Caesar Salad,Food,FOD-04,4,42000,168000,Unknown,Take Away
SUN-8888009,2023-04-30,New York Cheesecake,Dessert,DST-03,1,42000,42000,Digital Wallet,Take Away
SUN-8356804,2023-06-26,Nasi Goreng Kampung,Food,FOD-03,4,38000,152000,Debit Card,Online Order
SUN-6997547,2023-09-16,Buttermilk Fried Chicken,Food,FOD-01,3,48000,144000,Digital Wallet,Unknown
SUN-8658804,2023-02-02,Cinnamon Roll,Dessert,DST-05,3,28000,84000,Digital Wallet,Take Away
SUN-3991307,2023-07-05,Caramel Machiato,Drinks,DRK-04,3,38000,114000,Digital Wallet,Online Order
SUN-5621857,2023-10-20,Grill Chicken Caesar Salad,Food,FOD-04,1,42000,42000,Debit Card,Online Order
SUN-9534278,2023-12-24,Caramel Machiato,Drinks,DRK-04,3,38000,114000,Cash,Dine In
SUN-7879918,2023-05-11,Grill Chicken Caesar Salad,Food,FOD-04,2,42000,84000,Debit Card,Unknown
SUN-1426731,2023-08-04,Grill Chicken Caesar Salad,Food,FOD-04,,42000,,Digital Wallet,Dine In
SUN-8371994,2023-10-25,Classic Tirmaisu,Dessert,DST-01,2,38000,76000,Debit Card,Take Away
SUN-6017400,2023-05-27,Espreso Single,Drinks,DRK-01,3,22000,66000,Debit Card,Online Order
SUN-1313880,2023-08-07,Iced Americano,Drinks,DRK-02,2,28000,56000,Digital Wallet,Dine In
SUN-4221773,2023-01-13,Cafe Latte,Drinks,DRK-03,3,32000,96000,Unknown,Take Away
SUN-2420140,2023-07-15,Cafe Latte,Drinks,DRK-03,3,32000,96000,Cash,Take Away
SUN-5172309,2023-09-24,New York Cheesecake,Dessert,DST-03,2,42000,84000,Debit Card,Online Order
SUN-6018519,2023-09-22,Buttermilk Fried Chicken,Food,FOD-01,3,48000,144000,Digital Wallet,Unknown
SUN-4020273,2023-01-05,Nasi Goreng Kampung,Food,FOD-03,4,38000,152000,Cash,Unknown
SUN-9351620,2023-03-30,Buttermilk Fried Chicken,Food,FOD-01,1,48000,48000,Digital Wallet,Dine In
SUN-3776729,2023-08-25,Espreso Single,Drinks,DRK-01,1,22000,22000,Unknown,Dine In
SUN-4476388,2023-07-31,New York Cheesecake,Dessert,DST-03,4,42000,168000,Digital Wallet,Dine In
SUN-7517351,2023-04-07,Iced Americano,Drinks,DRK-02,2,28000,56000,Cash,Dine In
SUN-6253137,2023-10-16,Caramel Machiato,Drinks,DRK-04,2,38000,76000,Digital Wallet,Online Order
SUN-4433037,2023-09-04,Iced Americano,Drinks,DRK-02,1,28000,28000,Digital Wallet,Dine In
SUN-9080121,2023-02-09,Caramel Machiato,Drinks,DRK-04,4,38000,152000,Digital Wallet,Unknown
SUN-5347421,2023-12-29,Nasi Goreng Kampung,Food,FOD-03,4,38000,152000,Digital Wallet,Unknown
SUN-2778763,2023-02-11,New York Cheesecake,Dessert,DST-03,2,42000,84000,Cash,Take Away
SUN-6579798,2023-05-08,Iced Americano,Drinks,DRK-02,4,28000,112000,Debit Card,Online Order
SUN-5089924,2023-12-27,Beef Carbonara Pasta,Food,FOD-02,3,52000,156000,Unknown,Take Away
SUN-5353293,2023-07-23,Caramel Machiato,Drinks,DRK-04,1,38000,38000,Unknown,Take Away
SUN-8974898,2023-03-23,New York Cheesecake,Dessert,DST-03,4,42000,168000,Digital Wallet,Unknown
SUN-2442935,2023-07-23,New York Cheesecake,Dessert,DST-03,4,42000,168000,Debit Card,Online Order
SUN-3944165,2023-04-18,Club Sandwich,Food,FOD-05,3,45000,135000,Debit Card,Unknown
SUN-6491370,2023-03-01,Cafe Latte,Drinks,DRK-03,3,32000,96000,Unknown,Take Away
SUN-8267854,2023-02-10,Club Sandwich,Food,FOD-05,4,45000,180000,Debit Card,Take Away
SUN-6186446,2023-09-27,Classic Tirmaisu,Dessert,DST-01,3,38000,114000,Digital Wallet,Dine In
SUN-2516899,2023-01-18,Fudgy Brownies,Dessert,DST-02,1,25000,25000,Unknown,Online Order
SUN-6759490,2023-09-14,Club Sandwich,Food,FOD-05,4,45000,180000,Digital Wallet,Take Away
SUN-5995610,2023-03-23,Cafe Latte,Drinks,DRK-03,4,32000,128000,Digital Wallet,Dine In
SUN-1726008,2023-10-09,New York Cheesecake,Dessert,DST-03,2,42000,84000,Debit Card,Online Order
SUN-4084761,2023-04-13,Classic Tirmaisu,Dessert,DST-01,4,38000,152000,Debit Card,Online Order
SUN-7664435,2023-03-22,Caramel Machiato,Drinks,DRK-04,3,38000,114000,Digital Wallet,Online Order
SUN-7971717,2023-10-26,New York Cheesecake,Dessert,DST-03,3,42000,126000,Digital Wallet,Online Order
SUN-4178450,2023-01-25,Iced Americano,Drinks,DRK-02,4,28000,112000,Cash,Take Away
SUN-6497706,2023-07-26,Fudgy Brownies,Dessert,DST-02,3,25000,75000,Digital Wallet,Take Away
SUN-4108187,2023-05-24,Grill Chicken Caesar Salad,Food,FOD-04,3,42000,126000,Debit Card,Online Order
SUN-9029712,2023-03-02,Fudgy Brownies,Dessert,DST-02,4,25000,100000,Cash,Take Away
SUN-3208145,2023-02-12,Iced Americano,Drinks,DRK-02,2,28000,56000,Unknown,Take Away
SUN-3192255,2023-11-02,Buttermilk Fried Chicken,Food,FOD-01,4,48000,192000,Debit Card,Online Order
SUN-7694473,2023-04-12,Cinnamon Roll,Dessert,DST-05,3,28000,84000,Unknown,Dine In
SUN-7144059,2023-09-24,Espreso Single,Drinks,DRK-01,4,22000,88000,Digital Wallet,Take Away
SUN-2114376,2023-01-07,Creamy Maycha Latte,Drinks,DRK-05,4,35000,140000,Digital Wallet,Online Order
SUN-2180811,2023-08-06,Nasi Goreng Kampung,Food,FOD-03,4,38000,152000,Debit Card,Dine In
SUN-8753348,2023-05-27,Fudgy Brownies,Dessert,DST-02,3,25000,75000,Cash,Take Away
SUN-1253626,2023-03-16,Fudgy Brownies,Dessert,DST-02,1,25000,25000,Digital Wallet,Take Away
SUN-8508973,2023-05-12,Club Sandwich,Food,FOD-05,3,45000,135000,Digital Wallet,Take Away
SUN-1840771,2023-01-25,Choco Lava Cake,Dessert,DST-04,3,35000,105000,Digital Wallet,Dine In
SUN-8751098,2023-04-30,Beef Carbonara Pasta,Food,FOD-02,2,52000,104000,Digital Wallet,Online Order
SUN-9827297,2023-05-16,Iced Americano,Drinks,DRK-02,2,28000,56000,Debit Card,Online Order
SUN-5707067,2023-05-21,Grill Chicken Caesar Salad,Food,FOD-04,2,42000,84000,Cash,Take Away
SUN-6075397,2023-03-31,Grill Chicken Caesar Salad,Food,FOD-04,3,42000,126000,Digital Wallet,Take Away
SUN-9816199,2023-01-15,Nasi Goreng Kampung,Food,FOD-03,3,38000,114000,Digital Wallet,Take Away
SUN-7497469,2023-10-08,New York Cheesecake,Dessert,DST-03,3,42000,126000,Debit Card,Unknown
SUN-4369321,2023-06-08,New York Cheesecake,Dessert,DST-03,3,42000,126000,Unknown,Online Order
SUN-7505792,2023-10-23,Caramel Machiato,Drinks,DRK-04,2,38000,76000,Unknown,Take Away
SUN-5465541,2023-08-27,Cafe Latte,Drinks,DRK-03,3,32000,96000,Digital Wallet,Take Away
SUN-5557574,2023-12-05,Beef Carbonara Pasta,Food,FOD-02,2,52000,104000,Debit Card,Unknown
SUN-3937036,2023-04-29,Unknown,Unknown,Unknown,3,38000,114000,Debit Card,Take Away
SUN-2336985,2023-01-21,Nasi Goreng Kampung,Food,FOD-03,3,38000,114000,Debit Card,Dine In
SUN-8150823,2023-07-26,Nasi Goreng Kampung,Food,FOD-03,3,38000,114000,Digital Wallet,Dine In
SUN-2916911,2023-01-19,Classic Tirmaisu,Dessert,DST-01,1,38000,38000,Debit Card,Online Order
SUN-3145567,2023-10-20,Fudgy Brownies,Dessert,DST-02,3,25000,75000,Debit Card,Dine In
SUN-6579465,2023-12-03,Caramel Machiato,Drinks,DRK-04,4,38000,152000,Unknown,Unknown
SUN-7256795,2023-07-11,Creamy Maycha Latte,Drinks,DRK-05,2,35000,70000,Unknown,Online Order
SUN-6949098,2023-11-20,Creamy Maycha Latte,Drinks,DRK-05,1,35000,35000,Cash,Dine In
SUN-4078357,2023-12-05,New York Cheesecake,Dessert,DST-03,1,42000,42000,Debit Card,Dine In
SUN-3438418,2023-09-17,Club Sandwich,Food,FOD-05,1,45000,45000,Digital Wallet,Unknown
SUN-2832452,2023-10-09,Club Sandwich,Food,FOD-05,2,45000,90000,Debit Card,Online Order
SUN-6089353,2023-12-16,Espreso Single,Drinks,DRK-01,2,22000,44000,Digital Wallet,Take Away
SUN-4417827,2023-07-23,Choco Lava Cake,Dessert,DST-04,4,35000,140000,Cash,Dine In
SUN-9140071,2023-02-01,Fudgy Brownies,Dessert,DST-02,3,25000,75000,Cash,Dine In
SUN-4224360,2023-01-31,Espreso Single,Drinks,DRK-01,3,22000,66000,Debit Card,Take Away
SUN-8010413,2023-05-30,Buttermilk Fried Chicken,Food,FOD-01,2,48000,96000,Debit Card,Online Order
SUN-6734303,2023-06-21,Caramel Machiato,Drinks,DRK-04,2,38000,76000,Debit Card,Online Order
SUN-1338032,2023-12-10,Buttermilk Fried Chicken,Food,FOD-01,1,48000,48000,Unknown,Dine In
SUN-9393835,2023-01-13,Caramel Machiato,Drinks,DRK-04,1,38000,38000,Debit Card,Unknown
SUN-1061273,2023-05-16,New York Cheesecake,Dessert,DST-03,1,42000,42000,Digital Wallet,Online Order
SUN-9801635,2023-12-15,Iced Americano,Drinks,DRK-02,4,28000,112000,Digital Wallet,Online Order
SUN-6817458,2023-06-06,Club Sandwich,Food,FOD-05,2,45000,90000,Cash,Dine In
SUN-8633133,2023-01-17,Cafe Latte,Drinks,DRK-03,3,32000,96000,Debit Card,Take Away
SUN-9062923,2023-08-08,Fudgy Brownies,Dessert,DST-02,3,25000,75000,Debit Card,Dine In
SUN-5083583,2023-03-17,Choco Lava Cake,Dessert,DST-04,2,35000,70000,Debit Card,Online Order
SUN-5302927,2023-03-24,Iced Americano,Drinks,DRK-02,4,28000,112000,Digital Wallet,Dine In
SUN-8824017,2023-03-08,Nasi Goreng Kampung,Food,FOD-03,1,38000,38000,Debit Card,Take Away
SUN-6872137,2023-07-04,Choco Lava Cake,Dessert,DST-04,1,35000,35000,Cash,Unknown
SUN-9157593,2023-11-11,Beef Carbonara Pasta,Food,FOD-02,2,52000,104000,Digital Wallet,Unknown
SUN-6365611,2023-09-15,Caramel Machiato,Drinks,DRK-04,2,38000,76000,Debit Card,Online Order
SUN-9592835,2023-11-28,Classic Tirmaisu,Dessert,DST-01,3,38000,114000,Debit Card,Dine In
SUN-9435832,2023-12-10,Classic Tirmaisu,Dessert,DST-01,3,38000,114000,Debit Card,Online Order
SUN-5917313,2023-09-23,New York Cheesecake,Dessert,DST-03,4,42000,168000,Unknown,Take Away
SUN-9263246,2023-03-14,Cinnamon Roll,Dessert,DST-05,4,28000,112000,Cash,Dine In
SUN-3415244,2023-11-08,Creamy Maycha Latte,Drinks,DRK-05,2,35000,70000,Debit Card,Take Away
SUN-8502787,2023-01-09,Caramel Machiato,Drinks,DRK-04,2,38000,76000,Debit Card,Online Order
SUN-6092167,2023-04-06,Grill Chicken Caesar Salad,Food,FOD-04,3,42000,126000,Debit Card,Online Order
SUN-7350991,2023-11-25,Fudgy Brownies,Dessert,DST-02,1,25000,25000,Cash,Take Away
SUN-6966184,2023-11-23,Iced Americano,Drinks,DRK-02,4,28000,112000,Digital Wallet,Online Order
SUN-6672514,2023-03-25,Fudgy Brownies,Dessert,DST-02,1,25000,25000,Unknown,Dine In
SUN-4815891,2023-02-06,Nasi Goreng Kampung,Food,FOD-03,4,38000,152000,Debit Card,Unknown
SUN-2298626,2023-11-26,Classic Tirmaisu,Dessert,DST-01,1,38000,38000,Unknown,Take Away
SUN-4992607,2023-04-23,Nasi Goreng Kampung,Food,FOD-03,4,38000,152000,Cash,Take Away
SUN-2854062,2023-04-19,Creamy Maycha Latte,Drinks,DRK-05,3,35000,105000,Debit Card,Dine In
SUN-5530659,2023-11-10,Espreso Single,Drinks,DRK-01,3,22000,66000,Debit Card,Online Order
SUN-8115546,2023-10-09,Nasi Goreng Kampung,Food,FOD-03,1,38000,38000,Cash,Take Away
SUN-1625163,2023-09-10,Nasi Goreng Kampung,Food,FOD-03,3,38000,114000,Cash,Take Away
SUN-7732512,2023-06-10,Club Sandwich,Food,FOD-05,1,45000,45000,Digital Wallet,Dine In
SUN-2323647,2023-12-07,Cafe Latte,Drinks,DRK-03,3,32000,96000,Unknown,Dine In
SUN-6563084,2023-12-03,Nasi Goreng Kampung,Food,FOD-03,2,38000,76000,Debit Card,Unknown
SUN-3362376,2023-11-06,Caramel Machiato,Drinks,DRK-04,2,38000,76000,Cash,Take Away
SUN-4638176,2023-12-14,Fudgy Brownies,Dessert,DST-02,1,25000,25000,Debit Card,Online Order
SUN-7475818,2023-03-19,Cafe Latte,Drinks,DRK-03,3,32000,96000,Debit Card,Dine In
SUN-8832117,2023-07-20,Nasi Goreng Kampung,Food,FOD-03,3,38000,114000,Debit Card,Unknown
SUN-5049373,2023-06-02,Club Sandwich,Food,FOD-05,1,45000,45000,Debit Card,Take Away
SUN-6388212,2023-10-26,Cafe Latte,Drinks,DRK-03,2,32000,64000,Digital Wallet,Online Order
SUN-4562311,2023-12-27,Espreso Single,Drinks,DRK-01,4,22000,88000,Digital Wallet,Take Away
SUN-1390064,2023-10-04,Caramel Machiato,Drinks,DRK-04,1,38000,38000,Debit Card,Online Order
SUN-5889747,2023-09-14,New York Cheesecake,Dessert,DST-03,3,42000,126000,Digital Wallet,Online Order
SUN-1284316,2023-10-29,Iced Americano,Drinks,DRK-02,4,28000,112000,Debit Card,Online Order
SUN-5788282,2023-10-17,Nasi Goreng Kampung,Food,FOD-03,1,38000,38000,Digital Wallet,Dine In
SUN-3629250,2023-07-04,Caramel Machiato,Drinks,DRK-04,3,38000,114000,Digital Wallet,Online Order
SUN-8350442,2023-01-31,Iced Americano,Drinks,DRK-02,3,28000,84000,Cash,Take Away
SUN-2399912,2023-05-23,Creamy Maycha Latte,Drinks,DRK-05,1,35000,35000,Digital Wallet,Take Away
SUN-1521649,2023-12-15,Caramel Machiato,Drinks,DRK-04,3,38000,114000,Cash,Unknown
SUN-6917198,2023-03-31,Beef Carbonara Pasta,Food,FOD-02,3,52000,156000,Debit Card,Online Order
SUN-3888853,2023-07-20,Buttermilk Fried Chicken,Food,FOD-01,3,48000,144000,Cash,Dine In
SUN-5624470,2023-09-29,Grill Chicken Caesar Salad,Food,FOD-04,2,42000,84000,Cash,Dine In
SUN-9261126,2023-02-26,Grill Chicken Caesar Salad,Food,FOD-04,3,42000,126000,Debit Card,Online Order
SUN-7159019,2023-11-28,Grill Chicken Caesar Salad,Food,FOD-04,3,42000,126000,Cash,Take Away
SUN-9529080,2023-07-29,Grill Chicken Caesar Salad,Food,FOD-04,1,42000,42000,Unknown,Take Away
SUN-4570786,2023-08-15,Grill Chicken Caesar Salad,Food,FOD-04,,42000,,Digital Wallet,Dine In
SUN-2817456,2023-12-01,Classic Tirmaisu,Dessert,DST-01,1,38000,38000,Debit Card,Online Order
SUN-1581814,2023-07-29,Buttermilk Fried Chicken,Food,FOD-01,1,48000,48000,Cash,Take Away
SUN-4779048,2023-07-18,Buttermilk Fried Chicken,Food,FOD-01,1,48000,48000,Cash,Dine In
SUN-1415733,2023-01-11,Fudgy Brownies,Dessert,DST-02,4,25000,100000,Cash,Dine In
SUN-1376211,2023-12-29,Fudgy Brownies,Dessert,DST-02,1,25000,25000,Debit Card,Take Away
SUN-7646256,2023-01-03,Iced Americano,Drinks,DRK-02,3,28000,84000,Unknown,Take Away
SUN-9715767,2023-12-05,Buttermilk Fried Chicken,Food,FOD-01,1,48000,48000,Debit Card,Dine In
SUN-6540086,2023-10-02,Buttermilk Fried Chicken,Food,FOD-01,2,48000,96000,Cash,Dine In
SUN-9517623,2023-07-01,Beef Carbonara Pasta,Food,FOD-02,3,52000,156000,Debit Card,Online Order
SUN-5807126,2023-02-08,Beef Carbonara Pasta,Food,FOD-02,1,52000,52000,Debit Card,Dine In
SUN-6309671,2023-12-19,Nasi Goreng Kampung,Food,FOD-03,2,38000,76000,Cash,Dine In
SUN-8013747,2023-06-07,Classic Tirmaisu,Dessert,DST-01,1,38000,38000,Debit Card,Online Order
SUN-5008163,2023-10-08,Beef Carbonara Pasta,Food,FOD-02,3,52000,156000,Digital Wallet,Online Order
SUN-4819489,2023-05-08,Choco Lava Cake,Dessert,DST-04,2,35000,70000,Debit Card,Dine In
SUN-7338675,2023-04-03,Buttermilk Fried Chicken,Food,FOD-01,2,48000,96000,Cash,Unknown
SUN-5973884,2023-07-05,Cinnamon Roll,Dessert,DST-05,3,28000,84000,Debit Card,Dine In
SUN-4675558,2023-02-05,Nasi Goreng Kampung,Food,FOD-03,4,38000,152000,Cash,Take Away
SUN-8861450,2023-03-03,Cafe Latte,Drinks,DRK-03,3,32000,96000,Unknown,Take Away
SUN-3198583,2023-01-10,Cinnamon Roll,Dessert,DST-05,1,28000,28000,Cash,Dine In
SUN-7827723,2023-10-08,Cinnamon Roll,Dessert,DST-05,3,28000,84000,Debit Card,Unknown
SUN-8465244,2023-07-10,Nasi Goreng Kampung,Food,FOD-03,3,38000,114000,Unknown,Dine In
SUN-4840688,2023-06-15,New York Cheesecake,Dessert,DST-03,3,42000,126000,Digital Wallet,Take Away
SUN-1562089,2023-10-03,Club Sandwich,Food,FOD-05,3,45000,135000,Cash,Take Away
SUN-7271380,2023-05-27,Caramel Machiato,Drinks,DRK-04,4,38000,152000,Digital Wallet,Online Order
SUN-5373325,2023-02-17,Nasi Goreng Kampung,Food,FOD-03,4,38000,152000,Digital Wallet,Take Away
SUN-1061739,2023-08-23,Buttermilk Fried Chicken,Food,FOD-01,4,48000,192000,Debit Card,Dine In
SUN-2927849,2023-03-15,Grill Chicken Caesar Salad,Food,FOD-04,4,42000,168000,Cash,Take Away
SUN-5304093,2023-07-11,Cinnamon Roll,Dessert,DST-05,4,28000,112000,Cash,Take Away
SUN-3605242,2023-12-22,Caramel Machiato,Drinks,DRK-04,3,38000,114000,Unknown,Online Order
SUN-3740738,2023-06-15,Nasi Goreng Kampung,Food,FOD-03,1,38000,38000,Digital Wallet,Online Order
SUN-8257653,2023-10-22,Cinnamon Roll,Dessert,DST-05,1,28000,28000,Cash,Dine In
SUN-4768717,2023-09-21,Buttermilk Fried Chicken,Food,FOD-01,1,48000,48000,Cash,Take Away
SUN-1957446,2023-04-28,Buttermilk Fried Chicken,Food,FOD-01,4,48000,192000,Unknown,Take Away
SUN-7773053,2023-03-29,Iced Americano,Drinks,DRK-02,2,28000,56000,Cash,Take Away
SUN-1514901,2023-12-11,New York Cheesecake,Dessert,DST-03,2,42000,84000,Digital Wallet,Take Away
SUN-8297484,2023-08-09,Classic Tirmaisu,Dessert,DST-01,1,38000,38000,Debit Card,Dine In
SUN-4956279,2023-06-24,Choco Lava Cake,Dessert,DST-04,2,35000,70000,Debit Card,Unknown
SUN-1644875,2023-07-18,Choco Lava Cake,Dessert,DST-04,4,35000,140000,Unknown,Dine In
SUN-3082084,2023-04-03,Caramel Machiato,Drinks,DRK-04,4,38000,152000,Unknown,Take Away
SUN-1223839,2023-09-05,Iced Americano,Drinks,DRK-02,,28000,,Unknown,Online Order
SUN-6749778,2023-05-06,Creamy Maycha Latte,Drinks,DRK-05,4,35000,140000,Debit Card,Dine In
SUN-2882206,2023-09-17,Creamy Maycha Latte,Drinks,DRK-05,4,35000,140000,Unknown,Unknown
SUN-7988134,2023-04-10,New York Cheesecake,Dessert,DST-03,2,42000,84000,Cash,Dine In
SUN-8076013,2023-06-18,Buttermilk Fried Chicken,Food,FOD-01,3,48000,144000,Digital Wallet,Online Order
SUN-3330064,2023-09-11,Choco Lava Cake,Dessert,DST-04,4,35000,140000,Debit Card,Take Away
SUN-7436714,2023-02-22,Buttermilk Fried Chicken,Food,FOD-01,3,48000,144000,Cash,Take Away
SUN-5489702,2023-05-17,Classic Tirmaisu,Dessert,DST-01,4,38000,152000,Digital Wallet,Online Order
SUN-1059608,2023-01-24,Buttermilk Fried Chicken,Food,FOD-01,4,48000,192000,Cash,Take Away
SUN-2262504,2023-07-30,Iced Americano,Drinks,DRK-02,4,28000,112000,Digital Wallet,Unknown
SUN-8906786,2023-08-08,Nasi Goreng Kampung,Food,FOD-03,2,38000,76000,Debit Card,Take Away
SUN-7423570,2023-08-15,Iced Americano,Drinks,DRK-02,3,28000,84000,Unknown,Take Away
SUN-2483515,2023-07-22,Choco Lava Cake,Dessert,DST-04,2,35000,70000,Digital Wallet,Dine In
SUN-7685856,2023-07-04,Iced Americano,Drinks,DRK-02,3,28000,84000,Cash,Dine In
SUN-3185709,2023-08-11,Nasi Goreng Kampung,Food,FOD-03,2,38000,76000,Digital Wallet,Take Away
SUN-2413033,2023-06-15,Nasi Goreng Kampung,Food,FOD-03,3,38000,114000,Cash,Dine In
SUN-2831300,2023-10-18,New York Cheesecake,Dessert,DST-03,4,42000,168000,Cash,Dine In
SUN-8837886,2023-05-09,Cafe Latte,Drinks,DRK-03,2,32000,64000,Debit Card,Dine In
SUN-8259883,2023-03-31,Nasi Goreng Kampung,Food,FOD-03,1,38000,38000,Digital Wallet,Dine In
SUN-4041379,2023-03-27,Nasi Goreng Kampung,Food,FOD-03,2,38000,76000,Digital Wallet,Online Order
SUN-7714913,2023-01-07,Cinnamon Roll,Dessert,DST-05,3,28000,84000,Cash,Dine In
SUN-6914061,2023-02-04,Iced Americano,Drinks,DRK-02,2,28000,56000,Cash,Dine In
SUN-3218796,2023-08-10,Buttermilk Fried Chicken,Food,FOD-01,2,48000,96000,Digital Wallet,Online Order
SUN-7085064,2023-09-13,Choco Lava Cake,Dessert,DST-04,,35000,,Debit Card,Take Away
SUN-9000614,2023-03-19,Iced Americano,Drinks,DRK-02,1,28000,28000,Cash,Take Away
SUN-4241985,2023-01-06,Choco Lava Cake,Dessert,DST-04,,35000,,Digital Wallet,Dine In
SUN-3881243,2023-03-12,Creamy Maycha Latte,Drinks,DRK-05,1,35000,35000,Digital Wallet,Online Order
SUN-9670869,2023-09-25,Iced Americano,Drinks,DRK-02,1,28000,28000,Debit Card,Take Away
SUN-8920234,2023-01-17,Club Sandwich,Food,FOD-05,3,45000,135000,Unknown,Take Away
SUN-3882992,2023-10-03,Club Sandwich,Food,FOD-05,4,45000,180000,Cash,Unknown
SUN-9943621,2023-10-26,Fudgy Brownies,Dessert,DST-02,1,25000,25000,Digital Wallet,Dine In
SUN-6762380,2023-10-22,Cinnamon Roll,Dessert,DST-05,4,28000,112000,Digital Wallet,Dine In
SUN-9162529,2023-02-13,Classic Tirmaisu,Dessert,DST-01,2,38000,76000,Digital Wallet,Dine In
SUN-4563756,2023-08-23,Fudgy Brownies,Dessert,DST-02,2,25000,50000,Unknown,Take Away
SUN-6704730,2023-03-24,New York Cheesecake,Dessert,DST-03,1,42000,42000,Debit Card,Dine In
SUN-1367966,2023-12-14,Cafe Latte,Drinks,DRK-03,4,32000,128000,Digital Wallet,Online Order
SUN-6949526,2023-04-14,Buttermilk Fried Chicken,Food,FOD-01,4,48000,192000,Digital Wallet,Take Away
SUN-4713772,2023-05-20,Grill Chicken Caesar Salad,Food,FOD-04,4,42000,168000,Digital Wallet,Online Order
SUN-7255902,2023-10-05,Fudgy Brownies,Dessert,DST-02,1,25000,25000,Digital Wallet,Dine In
SUN-9881258,2023-06-17,Cafe Latte,Drinks,DRK-03,2,32000,64000,Debit Card,Online Order
SUN-4442301,2023-10-03,Choco Lava Cake,Dessert,DST-04,2,35000,70000,Cash,Take Away
SUN-9487813,2023-04-16,Classic Tirmaisu,Dessert,DST-01,4,38000,152000,Cash,Dine In
SUN-2773670,2023-10-01,Choco Lava Cake,Dessert,DST-04,2,35000,70000,Cash,Take Away
SUN-1289463,2023-01-04,Espreso Single,Drinks,DRK-01,2,22000,44000,Digital Wallet,Dine In
SUN-2438817,2023-10-21,Fudgy Brownies,Dessert,DST-02,3,25000,75000,Unknown,Unknown
SUN-9848339,2023-06-09,Fudgy Brownies,Dessert,DST-02,3,25000,75000,Debit Card,Unknown
SUN-9567029,2023-03-22,Espreso Single,Drinks,DRK-01,2,22000,44000,Debit Card,Dine In
SUN-6830253,2023-07-02,Fudgy Brownies,Dessert,DST-02,4,25000,100000,Digital Wallet,Dine In
SUN-5499409,2023-06-10,Cinnamon Roll,Dessert,DST-05,3,28000,84000,Cash,Unknown
SUN-5465503,2023-06-19,Espreso Single,Drinks,DRK-01,1,22000,22000,Cash,Take Away
SUN-8188081,2023-05-31,Cafe Latte,Drinks,DRK-03,4,32000,128000,Digital Wallet,Take Away
SUN-8550725,2023-01-14,Choco Lava Cake,Dessert,DST-04,4,35000,140000,Digital Wallet,Dine In
SUN-4244710,2023-02-10,Grill Chicken Caesar Salad,Food,FOD-04,1,42000,42000,Cash,Take Away
SUN-8667782,2023-02-28,Cinnamon Roll,Dessert,DST-05,2,28000,56000,Unknown,Take Away
SUN-2648769,2023-01-26,Choco Lava Cake,Dessert,DST-04,2,35000,70000,Unknown,Online Order
SUN-8703010,2023-04-10,Espreso Single,Drinks,DRK-01,2,22000,44000,Debit Card,Online Order
SUN-8596848,2023-12-17,Espreso Single,Drinks,DRK-01,2,22000,44000,Unknown,Take Away
SUN-9076337,2023-05-30,Choco Lava Cake,Dessert,DST-04,4,35000,140000,Debit Card,Unknown
SUN-4706502,2023-02-13,Iced Americano,Drinks,DRK-02,1,28000,28000,Debit Card,Take Away
SUN-6241007,2023-03-16,Beef Carbonara Pasta,Food,FOD-02,2,52000,104000,Digital Wallet,Dine In
SUN-7181209,2023-09-06,Choco Lava Cake,Dessert,DST-04,3,35000,105000,Debit Card,Unknown
SUN-5815284,2023-05-13,Iced Americano,Drinks,DRK-02,2,28000,56000,Cash,Unknown
SUN-9577712,2023-06-04,Nasi Goreng Kampung,Food,FOD-03,1,38000,38000,Digital Wallet,Take Away
SUN-1117742,2023-04-15,Caramel Machiato,Drinks,DRK-04,2,38000,76000,Unknown,Online Order
SUN-1692871,2023-10-19,Grill Chicken Caesar Salad,Food,FOD-04,1,42000,42000,Debit Card,Take Away
SUN-4066881,2023-02-09,Creamy Maycha Latte,Drinks,DRK-05,2,35000,70000,Digital Wallet,Online Order
SUN-8892189,2023-02-15,Cafe Latte,Drinks,DRK-03,2,32000,64000,Cash,Dine In
SUN-7745887,2023-11-16,Choco Lava Cake,Dessert,DST-04,1,35000,35000,Digital Wallet,Take Away
SUN-1294558,2023-02-25,Buttermilk Fried Chicken,Food,FOD-01,3,48000,144000,Digital Wallet,Unknown
SUN-2167021,2023-08-10,Nasi Goreng Kampung,Food,FOD-03,4,38000,152000,Debit Card,Take Away
SUN-1403190,2023-07-09,Cafe Latte,Drinks,DRK-03,1,32000,32000,Debit Card,Take Away
SUN-4412764,2023-12-25,Espreso Single,Drinks,DRK-01,1,22000,22000,Debit Card,Take Away
SUN-2161081,2023-09-17,New York Cheesecake,Dessert,DST-03,2,42000,84000,Unknown,Take Away
SUN-9602784,2023-08-09,Buttermilk Fried Chicken,Food,FOD-01,2,48000,96000,Debit Card,Dine In
SUN-2695735,2023-08-21,Classic Tirmaisu,Dessert,DST-01,3,38000,114000,Digital Wallet,Unknown
SUN-1923399,2023-08-13,Classic Tirmaisu,Dessert,DST-01,3,38000,114000,Cash,Dine In
SUN-1828597,2023-08-11,Cinnamon Roll,Dessert,DST-05,3,28000,84000,Digital Wallet,Unknown
SUN-8159326,2023-05-13,Espreso Single,Drinks,DRK-01,3,22000,66000,Debit Card,Unknown
SUN-1404914,2023-09-15,Fudgy Brownies,Dessert,DST-02,3,25000,75000,Digital Wallet,Take Away
SUN-9728913,2023-10-21,Creamy Maycha Latte,Drinks,DRK-05,2,35000,70000,Unknown,Take Away
SUN-4213572,2023-12-12,Fudgy Brownies,Dessert,DST-02,1,25000,25000,Unknown,Take Away
SUN-9024351,2023-06-18,Iced Americano,Drinks,DRK-02,1,28000,28000,Debit Card,Take Away
SUN-4192575,2023-06-10,Espreso Single,Drinks,DRK-01,4,22000,88000,Unknown,Dine In
SUN-1799452,2023-10-28,New York Cheesecake,Dessert,DST-03,3,42000,126000,Debit Card,Unknown
SUN-5613157,2023-01-29,Creamy Maycha Latte,Drinks,DRK-05,2,35000,70000,Digital Wallet,Unknown
SUN-3700934,2023-06-20,Fudgy Brownies,Dessert,DST-02,1,25000,25000,Unknown,Take Away
SUN-5806230,2023-03-02,Beef Carbonara Pasta,Food,FOD-02,1,52000,52000,Digital Wallet,Online Order
SUN-3397063,2023-09-27,Classic Tirmaisu,Dessert,DST-01,2,38000,76000,Cash,Unknown
SUN-3613751,2023-01-20,New York Cheesecake,Dessert,DST-03,1,42000,42000,Cash,Take Away
SUN-2209356,2023-08-30,Choco Lava Cake,Dessert,DST-04,1,35000,35000,Cash,Take Away
SUN-3929906,2023-12-13,Iced Americano,Drinks,DRK-02,3,28000,84000,Digital Wallet,Take Away
SUN-1014045,2023-05-25,Creamy Maycha Latte,Drinks,DRK-05,2,35000,70000,Digital Wallet,Take Away
SUN-5533014,2023-01-22,Classic Tirmaisu,Dessert,DST-01,3,38000,114000,Digital Wallet,Online Order
SUN-5977574,2023-02-03,Cafe Latte,Drinks,DRK-03,4,32000,128000,Digital Wallet,Take Away
SUN-5583440,2023-08-30,Club Sandwich,Food,FOD-05,1,45000,45000,Digital Wallet,Online Order
SUN-9360429,2023-03-26,Beef Carbonara Pasta,Food,FOD-02,1,52000,52000,Debit Card,Dine In
SUN-3321372,2023-10-28,Cafe Latte,Drinks,DRK-03,2,32000,64000,Cash,Unknown
SUN-6841678,2023-06-10,Fudgy Brownies,Dessert,DST-02,2,25000,50000,Debit Card,Unknown
SUN-7565955,2023-11-22,Iced Americano,Drinks,DRK-02,1,28000,28000,Unknown,Online Order
SUN-9677898,2023-06-23,Cafe Latte,Drinks,DRK-03,3,32000,96000,Digital Wallet,Take Away
SUN-4704351,2023-03-11,Buttermilk Fried Chicken,Food,FOD-01,3,48000,144000,Digital Wallet,Online Order
SUN-8228278,2023-03-20,Iced Americano,Drinks,DRK-02,4,28000,112000,Digital Wallet,Dine In
SUN-2787180,2023-07-16,Cafe Latte,Drinks,DRK-03,1,32000,32000,Debit Card,Take Away
SUN-6124178,2023-04-06,Grill Chicken Caesar Salad,Food,FOD-04,4,42000,168000,Debit Card,Dine In
SUN-9575615,2023-10-30,Cinnamon Roll,Dessert,DST-05,2,28000,56000,Cash,Take Away
SUN-1357589,2023-04-29,Classic Tirmaisu,Dessert,DST-01,3,38000,114000,Unknown,Online Order
SUN-9802183,2023-03-21,Caramel Machiato,Drinks,DRK-04,,38000,,Digital Wallet,Unknown
SUN-1672144,2023-07-19,Caramel Machiato,Drinks,DRK-04,2,38000,76000,Debit Card,Unknown
SUN-3679153,2023-04-04,Fudgy Brownies,Dessert,DST-02,4,25000,100000,Debit Card,Dine In
SUN-6844844,2023-02-02,Beef Carbonara Pasta,Food,FOD-02,4,52000,208000,Digital Wallet,Online Order
SUN-7586964,2023-03-28,Buttermilk Fried Chicken,Food,FOD-01,1,48000,48000,Unknown,Take Away
SUN-1717357,2023-05-29,Cinnamon Roll,Dessert,DST-05,4,28000,112000,Unknown,Dine In
SUN-6285104,2023-07-10,Cafe Latte,Drinks,DRK-03,3,32000,96000,Debit Card,Take Away
SUN-3417356,2023-09-06,Grill Chicken Caesar Salad,Food,FOD-04,4,42000,168000,Debit Card,Take Away
SUN-6379176,2023-11-04,Buttermilk Fried Chicken,Food,FOD-01,1,48000,48000,Debit Card,Dine In
SUN-9006849,2023-11-02,Caramel Machiato,Drinks,DRK-04,4,38000,152000,Digital Wallet,Dine In
SUN-5874243,2023-10-17,Cafe Latte,Drinks,DRK-03,3,32000,96000,Cash,Take Away
SUN-4148034,2023-07-08,Club Sandwich,Food,FOD-05,4,45000,180000,Unknown,Take Away
SUN-6514309,2023-03-18,Nasi Goreng Kampung,Food,FOD-03,1,38000,38000,Digital Wallet,Dine In
SUN-9342212,2023-12-13,Classic Tirmaisu,Dessert,DST-01,4,38000,152000,Debit Card,Online Order
SUN-7215976,2023-06-20,New York Cheesecake,Dessert,DST-03,2,42000,84000,Unknown,Take Away
SUN-3072856,2023-09-26,New York Cheesecake,Dessert,DST-03,4,42000,168000,Cash,Dine In
SUN-4701728,2023-06-06,Classic Tirmaisu,Dessert,DST-01,2,38000,76000,Debit Card,Take Away
SUN-1644337,2023-10-16,New York Cheesecake,Dessert,DST-03,1,42000,42000,Debit Card,Dine In
SUN-3636401,2023-10-07,Nasi Goreng Kampung,Food,FOD-03,4,38000,152000,Cash,Take Away
SUN-5696029,2023-02-19,Buttermilk Fried Chicken,Food,FOD-01,1,48000,48000,Debit Card,Online Order
SUN-8212046,2023-05-13,Classic Tirmaisu,Dessert,DST-01,2,38000,76000,Unknown,Take Away
SUN-2624265,2023-07-04,Creamy Maycha Latte,Drinks,DRK-05,4,35000,140000,Debit Card,Take Away
SUN-4182334,2023-08-08,Cafe Latte,Drinks,DRK-03,1,32000,32000,Unknown,Unknown
SUN-1507969,2023-01-13,Caramel Machiato,Drinks,DRK-04,4,38000,152000,Debit Card,Dine In
SUN-5581334,2023-09-28,Cafe Latte,Drinks,DRK-03,2,32000,64000,Debit Card,Online Order
SUN-3318455,2023-09-02,Choco Lava Cake,Dessert,DST-04,3,35000,105000,Cash,Take Away
SUN-1281289,2023-06-29,Creamy Maycha Latte,Drinks,DRK-05,1,35000,35000,Debit Card,Online Order
SUN-4858949,2023-04-29,Nasi Goreng Kampung,Food,FOD-03,4,38000,152000,Digital Wallet,Unknown
SUN-4026279,2023-02-13,Beef Carbonara Pasta,Food,FOD-02,1,52000,52000,Cash,Dine In
SUN-9233865,2023-11-18,Iced Americano,Drinks,DRK-02,4,28000,112000,Digital Wallet,Take Away
SUN-2356793,2023-01-26,Caramel Machiato,Drinks,DRK-04,3,38000,114000,Debit Card,Unknown
SUN-7265995,2023-02-17,Cinnamon Roll,Dessert,DST-05,3,28000,84000,Cash,Take Away
SUN-5492260,2023-09-21,Fudgy Brownies,Dessert,DST-02,4,25000,100000,Cash,Unknown
SUN-9444756,2023-01-28,Espreso Single,Drinks,DRK-01,4,22000,88000,Unknown,Dine In
SUN-2232820,2023-05-03,Choco Lava Cake,Dessert,DST-04,3,35000,105000,Debit Card,Unknown
SUN-1546746,2023-05-25,New York Cheesecake,Dessert,DST-03,2,42000,84000,Debit Card,Online Order
SUN-5523544,2023-05-28,Beef Carbonara Pasta,Food,FOD-02,,52000,,Digital Wallet,Take Away
SUN-2907973,2023-02-27,Cinnamon Roll,Dessert,DST-05,2,28000,56000,Cash,Take Away
SUN-9085708,2023-09-18,Cafe Latte,Drinks,DRK-03,3,32000,96000,Digital Wallet,Take Away
SUN-9217262,2023-07-20,Espreso Single,Drinks,DRK-01,2,22000,44000,Cash,Dine In
SUN-6800118,2023-09-07,Choco Lava Cake,Dessert,DST-04,2,35000,70000,Unknown,Dine In
SUN-2717630,2023-06-08,Choco Lava Cake,Dessert,DST-04,1,35000,35000,Digital Wallet,Unknown
SUN-9353590,2023-11-06,Beef Carbonara Pasta,Food,FOD-02,3,52000,156000,Digital Wallet,Online Order
SUN-7825631,2023-01-09,Cafe Latte,Drinks,DRK-03,1,32000,32000,Digital Wallet,Online Order
SUN-8837636,2023-10-17,Creamy Maycha Latte,Drinks,DRK-05,3,35000,105000,Digital Wallet,Online Order
SUN-5746787,2023-03-30,Classic Tirmaisu,Dessert,DST-01,4,38000,152000,Digital Wallet,Online Order
SUN-2862201,2023-08-02,Fudgy Brownies,Dessert,DST-02,1,25000,25000,Debit Card,Online Order
SUN-9748708,2023-02-25,Creamy Maycha Latte,Drinks,DRK-05,1,35000,35000,Cash,Unknown
SUN-3273393,2023-05-18,Iced Americano,Drinks,DRK-02,1,28000,28000,Cash,Dine In
SUN-7807329,2023-03-07,Cafe Latte,Drinks,DRK-03,4,32000,128000,Digital Wallet,Dine In
SUN-7185310,2023-05-02,Club Sandwich,Food,FOD-05,2,45000,90000,Unknown,Dine In
SUN-5176671,2023-12-27,Choco Lava Cake,Dessert,DST-04,1,35000,35000,Cash,Dine In
SUN-1092758,2023-08-20,Classic Tirmaisu,Dessert,DST-01,2,38000,76000,Debit Card,Take Away
SUN-5869536,2023-07-31,New York Cheesecake,Dessert,DST-03,1,42000,42000,Debit Card,Take Away
SUN-5972273,2023-03-13,Cinnamon Roll,Dessert,DST-05,3,28000,84000,Digital Wallet,Take Away
SUN-1808173,2023-10-12,Beef Carbonara Pasta,Food,FOD-02,2,52000,104000,Cash,Take Away
SUN-7006094,2023-02-04,New York Cheesecake,Dessert,DST-03,1,42000,42000,Cash,Take Away
SUN-2396256,2023-05-21,New York Cheesecake,Dessert,DST-03,4,42000,168000,Cash,Dine In
SUN-3089150,2023-03-06,Cafe Latte,Drinks,DRK-03,2,32000,64000,Digital Wallet,Unknown
SUN-9071121,2023-03-08,Club Sandwich,Food,FOD-05,1,45000,45000,Debit Card,Dine In
SUN-5153861,2023-08-13,Iced Americano,Drinks,DRK-02,3,28000,84000,Digital Wallet,Dine In
SUN-4256892,2023-05-03,Buttermilk Fried Chicken,Food,FOD-01,1,48000,48000,Digital Wallet,Online Order
SUN-7192961,2023-08-15,Classic Tirmaisu,Dessert,DST-01,1,38000,38000,Unknown,Dine In
SUN-6720014,2023-09-11,Fudgy Brownies,Dessert,DST-02,4,25000,100000,Digital Wallet,Online Order
SUN-5064786,2023-03-10,Cafe Latte,Drinks,DRK-03,3,32000,96000,Cash,Take Away
SUN-7413502,2023-05-31,New York Cheesecake,Dessert,DST-03,4,42000,168000,Debit Card,Take Away
SUN-5398071,2023-05-13,Grill Chicken Caesar Salad,Food,FOD-04,2,42000,84000,Digital Wallet,Unknown
SUN-6286920,2023-01-04,Buttermilk Fried Chicken,Food,FOD-01,2,48000,96000,Unknown,Unknown
SUN-6437722,,Club Sandwich,Food,FOD-05,3,45000,135000,Digital Wallet,Online Order
SUN-9561071,2023-07-22,Fudgy Brownies,Dessert,DST-02,2,25000,50000,Debit Card,Take Away
SUN-6778742,2023-09-20,New York Cheesecake,Dessert,DST-03,3,42000,126000,Digital Wallet,Take Away
SUN-4578410,2023-07-06,Caramel Machiato,Drinks,DRK-04,3,38000,114000,Unknown,Dine In
SUN-3408581,2023-04-04,Grill Chicken Caesar Salad,Food,FOD-04,3,42000,126000,Cash,Take Away
SUN-5479795,2023-09-06,Buttermilk Fried Chicken,Food,FOD-01,3,48000,144000,Debit Card,Take Away
SUN-9278148,2023-08-02,Fudgy Brownies,Dessert,DST-02,4,25000,100000,Digital Wallet,Online Order
SUN-5807695,2023-01-11,Espreso Single,Drinks,DRK-01,3,22000,66000,Debit Card,Online Order
SUN-6934398,2023-11-10,Creamy Maycha Latte,Drinks,DRK-05,2,35000,70000,Digital Wallet,Online Order
SUN-3533840,2023-11-21,Classic Tirmaisu,Dessert,DST-01,3,38000,114000,Digital Wallet,Unknown
SUN-9956892,2023-02-11,New York Cheesecake,Dessert,DST-03,1,42000,42000,Unknown,Online Order
SUN-5975293,2023-06-18,Cinnamon Roll,Dessert,DST-05,3,28000,84000,Unknown,Online Order
SUN-3377186,2023-10-20,Creamy Maycha Latte,Drinks,DRK-05,4,35000,140000,Unknown,Dine In
SUN-8886832,2023-05-12,Buttermilk Fried Chicken,Food,FOD-01,2,48000,96000,Cash,Dine In
SUN-5118383,2023-06-26,Caramel Machiato,Drinks,DRK-04,2,38000,76000,Unknown,Dine In
SUN-3904034,2023-04-16,Cinnamon Roll,Dessert,DST-05,1,28000,28000,Digital Wallet,Online Order
SUN-8964367,2023-10-22,Fudgy Brownies,Dessert,DST-02,4,25000,100000,Debit Card,Online Order
SUN-7348094,2023-11-07,Fudgy Brownies,Dessert,DST-02,4,25000,100000,Debit Card,Unknown
SUN-8501712,2023-08-09,Club Sandwich,Food,FOD-05,4,45000,180000,Unknown,Unknown
SUN-7507038,2023-04-07,New York Cheesecake,Dessert,DST-03,3,42000,126000,Digital Wallet,Online Order
SUN-3541162,2023-05-30,Classic Tirmaisu,Dessert,DST-01,2,38000,76000,Debit Card,Take Away
SUN-1942068,2023-04-20,Buttermilk Fried Chicken,Food,FOD-01,3,48000,144000,Debit Card,Dine In
SUN-2391610,2023-01-05,Fudgy Brownies,Dessert,DST-02,4,25000,100000,Debit Card,Take Away
SUN-4219685,2023-11-22,Fudgy Brownies,Dessert,DST-02,2,25000,50000,Digital Wallet,Unknown
SUN-6831341,2023-06-21,Creamy Maycha Latte,Drinks,DRK-05,2,35000,70000,Cash,Take Away
SUN-3139634,2023-06-21,Grill Chicken Caesar Salad,Food,FOD-04,4,42000,168000,Debit Card,Online Order
SUN-6158733,2023-11-08,New York Cheesecake,Dessert,DST-03,2,42000,84000,Unknown,Dine In
SUN-7253077,2023-01-18,Buttermilk Fried Chicken,Food,FOD-01,3,48000,144000,Debit Card,Online Order
SUN-7357736,2023-10-25,Cinnamon Roll,Dessert,DST-05,1,28000,28000,Debit Card,Unknown
SUN-6450557,2023-02-14,Grill Chicken Caesar Salad,Food,FOD-04,1,42000,42000,Debit Card,Online Order
SUN-6197186,2023-03-26,New York Cheesecake,Dessert,DST-03,2,42000,84000,Debit Card,Take Away
SUN-3932693,2023-10-03,Nasi Goreng Kampung,Food,FOD-03,3,38000,114000,Debit Card,Online Order
SUN-2344052,2023-04-29,Fudgy Brownies,Dessert,DST-02,3,25000,75000,Debit Card,Unknown
SUN-1991750,2023-04-29,New York Cheesecake,Dessert,DST-03,1,42000,42000,Unknown,Take Away
SUN-8637044,2023-03-09,Creamy Maycha Latte,Drinks,DRK-05,3,35000,105000,Digital Wallet,Take Away
SUN-2696336,2023-04-22,Iced Americano,Drinks,DRK-02,2,28000,56000,Digital Wallet,Unknown
SUN-2285056,2023-05-14,Club Sandwich,Food,FOD-05,4,45000,180000,Digital Wallet,Take Away
SUN-2573040,2023-04-18,Espreso Single,Drinks,DRK-01,2,22000,44000,Unknown,Take Away
SUN-3968035,2023-12-22,Beef Carbonara Pasta,Food,FOD-02,2,52000,104000,Unknown,Dine In
SUN-7996305,2023-12-22,Beef Carbonara Pasta,Food,FOD-02,1,52000,52000,Unknown,Online Order
SUN-9437996,2023-06-25,Beef Carbonara Pasta,Food,FOD-02,1,52000,52000,Unknown,Take Away
SUN-4638492,2023-06-27,Beef Carbonara Pasta,Food,FOD-02,1,52000,52000,Debit Card,Dine In
SUN-2485502,2023-03-21,Iced Americano,Drinks,DRK-02,4,28000,112000,Debit Card,Unknown
SUN-9865814,2023-11-23,Caramel Machiato,Drinks,DRK-04,2,38000,76000,Debit Card,Online Order
SUN-9615548,2023-04-03,Iced Americano,Drinks,DRK-02,3,28000,84000,Debit Card,Online Order
SUN-6227346,2023-10-18,Club Sandwich,Food,FOD-05,3,45000,135000,Digital Wallet,Take Away
SUN-2733540,2023-12-15,Classic Tirmaisu,Dessert,DST-01,3,38000,114000,Digital Wallet,Online Order
SUN-4107954,2023-10-15,Beef Carbonara Pasta,Food,FOD-02,3,52000,156000,Digital Wallet,Online Order
SUN-4006865,2023-06-15,Caramel Machiato,Drinks,DRK-04,3,38000,114000,Debit Card,Unknown
SUN-8749528,2023-10-11,New York Cheesecake,Dessert,DST-03,1,42000,42000,Debit Card,Dine In
SUN-6410906,2023-11-06,Iced Americano,Drinks,DRK-02,2,28000,56000,Cash,Dine In
SUN-5409610,2023-04-22,Espreso Single,Drinks,DRK-01,1,22000,22000,Debit Card,Unknown
SUN-6380599,2023-07-14,New York Cheesecake,Dessert,DST-03,1,42000,42000,Digital Wallet,Take Away
SUN-4993929,2023-10-28,Creamy Maycha Latte,Drinks,DRK-05,3,35000,105000,Cash,Take Away
SUN-5958880,2023-10-17,Choco Lava Cake,Dessert,DST-04,2,35000,70000,Unknown,Online Order
SUN-2605457,2023-06-29,Cafe Latte,Drinks,DRK-03,3,32000,96000,Cash,Dine In
SUN-1848771,2023-08-14,Beef Carbonara Pasta,Food,FOD-02,1,52000,52000,Digital Wallet,Online Order
SUN-3661024,2023-03-05,Caramel Machiato,Drinks,DRK-04,1,38000,38000,Digital Wallet,Unknown
SUN-5576609,2023-01-12,Cafe Latte,Drinks,DRK-03,1,32000,32000,Cash,Unknown
SUN-1667619,2023-04-03,Nasi Goreng Kampung,Food,FOD-03,3,38000,114000,Digital Wallet,Unknown
SUN-7593952,2023-03-26,Club Sandwich,Food,FOD-05,4,45000,180000,Unknown,Dine In
SUN-9906275,2023-07-13,Classic Tirmaisu,Dessert,DST-01,3,38000,114000,Cash,Take Away
SUN-5060890,2023-04-21,Beef Carbonara Pasta,Food,FOD-02,2,52000,104000,Debit Card,Dine In
SUN-3752761,2023-06-25,Buttermilk Fried Chicken,Food,FOD-01,4,48000,192000,Cash,Dine In
SUN-2534224,2023-11-18,Iced Americano,Drinks,DRK-02,3,28000,84000,Unknown,Dine In
SUN-9822072,2023-12-27,Creamy Maycha Latte,Drinks,DRK-05,4,35000,140000,Debit Card,Dine In
SUN-4923623,2023-11-23,Cafe Latte,Drinks,DRK-03,4,32000,128000,Digital Wallet,Unknown
SUN-4891556,2023-08-15,Grill Chicken Caesar Salad,Food,FOD-04,1,42000,42000,Debit Card,Online Order
SUN-9717535,2023-05-13,Cinnamon Roll,Dessert,DST-05,2,28000,56000,Cash,Dine In
SUN-6744806,2023-08-15,Club Sandwich,Food,FOD-05,1,45000,45000,Debit Card,Online Order
SUN-2797936,2023-05-14,Iced Americano,Drinks,DRK-02,1,28000,28000,Unknown,Unknown
SUN-5486834,2023-01-20,Club Sandwich,Food,FOD-05,2,45000,90000,Cash,Take Away
SUN-5158518,2023-11-05,Cafe Latte,Drinks,DRK-03,2,32000,64000,Debit Card,Dine In
SUN-6143557,2023-01-25,Creamy Maycha Latte,Drinks,DRK-05,4,35000,140000,Unknown,Dine In
SUN-6348921,2023-09-09,Grill Chicken Caesar Salad,Food,FOD-04,2,42000,84000,Debit Card,Dine In
SUN-5742599,2023-04-21,Cinnamon Roll,Dessert,DST-05,4,28000,112000,Debit Card,Take Away
SUN-6440121,2023-03-23,Club Sandwich,Food,FOD-05,4,45000,180000,Unknown,Unknown
SUN-5726911,2023-06-13,Classic Tirmaisu,Dessert,DST-01,4,38000,152000,Unknown,Take Away
SUN-2851794,2023-03-04,Cafe Latte,Drinks,DRK-03,3,32000,96000,Unknown,Online Order
SUN-3592254,2023-12-06,Fudgy Brownies,Dessert,DST-02,1,25000,25000,Debit Card,Take Away
SUN-5243022,2023-02-26,Beef Carbonara Pasta,Food,FOD-02,4,52000,208000,Debit Card,Online Order
SUN-4972678,2023-01-19,Club Sandwich,Food,FOD-05,3,45000,135000,Unknown,Dine In
SUN-2223374,2023-10-15,Choco Lava Cake,Dessert,DST-04,1,35000,35000,Cash,Dine In
SUN-1232194,2023-09-21,Espreso Single,Drinks,DRK-01,1,22000,22000,Digital Wallet,Take Away
SUN-1089873,2023-09-26,Beef Carbonara Pasta,Food,FOD-02,3,52000,156000,Debit Card,Online Order
SUN-9238532,2023-08-15,Creamy Maycha Latte,Drinks,DRK-05,2,35000,70000,Digital Wallet,Dine In
SUN-9114682,2023-04-25,Choco Lava Cake,Dessert,DST-04,3,35000,105000,Cash,Dine In
SUN-9126162,2023-03-31,Iced Americano,Drinks,DRK-02,4,28000,112000,Cash,Dine In
SUN-1963581,2023-08-03,Grill Chicken Caesar Salad,Food,FOD-04,2,42000,84000,Digital Wallet,Online Order
SUN-9577030,2023-12-01,Club Sandwich,Food,FOD-05,4,45000,180000,Unknown,Dine In
SUN-9495551,2023-03-21,Grill Chicken Caesar Salad,Food,FOD-04,1,42000,42000,Debit Card,Take Away
SUN-9723942,,Cinnamon Roll,Dessert,DST-05,2,28000,56000,Cash,Dine In
SUN-9184368,2023-08-05,Club Sandwich,Food,FOD-05,4,45000,180000,Digital Wallet,Online Order
SUN-5917276,2023-11-02,Nasi Goreng Kampung,Food,FOD-03,3,38000,114000,Debit Card,Online Order
SUN-8973875,2023-03-07,Iced Americano,Drinks,DRK-02,3,28000,84000,Debit Card,Dine In
SUN-4485773,2023-04-10,Caramel Machiato,Drinks,DRK-04,3,38000,114000,Unknown,Unknown
SUN-2119903,2023-05-15,Grill Chicken Caesar Salad,Food,FOD-04,1,42000,42000,Debit Card,Dine In
SUN-9843191,2023-07-26,Buttermilk Fried Chicken,Food,FOD-01,4,48000,192000,Digital Wallet,Unknown
SUN-8717026,2023-10-08,Grill Chicken Caesar Salad,Food,FOD-04,3,42000,126000,Digital Wallet,Online Order
SUN-3302635,2023-10-11,Caramel Machiato,Drinks,DRK-04,2,38000,76000,Digital Wallet,Unknown
SUN-9330898,2023-01-24,Cafe Latte,Drinks,DRK-03,4,32000,128000,Cash,Dine In
SUN-4266667,2023-11-12,Cafe Latte,Drinks,DRK-03,3,32000,96000,Debit Card,Dine In
SUN-4587982,2023-05-17,Nasi Goreng Kampung,Food,FOD-03,4,38000,152000,Cash,Take Away
SUN-9126377,2023-05-11,Cinnamon Roll,Dessert,DST-05,3,28000,84000,Digital Wallet,Online Order
SUN-4502378,2023-01-21,Caramel Machiato,Drinks,DRK-04,1,38000,38000,Unknown,Online Order
SUN-6565346,2023-03-19,Caramel Machiato,Drinks,DRK-04,2,38000,76000,Digital Wallet,Online Order
SUN-2293124,2023-12-21,Club Sandwich,Food,FOD-05,,45000,,Unknown,Take Away
SUN-9970646,2023-08-27,Choco Lava Cake,Dessert,DST-04,1,35000,35000,Debit Card,Dine In
SUN-3017742,2023-02-05,Club Sandwich,Food,FOD-05,3,45000,135000,Debit Card,Unknown
SUN-1956830,2023-08-22,Classic Tirmaisu,Dessert,DST-01,3,38000,114000,Digital Wallet,Online Order
SUN-7515406,2023-02-23,New York Cheesecake,Dessert,DST-03,1,42000,42000,Debit Card,Dine In
SUN-1217038,2023-01-18,Cinnamon Roll,Dessert,DST-05,4,28000,112000,Unknown,Online Order
SUN-9290996,2023-09-11,Nasi Goreng Kampung,Food,FOD-03,3,38000,114000,Debit Card,Online Order
SUN-6659957,2023-08-08,Beef Carbonara Pasta,Food,FOD-02,3,52000,156000,Cash,Dine In
SUN-4937061,2023-07-25,Caramel Machiato,Drinks,DRK-04,2,38000,76000,Unknown,Online Order
SUN-9154949,2023-12-10,Choco Lava Cake,Dessert,DST-04,2,35000,70000,Debit Card,Unknown
SUN-4765329,2023-10-24,Classic Tirmaisu,Dessert,DST-01,3,38000,114000,Cash,Dine In
SUN-8767657,2023-03-31,Nasi Goreng Kampung,Food,FOD-03,4,38000,152000,Digital Wallet,Dine In
SUN-3827831,2023-08-21,Cinnamon Roll,Dessert,DST-05,3,28000,84000,Unknown,Dine In
SUN-4070938,2023-08-17,Classic Tirmaisu,Dessert,DST-01,2,38000,76000,Cash,Take Away
SUN-2242204,2023-08-15,Cinnamon Roll,Dessert,DST-05,1,28000,28000,Debit Card,Online Order
SUN-1349897,2023-12-01,Creamy Maycha Latte,Drinks,DRK-05,4,35000,140000,Unknown,Unknown
SUN-1110449,2023-02-26,Caramel Machiato,Drinks,DRK-04,3,38000,114000,Debit Card,Online Order
SUN-7697229,2023-05-21,Iced Americano,Drinks,DRK-02,4,28000,112000,Cash,Take Away
SUN-9989454,2023-07-20,New York Cheesecake,Dessert,DST-03,4,42000,168000,Digital Wallet,Take Away
SUN-4584880,2023-10-26,Nasi Goreng Kampung,Food,FOD-03,2,38000,76000,Cash,Dine In
SUN-5011772,2023-06-20,Fudgy Brownies,Dessert,DST-02,4,25000,100000,Cash,Take Away
SUN-6175502,2023-11-24,Iced Americano,Drinks,DRK-02,1,28000,28000,Digital Wallet,Take Away
SUN-2395305,2023-04-08,New York Cheesecake,Dessert,DST-03,1,42000,42000,Unknown,Take Away
SUN-6260331,2023-01-18,Cafe Latte,Drinks,DRK-03,3,32000,96000,Digital Wallet,Take Away
SUN-7969472,2023-02-23,Espreso Single,Drinks,DRK-01,4,22000,88000,Debit Card,Dine In
SUN-2591849,2023-04-17,Espreso Single,Drinks,DRK-01,1,22000,22000,Unknown,Dine In
SUN-5950737,2023-12-24,Grill Chicken Caesar Salad,Food,FOD-04,3,42000,126000,Cash,Unknown
SUN-1558090,2023-03-30,Espreso Single,Drinks,DRK-01,2,22000,44000,Unknown,Dine In
SUN-2397460,2023-04-05,Classic Tirmaisu,Dessert,DST-01,3,38000,114000,Digital Wallet,Dine In
SUN-1025615,2023-11-28,Classic Tirmaisu,Dessert,DST-01,3,38000,114000,Cash,Dine In
SUN-8325844,2023-02-16,Caramel Machiato,Drinks,DRK-04,2,38000,76000,Debit Card,Online Order
SUN-8209319,2023-08-08,Espreso Single,Drinks,DRK-01,4,22000,88000,Debit Card,Online Order
SUN-5468859,2023-10-14,Iced Americano,Drinks,DRK-02,,28000,,Debit Card,Online Order
SUN-5750472,2023-02-15,Caramel Machiato,Drinks,DRK-04,1,38000,38000,Debit Card,Online Order
SUN-6780618,2023-06-27,Classic Tirmaisu,Dessert,DST-01,2,38000,76000,Cash,Unknown
SUN-3183098,2023-05-20,Caramel Machiato,Drinks,DRK-04,2,38000,76000,Debit Card,Dine In
SUN-3473419,2023-10-12,Choco Lava Cake,Dessert,DST-04,1,35000,35000,Digital Wallet,Unknown
SUN-6217463,2023-04-10,Iced Americano,Drinks,DRK-02,2,28000,56000,Debit Card,Unknown
SUN-2246984,2023-03-03,Iced Americano,Drinks,DRK-02,3,28000,84000,Unknown,Take Away
SUN-2591111,2023-12-30,Classic Tirmaisu,Dessert,DST-01,3,38000,114000,Cash,Take Away
SUN-2985588,2023-04-09,Caramel Machiato,Drinks,DRK-04,4,38000,152000,Digital Wallet,Dine In
SUN-4164267,2023-11-18,Classic Tirmaisu,Dessert,DST-01,2,38000,76000,Digital Wallet,Online Order
SUN-5825991,2023-01-29,Cinnamon Roll,Dessert,DST-05,1,28000,28000,Digital Wallet,Unknown
SUN-3104384,2023-11-07,New York Cheesecake,Dessert,DST-03,3,42000,126000,Unknown,Dine In
SUN-2535494,2023-05-01,Grill Chicken Caesar Salad,Food,FOD-04,1,42000,42000,Unknown,Dine In
SUN-4792872,2023-02-09,Caramel Machiato,Drinks,DRK-04,3,38000,114000,Cash,Take Away
SUN-8311760,2023-06-11,Choco Lava Cake,Dessert,DST-04,1,35000,35000,Digital Wallet,Online Order
SUN-2644788,2023-05-20,Cinnamon Roll,Dessert,DST-05,2,28000,56000,Cash,Take Away
SUN-9632591,2023-05-30,Caramel Machiato,Drinks,DRK-04,1,38000,38000,Unknown,Unknown
SUN-6012560,2023-06-11,Club Sandwich,Food,FOD-05,2,45000,90000,Cash,Dine In
SUN-3914959,2023-03-05,Classic Tirmaisu,Dessert,DST-01,2,38000,76000,Cash,Dine In
SUN-6580656,2023-04-28,Beef Carbonara Pasta,Food,FOD-02,1,52000,52000,Digital Wallet,Unknown
SUN-6439212,2023-05-05,Buttermilk Fried Chicken,Food,FOD-01,3,48000,144000,Unknown,Take Away
SUN-7995842,2023-11-20,Classic Tirmaisu,Dessert,DST-01,1,38000,38000,Cash,Take Away
SUN-1976678,2023-10-17,Classic Tirmaisu,Dessert,DST-01,1,38000,38000,Cash,Unknown
SUN-4970231,2023-06-16,Classic Tirmaisu,Dessert,DST-01,4,38000,152000,Debit Card,Dine In
SUN-8071262,,Choco Lava Cake,Dessert,DST-04,3,35000,105000,Cash,Unknown
SUN-1689672,2023-10-07,Cinnamon Roll,Dessert,DST-05,2,28000,56000,Unknown,Take Away
SUN-2841509,2023-01-22,Buttermilk Fried Chicken,Food,FOD-01,3,48000,144000,Digital Wallet,Online Order
SUN-7832405,2023-08-01,Espreso Single,Drinks,DRK-01,2,22000,44000,Debit Card,Dine In
SUN-4705206,2023-09-13,Iced Americano,Drinks,DRK-02,3,28000,84000,Debit Card,Take Away
SUN-7499007,2023-05-27,Fudgy Brownies,Dessert,DST-02,3,25000,75000,Unknown,Dine In
SUN-6204020,2023-04-10,Choco Lava Cake,Dessert,DST-04,2,35000,70000,Debit Card,Online Order
SUN-1380571,2023-02-02,Grill Chicken Caesar Salad,Food,FOD-04,3,42000,126000,Digital Wallet,Online Order
SUN-8313992,2023-02-01,Choco Lava Cake,Dessert,DST-04,1,35000,35000,Digital Wallet,Dine In
SUN-7884126,2023-11-09,Iced Americano,Drinks,DRK-02,4,28000,112000,Debit Card,Online Order
SUN-9357652,2023-09-06,Fudgy Brownies,Dessert,DST-02,3,25000,75000,Debit Card,Online Order
SUN-5770955,2023-06-25,Nasi Goreng Kampung,Food,FOD-03,1,38000,38000,Unknown,Dine In
SUN-3409184,2023-12-26,Classic Tirmaisu,Dessert,DST-01,1,38000,38000,Debit Card,Online Order
SUN-9968205,2023-01-27,Cinnamon Roll,Dessert,DST-05,3,28000,84000,Unknown,Take Away
SUN-8697016,2023-07-13,Beef Carbonara Pasta,Food,FOD-02,1,52000,52000,Cash,Dine In
SUN-6462669,2023-06-24,Buttermilk Fried Chicken,Food,FOD-01,2,48000,96000,Debit Card,Online Order
SUN-9759852,2023-02-05,Iced Americano,Drinks,DRK-02,3,28000,84000,Debit Card,Take Away
SUN-3423051,2023-01-17,Grill Chicken Caesar Salad,Food,FOD-04,1,42000,42000,Unknown,Take Away
SUN-5854729,2023-11-10,Espreso Single,Drinks,DRK-01,1,22000,22000,Digital Wallet,Online Order
SUN-8026709,2023-04-27,New York Cheesecake,Dessert,DST-03,2,42000,84000,Debit Card,Unknown
SUN-8296109,2023-02-08,Choco Lava Cake,Dessert,DST-04,1,35000,35000,Digital Wallet,Dine In
SUN-2380327,2023-11-24,Espreso Single,Drinks,DRK-01,3,22000,66000,Digital Wallet,Dine In
SUN-7443099,2023-03-10,Fudgy Brownies,Dessert,DST-02,1,25000,25000,Debit Card,Take Away
SUN-2430933,2023-05-06,Classic Tirmaisu,Dessert,DST-01,1,38000,38000,Digital Wallet,Online Order
SUN-1678248,2023-08-03,Nasi Goreng Kampung,Food,FOD-03,4,38000,152000,Debit Card,Dine In
SUN-8753216,2023-05-02,Choco Lava Cake,Dessert,DST-04,3,35000,105000,Digital Wallet,Dine In
SUN-8979369,2023-02-07,Cafe Latte,Drinks,DRK-03,,32000,,Debit Card,Unknown
SUN-3985298,2023-04-21,Choco Lava Cake,Dessert,DST-04,4,35000,140000,Unknown,Dine In
SUN-4776780,2023-01-18,Classic Tirmaisu,Dessert,DST-01,3,38000,114000,Debit Card,Online Order
SUN-5783819,2023-07-28,Caramel Machiato,Drinks,DRK-04,2,38000,76000,Debit Card,Take Away
SUN-9108751,2023-04-09,Buttermilk Fried Chicken,Food,FOD-01,4,48000,192000,Digital Wallet,Take Away
SUN-5220183,2023-07-02,Caramel Machiato,Drinks,DRK-04,3,38000,114000,Cash,Take Away
SUN-6626462,2023-08-21,Beef Carbonara Pasta,Food,FOD-02,4,52000,208000,Debit Card,Dine In
SUN-1094741,2023-05-20,Classic Tirmaisu,Dessert,DST-01,4,38000,152000,Digital Wallet,Take Away
SUN-6339597,2023-12-10,Club Sandwich,Food,FOD-05,4,45000,180000,Debit Card,Unknown
SUN-3091507,2023-11-08,Fudgy Brownies,Dessert,DST-02,2,25000,50000,Debit Card,Online Order
SUN-5496295,2023-06-22,Espreso Single,Drinks,DRK-01,2,22000,44000,Digital Wallet,Unknown
SUN-4987458,2023-06-20,Nasi Goreng Kampung,Food,FOD-03,4,38000,152000,Cash,Dine In
SUN-8637227,2023-07-18,Fudgy Brownies,Dessert,DST-02,2,25000,50000,Unknown,Dine In
SUN-7585414,2023-11-02,Buttermilk Fried Chicken,Food,FOD-01,1,48000,48000,Debit Card,Online Order
SUN-9671249,2023-12-12,New York Cheesecake,Dessert,DST-03,3,42000,126000,Cash,Unknown
SUN-8333752,2023-05-28,Classic Tirmaisu,Dessert,DST-01,4,38000,152000,Debit Card,Online Order
SUN-4006595,2023-06-03,Caramel Machiato,Drinks,DRK-04,4,38000,152000,Unknown,Online Order
SUN-5842976,2023-05-09,Cinnamon Roll,Dessert,DST-05,4,28000,112000,Digital Wallet,Dine In
SUN-9056458,2023-07-11,Cafe Latte,Drinks,DRK-03,4,32000,128000,Debit Card,Unknown
SUN-5708399,2023-03-06,Grill Chicken Caesar Salad,Food,FOD-04,1,42000,42000,Digital Wallet,Dine In
SUN-2013506,2023-05-29,Cafe Latte,Drinks,DRK-03,1,32000,32000,Unknown,Take Away
SUN-8519186,,Club Sandwich,Food,FOD-05,3,45000,135000,Unknown,Online Order
SUN-1744768,2023-07-14,Nasi Goreng Kampung,Food,FOD-03,1,38000,38000,Debit Card,Take Away
SUN-9212241,2023-07-28,New York Cheesecake,Dessert,DST-03,3,42000,126000,Unknown,Dine In
SUN-1147555,2023-09-08,Club Sandwich,Food,FOD-05,4,45000,180000,Unknown,Unknown
SUN-8431503,2023-05-11,Fudgy Brownies,Dessert,DST-02,2,25000,50000,Debit Card,Dine In
SUN-8967954,2023-10-18,Grill Chicken Caesar Salad,Food,FOD-04,4,42000,168000,Cash,Take Away
SUN-8873857,2023-02-23,Club Sandwich,Food,FOD-05,3,45000,135000,Unknown,Unknown
SUN-5732257,2023-12-28,Club Sandwich,Food,FOD-05,1,45000,45000,Cash,Take Away
SUN-7724932,2023-07-12,Classic Tirmaisu,Dessert,DST-01,2,38000,76000,Unknown,Take Away
SUN-6423382,2023-08-13,Fudgy Brownies,Dessert,DST-02,2,25000,50000,Debit Card,Dine In
SUN-2373426,2023-09-20,Fudgy Brownies,Dessert,DST-02,3,25000,75000,Unknown,Dine In
SUN-2062561,2023-07-10,Iced Americano,Drinks,DRK-02,4,28000,112000,Cash,Take Away
SUN-3057014,2023-08-18,Buttermilk Fried Chicken,Food,FOD-01,4,48000,192000,Unknown,Unknown
SUN-7474950,2023-07-31,Cinnamon Roll,Dessert,DST-05,3,28000,84000,Digital Wallet,Online Order
SUN-8134838,2023-01-07,Buttermilk Fried Chicken,Food,FOD-01,2,48000,96000,Cash,Unknown
SUN-2563993,2023-05-06,Espreso Single,Drinks,DRK-01,2,22000,44000,Unknown,Take Away
SUN-3690624,2023-05-16,Creamy Maycha Latte,Drinks,DRK-05,1,35000,35000,Cash,Take Away
SUN-1848728,2023-01-14,Grill Chicken Caesar Salad,Food,FOD-04,4,42000,168000,Debit Card,Online Order
SUN-9918252,2023-09-03,Beef Carbonara Pasta,Food,FOD-02,4,52000,208000,Unknown,Online Order
SUN-2189166,2023-09-28,Nasi Goreng Kampung,Food,FOD-03,4,38000,152000,Digital Wallet,Dine In
SUN-7790836,2023-05-25,Classic Tirmaisu,Dessert,DST-01,3,38000,114000,Debit Card,Take Away
SUN-4863618,2023-11-14,Nasi Goreng Kampung,Food,FOD-03,2,38000,76000,Digital Wallet,Online Order
SUN-4541612,2023-06-10,Beef Carbonara Pasta,Food,FOD-02,2,52000,104000,Cash,Take Away
SUN-5832273,2023-06-27,Beef Carbonara Pasta,Food,FOD-02,4,52000,208000,Digital Wallet,Online Order
SUN-7666360,2023-10-16,Creamy Maycha Latte,Drinks,DRK-05,1,35000,35000,Digital Wallet,Online Order
SUN-3457876,2023-01-28,Espreso Single,Drinks,DRK-01,1,22000,22000,Digital Wallet,Online Order
SUN-6497244,2023-02-26,Classic Tirmaisu,Dessert,DST-01,4,38000,152000,Unknown,Online Order
SUN-5828685,2023-11-13,Cinnamon Roll,Dessert,DST-05,2,28000,56000,Debit Card,Take Away
SUN-6215900,2023-03-04,New York Cheesecake,Dessert,DST-03,3,42000,126000,Digital Wallet,Online Order
SUN-1981790,2023-12-04,Grill Chicken Caesar Salad,Food,FOD-04,3,42000,126000,Unknown,Unknown
SUN-8920310,2023-10-08,Club Sandwich,Food,FOD-05,3,45000,135000,Debit Card,Take Away
SUN-8937595,2023-02-05,Unknown,Unknown,Unknown,1,35000,35000,Digital Wallet,Unknown
SUN-9460102,2023-12-02,Iced Americano,Drinks,DRK-02,3,28000,84000,Digital Wallet,Unknown
SUN-7818860,2023-10-25,Club Sandwich,Food,FOD-05,3,45000,135000,Cash,Take Away
SUN-1117361,2023-03-01,New York Cheesecake,Dessert,DST-03,3,42000,126000,Debit Card,Unknown
SUN-8915036,2023-01-29,Cafe Latte,Drinks,DRK-03,1,32000,32000,Debit Card,Take Away
SUN-5016885,2023-01-22,Cinnamon Roll,Dessert,DST-05,4,28000,112000,Debit Card,Unknown
SUN-3434598,2023-09-10,Nasi Goreng Kampung,Food,FOD-03,4,38000,152000,Debit Card,Dine In
SUN-6065988,2023-10-26,Beef Carbonara Pasta,Food,FOD-02,4,52000,208000,Debit Card,Online Order
SUN-2029790,2023-05-24,Caramel Machiato,Drinks,DRK-04,3,38000,114000,Debit Card,Dine In
SUN-5705644,2023-07-26,Cinnamon Roll,Dessert,DST-05,1,28000,28000,Digital Wallet,Unknown
SUN-6901378,2023-01-30,Creamy Maycha Latte,Drinks,DRK-05,2,35000,70000,Cash,Take Away
SUN-4761120,2023-03-31,Espreso Single,Drinks,DRK-01,1,22000,22000,Unknown,Dine In
SUN-7289406,2023-09-26,Grill Chicken Caesar Salad,Food,FOD-04,3,42000,126000,Debit Card,Online Order
SUN-1569290,2023-01-18,Creamy Maycha Latte,Drinks,DRK-05,4,35000,140000,Digital Wallet,Take Away
SUN-5309756,2023-01-14,Creamy Maycha Latte,Drinks,DRK-05,4,35000,140000,Unknown,Take Away
SUN-2116826,2023-07-20,Beef Carbonara Pasta,Food,FOD-02,4,52000,208000,Unknown,Dine In
SUN-6032735,2023-01-26,Cafe Latte,Drinks,DRK-03,4,32000,128000,Debit Card,Online Order
SUN-7963464,2023-02-25,Club Sandwich,Food,FOD-05,3,45000,135000,Digital Wallet,Dine In
SUN-5376269,2023-09-27,Nasi Goreng Kampung,Food,FOD-03,4,38000,152000,Digital Wallet,Online Order
SUN-8114926,2023-11-25,Caramel Machiato,Drinks,DRK-04,2,38000,76000,Unknown,Take Away
SUN-9897703,2023-02-18,Club Sandwich,Food,FOD-05,1,45000,45000,Debit Card,Unknown
SUN-2622975,2023-11-27,Fudgy Brownies,Dessert,DST-02,4,25000,100000,Debit Card,Online Order
SUN-9603014,2023-12-20,Fudgy Brownies,Dessert,DST-02,3,25000,75000,Unknown,Take Away
SUN-3758930,2023-09-26,Creamy Maycha Latte,Drinks,DRK-05,,35000,,Debit Card,Online Order
SUN-4158606,2023-04-13,Grill Chicken Caesar Salad,Food,FOD-04,1,42000,42000,Debit Card,Take Away
SUN-3965428,2023-12-25,Nasi Goreng Kampung,Food,FOD-03,4,38000,152000,Debit Card,Online Order
SUN-5164237,2023-02-11,New York Cheesecake,Dessert,DST-03,3,42000,126000,Unknown,Dine In
SUN-7112705,2023-04-22,Creamy Maycha Latte,Drinks,DRK-05,4,35000,140000,Debit Card,Online Order
SUN-2160283,2023-08-06,Choco Lava Cake,Dessert,DST-04,,35000,,Digital Wallet,Dine In
SUN-5842849,2023-02-13,Buttermilk Fried Chicken,Food,FOD-01,3,48000,144000,Digital Wallet,Dine In
SUN-4134165,2023-01-03,Choco Lava Cake,Dessert,DST-04,2,35000,70000,Unknown,Dine In
SUN-1429206,2023-08-23,Choco Lava Cake,Dessert,DST-04,3,35000,105000,Digital Wallet,Take Away
SUN-6632295,2023-11-28,Iced Americano,Drinks,DRK-02,3,28000,84000,Cash,Take Away
SUN-4986403,2023-03-31,Iced Americano,Drinks,DRK-02,2,28000,56000,Debit Card,Take Away
SUN-7741642,2023-04-15,Beef Carbonara Pasta,Food,FOD-02,1,52000,52000,Debit Card,Online Order
SUN-5855025,2023-09-11,Fudgy Brownies,Dessert,DST-02,3,25000,75000,Cash,Take Away
SUN-5602443,2023-07-15,Iced Americano,Drinks,DRK-02,1,28000,28000,Unknown,Take Away
SUN-1624361,2023-01-27,Nasi Goreng Kampung,Food,FOD-03,2,38000,76000,Unknown,Take Away
SUN-8693655,2023-10-30,Cinnamon Roll,Dessert,DST-05,3,28000,84000,Debit Card,Online Order
SUN-7036783,2023-05-05,Caramel Machiato,Drinks,DRK-04,1,38000,38000,Debit Card,Dine In
SUN-1730034,2023-09-05,Iced Americano,Drinks,DRK-02,2,28000,56000,Debit Card,Online Order
SUN-1409831,2023-08-29,Choco Lava Cake,Dessert,DST-04,4,35000,140000,Digital Wallet,Unknown
SUN-9286341,2023-12-11,Espreso Single,Drinks,DRK-01,3,22000,66000,Debit Card,Take Away
SUN-4561978,2023-12-08,Choco Lava Cake,Dessert,DST-04,1,35000,35000,Debit Card,Unknown
SUN-9269462,2023-11-12,Cinnamon Roll,Dessert,DST-05,3,28000,84000,Cash,Unknown
SUN-7618425,2023-02-01,Club Sandwich,Food,FOD-05,4,45000,180000,Cash,Take Away
SUN-9276586,2023-07-24,Club Sandwich,Food,FOD-05,4,45000,180000,Digital Wallet,Take Away
SUN-8597310,2023-06-14,Nasi Goreng Kampung,Food,FOD-03,4,38000,152000,Digital Wallet,Online Order
SUN-1062536,2023-07-18,Classic Tirmaisu,Dessert,DST-01,3,38000,114000,Digital Wallet,Dine In
SUN-9342777,2023-12-12,Fudgy Brownies,Dessert,DST-02,3,25000,75000,Digital Wallet,Dine In
SUN-1898537,2023-09-27,Grill Chicken Caesar Salad,Food,FOD-04,1,42000,42000,Digital Wallet,Online Order
SUN-2902668,2023-01-20,Beef Carbonara Pasta,Food,FOD-02,2,52000,104000,Cash,Dine In
SUN-3929143,2023-12-28,Grill Chicken Caesar Salad,Food,FOD-04,3,42000,126000,Debit Card,Online Order
SUN-5749402,2023-06-16,Espreso Single,Drinks,DRK-01,1,22000,22000,Debit Card,Online Order
SUN-7947908,2023-07-09,Iced Americano,Drinks,DRK-02,2,28000,56000,Cash,Unknown
SUN-5610219,2023-09-30,Creamy Maycha Latte,Drinks,DRK-05,4,35000,140000,Unknown,Unknown
SUN-8476883,2023-03-11,Club Sandwich,Food,FOD-05,2,45000,90000,Debit Card,Online Order
SUN-6899159,2023-06-25,Cafe Latte,Drinks,DRK-03,4,32000,128000,Cash,Take Away
SUN-9731443,2023-07-27,Beef Carbonara Pasta,Food,FOD-02,2,52000,104000,Debit Card,Online Order
SUN-1562505,2023-11-08,Caramel Machiato,Drinks,DRK-04,1,38000,38000,Digital Wallet,Unknown
SUN-5583640,2023-09-18,Buttermilk Fried Chicken,Food,FOD-01,2,48000,96000,Digital Wallet,Online Order
SUN-2474273,2023-05-28,Classic Tirmaisu,Dessert,DST-01,3,38000,114000,Digital Wallet,Take Away
SUN-1795425,2023-01-28,Club Sandwich,Food,FOD-05,2,45000,90000,Debit Card,Online Order
SUN-3942472,2023-04-22,New York Cheesecake,Dessert,DST-03,1,42000,42000,Cash,Dine In
SUN-4046638,2023-12-09,Cafe Latte,Drinks,DRK-03,4,32000,128000,Debit Card,Take Away
SUN-2911378,2023-01-10,Creamy Maycha Latte,Drinks,DRK-05,3,35000,105000,Digital Wallet,Online Order
SUN-4519717,2023-12-29,Nasi Goreng Kampung,Food,FOD-03,1,38000,38000,Digital Wallet,Online Order
SUN-3348054,2023-06-29,Buttermilk Fried Chicken,Food,FOD-01,2,48000,96000,Unknown,Online Order
SUN-7263837,2023-06-11,Classic Tirmaisu,Dessert,DST-01,1,38000,38000,Debit Card,Online Order
SUN-7284407,2023-12-24,Cafe Latte,Drinks,DRK-03,2,32000,64000,Cash,Take Away
SUN-7255209,2023-12-24,Cinnamon Roll,Dessert,DST-05,3,28000,84000,Debit Card,Online Order
SUN-3842265,2023-11-30,Beef Carbonara Pasta,Food,FOD-02,3,52000,156000,Debit Card,Online Order
SUN-3710856,2023-12-13,Espreso Single,Drinks,DRK-01,2,22000,44000,Digital Wallet,Take Away
SUN-2034152,2023-01-01,Classic Tirmaisu,Dessert,DST-01,2,38000,76000,Digital Wallet,Take Away
SUN-1165605,2023-11-16,Creamy Maycha Latte,Drinks,DRK-05,3,35000,105000,Debit Card,Dine In
SUN-7565013,2023-01-12,New York Cheesecake,Dessert,DST-03,1,42000,42000,Debit Card,Dine In
SUN-4943233,2023-02-11,New York Cheesecake,Dessert,DST-03,3,42000,126000,Cash,Take Away
SUN-8229814,2023-01-22,Fudgy Brownies,Dessert,DST-02,1,25000,25000,Debit Card,Unknown
SUN-3378403,2023-08-10,Beef Carbonara Pasta,Food,FOD-02,4,52000,208000,Digital Wallet,Online Order
SUN-5333117,2023-11-10,Cinnamon Roll,Dessert,DST-05,4,28000,112000,Debit Card,Dine In
SUN-8243084,2023-03-09,Grill Chicken Caesar Salad,Food,FOD-04,2,42000,84000,Debit Card,Online Order
SUN-6189360,2023-05-13,Nasi Goreng Kampung,Food,FOD-03,3,38000,114000,Debit Card,Dine In
SUN-7232941,2023-05-20,Caramel Machiato,Drinks,DRK-04,1,38000,38000,Digital Wallet,Unknown
SUN-9807349,2023-04-11,Caramel Machiato,Drinks,DRK-04,2,38000,76000,Debit Card,Take Away
SUN-9075205,2023-06-08,Grill Chicken Caesar Salad,Food,FOD-04,3,42000,126000,Digital Wallet,Online Order
SUN-3501931,2023-09-29,Caramel Machiato,Drinks,DRK-04,2,38000,76000,Digital Wallet,Take Away
SUN-7708934,2023-09-08,New York Cheesecake,Dessert,DST-03,3,42000,126000,Digital Wallet,Online Order
SUN-1939002,2023-05-04,Buttermilk Fried Chicken,Food,FOD-01,3,48000,144000,Digital Wallet,Unknown
SUN-9955597,2023-04-25,Buttermilk Fried Chicken,Food,FOD-01,1,48000,48000,Cash,Dine In
SUN-2165517,2023-05-20,Creamy Maycha Latte,Drinks,DRK-05,1,35000,35000,Cash,Dine In
SUN-9911052,2023-05-04,New York Cheesecake,Dessert,DST-03,4,42000,168000,Debit Card,Online Order
SUN-5582395,2023-09-12,Classic Tirmaisu,Dessert,DST-01,4,38000,152000,Digital Wallet,Take Away
SUN-1700064,2023-12-27,Caramel Machiato,Drinks,DRK-04,2,38000,76000,Debit Card,Dine In
SUN-4068439,2023-11-22,Espreso Single,Drinks,DRK-01,3,22000,66000,Debit Card,Online Order
SUN-5753039,2023-02-14,New York Cheesecake,Dessert,DST-03,2,42000,84000,Unknown,Online Order
SUN-7848871,2023-03-06,Club Sandwich,Food,FOD-05,2,45000,90000,Digital Wallet,Take Away
SUN-8399649,2023-01-16,Buttermilk Fried Chicken,Food,FOD-01,4,48000,192000,Debit Card,Online Order
SUN-8487969,2023-03-16,Cinnamon Roll,Dessert,DST-05,1,28000,28000,Digital Wallet,Online Order
SUN-1482441,2023-09-06,Creamy Maycha Latte,Drinks,DRK-05,3,35000,105000,Cash,Dine In
SUN-9350344,2023-03-14,Club Sandwich,Food,FOD-05,4,45000,180000,Unknown,Dine In
SUN-1920182,2023-08-02,Creamy Maycha Latte,Drinks,DRK-05,4,35000,140000,Debit Card,Online Order
SUN-1219981,2023-12-11,Cafe Latte,Drinks,DRK-03,1,32000,32000,Debit Card,Take Away
SUN-9982152,2023-09-01,Espreso Single,Drinks,DRK-01,3,22000,66000,Debit Card,Unknown
SUN-6078897,2023-07-24,Caramel Machiato,Drinks,DRK-04,4,38000,152000,Digital Wallet,Online Order
SUN-4298863,2023-12-12,Grill Chicken Caesar Salad,Food,FOD-04,4,42000,168000,Debit Card,Unknown
SUN-5513996,,Espreso Single,Drinks,DRK-01,3,22000,66000,Cash,Dine In
SUN-9514084,2023-06-06,Cinnamon Roll,Dessert,DST-05,4,28000,112000,Unknown,Dine In
SUN-4493027,2023-03-11,New York Cheesecake,Dessert,DST-03,3,42000,126000,Digital Wallet,Online Order
SUN-1467811,2023-06-13,Beef Carbonara Pasta,Food,FOD-02,3,52000,156000,Digital Wallet,Online Order
SUN-6631130,2023-11-12,Choco Lava Cake,Dessert,DST-04,2,35000,70000,Debit Card,Unknown
SUN-7893638,2023-11-16,Cinnamon Roll,Dessert,DST-05,3,28000,84000,Cash,Dine In
SUN-9411479,2023-04-19,Choco Lava Cake,Dessert,DST-04,2,35000,70000,Digital Wallet,Unknown
SUN-1805427,2023-12-30,Grill Chicken Caesar Salad,Food,FOD-04,2,42000,84000,Debit Card,Online Order
SUN-3270773,2023-08-15,Espreso Single,Drinks,DRK-01,3,22000,66000,Digital Wallet,Online Order
SUN-7515820,2023-10-04,Cafe Latte,Drinks,DRK-03,3,32000,96000,Digital Wallet,Online Order
SUN-4713975,2023-03-21,Cinnamon Roll,Dessert,DST-05,4,28000,112000,Digital Wallet,Unknown
SUN-4832633,2023-09-20,Cafe Latte,Drinks,DRK-03,3,32000,96000,Unknown,Online Order
SUN-8401488,2023-07-07,Espreso Single,Drinks,DRK-01,1,22000,22000,Debit Card,Unknown
SUN-1829239,2023-01-08,Fudgy Brownies,Dessert,DST-02,2,25000,50000,Debit Card,Online Order
SUN-2836608,2023-10-02,Classic Tirmaisu,Dessert,DST-01,4,38000,152000,Unknown,Online Order
SUN-7901349,2023-01-19,Iced Americano,Drinks,DRK-02,,28000,,Digital Wallet,Online Order
SUN-4405074,2023-03-06,Choco Lava Cake,Dessert,DST-04,2,35000,70000,Digital Wallet,Online Order
SUN-4893648,2023-08-22,Creamy Maycha Latte,Drinks,DRK-05,1,35000,35000,Digital Wallet,Online Order
SUN-4733076,2023-12-18,Creamy Maycha Latte,Drinks,DRK-05,3,35000,105000,Cash,Unknown
SUN-7041891,2023-05-24,Cinnamon Roll,Dessert,DST-05,3,28000,84000,Digital Wallet,Dine In
SUN-2892513,2023-11-06,Caramel Machiato,Drinks,DRK-04,3,38000,114000,Debit Card,Online Order
SUN-8560152,2023-10-02,Classic Tirmaisu,Dessert,DST-01,1,38000,38000,Unknown,Online Order
SUN-8326566,2023-09-14,Iced Americano,Drinks,DRK-02,3,28000,84000,Unknown,Unknown
SUN-4457646,2023-03-11,Caramel Machiato,Drinks,DRK-04,4,38000,152000,Digital Wallet,Unknown
SUN-1662412,2023-10-03,Espreso Single,Drinks,DRK-01,2,22000,44000,Debit Card,Dine In
SUN-8836035,2023-01-31,Iced Americano,Drinks,DRK-02,2,28000,56000,Cash,Dine In
SUN-3482837,2023-04-14,Club Sandwich,Food,FOD-05,3,45000,135000,Debit Card,Take Away
SUN-4237843,2023-10-09,Grill Chicken Caesar Salad,Food,FOD-04,3,42000,126000,Debit Card,Online Order
SUN-3023653,2023-02-03,Club Sandwich,Food,FOD-05,2,45000,90000,Unknown,Take Away
SUN-1428262,2023-10-15,Grill Chicken Caesar Salad,Food,FOD-04,2,42000,84000,Debit Card,Unknown
SUN-3406992,2023-04-29,Fudgy Brownies,Dessert,DST-02,2,25000,50000,Debit Card,Unknown
SUN-6232236,2023-07-02,Fudgy Brownies,Dessert,DST-02,2,25000,50000,Cash,Dine In
SUN-1185264,2023-02-18,Iced Americano,Drinks,DRK-02,3,28000,84000,Unknown,Take Away
SUN-6149824,2023-03-10,Creamy Maycha Latte,Drinks,DRK-05,2,35000,70000,Cash,Dine In
SUN-9035226,2023-05-03,Grill Chicken Caesar Salad,Food,FOD-04,4,42000,168000,Digital Wallet,Take Away
SUN-2931907,2023-12-06,Classic Tirmaisu,Dessert,DST-01,1,38000,38000,Debit Card,Dine In
SUN-1494182,2023-10-08,Club Sandwich,Food,FOD-05,1,45000,45000,Cash,Take Away
SUN-1341359,2023-01-06,Nasi Goreng Kampung,Food,FOD-03,4,38000,152000,Unknown,Dine In
SUN-4543906,2023-03-04,Caramel Machiato,Drinks,DRK-04,1,38000,38000,Digital Wallet,Take Away
SUN-1528960,2023-09-03,New York Cheesecake,Dessert,DST-03,4,42000,168000,Digital Wallet,Online Order
SUN-5468550,2023-01-28,Espreso Single,Drinks,DRK-01,2,22000,44000,Debit Card,Online Order
SUN-3210994,,New York Cheesecake,Dessert,DST-03,4,42000,168000,Debit Card,Online Order
SUN-2077513,2023-10-22,Fudgy Brownies,Dessert,DST-02,2,25000,50000,Digital Wallet,Dine In
SUN-5270658,2023-01-13,Buttermilk Fried Chicken,Food,FOD-01,2,48000,96000,Cash,Take Away
SUN-5615016,2023-12-07,Grill Chicken Caesar Salad,Food,FOD-04,3,42000,126000,Cash,Dine In
SUN-1733208,2023-11-22,Nasi Goreng Kampung,Food,FOD-03,3,38000,114000,Debit Card,Dine In
SUN-6279898,2023-05-30,Espreso Single,Drinks,DRK-01,2,22000,44000,Debit Card,Take Away
SUN-9035520,2023-08-04,Nasi Goreng Kampung,Food,FOD-03,2,38000,76000,Unknown,Take Away
SUN-2002084,2023-03-20,Caramel Machiato,Drinks,DRK-04,3,38000,114000,Digital Wallet,Dine In
SUN-8415217,2023-10-23,Espreso Single,Drinks,DRK-01,4,22000,88000,Digital Wallet,Dine In
SUN-6565949,2023-11-20,Beef Carbonara Pasta,Food,FOD-02,2,52000,104000,Debit Card,Take Away
SUN-6110914,2023-09-14,Buttermilk Fried Chicken,Food,FOD-01,,48000,,Digital Wallet,Take Away
SUN-4939044,2023-01-21,Grill Chicken Caesar Salad,Food,FOD-04,1,42000,42000,Digital Wallet,Online Order
SUN-3414680,2023-09-30,Choco Lava Cake,Dessert,DST-04,1,35000,35000,Unknown,Take Away
SUN-9837768,2023-05-07,Cinnamon Roll,Dessert,DST-05,2,28000,56000,Debit Card,Online Order
SUN-7504741,2023-05-23,New York Cheesecake,Dessert,DST-03,2,42000,84000,Digital Wallet,Take Away
SUN-3316307,2023-10-21,Club Sandwich,Food,FOD-05,4,45000,180000,Unknown,Unknown
SUN-4892522,,Cafe Latte,Drinks,DRK-03,1,32000,32000,Digital Wallet,Unknown
SUN-9357898,2023-09-24,Cafe Latte,Drinks,DRK-03,2,32000,64000,Digital Wallet,Online Order
SUN-8713869,2023-03-09,Fudgy Brownies,Dessert,DST-02,2,25000,50000,Digital Wallet,Dine In
SUN-7256021,2023-10-06,Creamy Maycha Latte,Drinks,DRK-05,3,35000,105000,Digital Wallet,Online Order
SUN-1373395,2023-04-28,Caramel Machiato,Drinks,DRK-04,3,38000,114000,Cash,Dine In
SUN-2174794,2023-06-25,Cafe Latte,Drinks,DRK-03,2,32000,64000,Debit Card,Take Away
SUN-9138762,2023-10-24,Nasi Goreng Kampung,Food,FOD-03,3,38000,114000,Debit Card,Online Order
SUN-9532410,2023-09-14,Classic Tirmaisu,Dessert,DST-01,1,38000,38000,Debit Card,Online Order
SUN-8896131,2023-11-15,Fudgy Brownies,Dessert,DST-02,2,25000,50000,Cash,Take Away
SUN-4454935,2023-04-22,Cafe Latte,Drinks,DRK-03,4,32000,128000,Cash,Dine In
SUN-2257411,2023-09-05,Espreso Single,Drinks,DRK-01,2,22000,44000,Unknown,Online Order
SUN-1595014,2023-11-12,Cinnamon Roll,Dessert,DST-05,3,28000,84000,Cash,Take Away
SUN-6839396,2023-05-03,Club Sandwich,Food,FOD-05,4,45000,180000,Digital Wallet,Dine In
SUN-4805755,2023-10-15,New York Cheesecake,Dessert,DST-03,1,42000,42000,Debit Card,Dine In
SUN-1665613,2023-01-11,Classic Tirmaisu,Dessert,DST-01,2,38000,76000,Debit Card,Online Order
SUN-2190907,2023-12-10,Club Sandwich,Food,FOD-05,4,45000,180000,Cash,Take Away
SUN-3565421,2023-09-08,Caramel Machiato,Drinks,DRK-04,4,38000,152000,Digital Wallet,Unknown
SUN-4214796,2023-10-07,Beef Carbonara Pasta,Food,FOD-02,4,52000,208000,Digital Wallet,Unknown
SUN-6108019,2023-09-25,Grill Chicken Caesar Salad,Food,FOD-04,3,42000,126000,Digital Wallet,Online Order
SUN-4941299,2023-09-23,Cinnamon Roll,Dessert,DST-05,1,28000,28000,Unknown,Online Order
SUN-9580654,2023-05-03,Caramel Machiato,Drinks,DRK-04,2,38000,76000,Debit Card,Take Away
SUN-9427894,2023-03-11,Caramel Machiato,Drinks,DRK-04,3,38000,114000,Unknown,Dine In
SUN-6493668,2023-05-21,Cinnamon Roll,Dessert,DST-05,3,28000,84000,Cash,Take Away
SUN-4943091,2023-07-27,New York Cheesecake,Dessert,DST-03,4,42000,168000,Digital Wallet,Online Order
SUN-5289066,2023-05-09,Espreso Single,Drinks,DRK-01,1,22000,22000,Digital Wallet,Dine In
SUN-6597758,2023-01-28,Classic Tirmaisu,Dessert,DST-01,2,38000,76000,Unknown,Dine In
SUN-7467802,2023-03-09,Grill Chicken Caesar Salad,Food,FOD-04,1,42000,42000,Cash,Dine In
SUN-5242096,2023-12-01,Espreso Single,Drinks,DRK-01,2,22000,44000,Unknown,Take Away
SUN-1514377,2023-12-19,Classic Tirmaisu,Dessert,DST-01,3,38000,114000,Cash,Dine In
SUN-1234667,2023-10-19,Buttermilk Fried Chicken,Food,FOD-01,4,48000,192000,Cash,Dine In
SUN-4796959,2023-04-18,Cinnamon Roll,Dessert,DST-05,3,28000,84000,Unknown,Take Away
SUN-1440063,2023-07-15,Caramel Machiato,Drinks,DRK-04,3,38000,114000,Digital Wallet,Take Away
SUN-5797790,2023-01-26,Fudgy Brownies,Dessert,DST-02,2,25000,50000,Digital Wallet,Dine In
SUN-8469013,2023-10-31,Beef Carbonara Pasta,Food,FOD-02,4,52000,208000,Cash,Dine In
SUN-8750685,2023-07-11,Grill Chicken Caesar Salad,Food,FOD-04,4,42000,168000,Unknown,Dine In
SUN-8141744,2023-11-14,Cinnamon Roll,Dessert,DST-05,4,28000,112000,Digital Wallet,Online Order
SUN-4762349,2023-03-26,Grill Chicken Caesar Salad,Food,FOD-04,1,42000,42000,Unknown,Online Order
SUN-9212970,2023-05-11,Choco Lava Cake,Dessert,DST-04,4,35000,140000,Digital Wallet,Take Away
SUN-5091978,2023-08-23,Nasi Goreng Kampung,Food,FOD-03,2,38000,76000,Unknown,Online Order
SUN-6729196,2023-09-03,Espreso Single,Drinks,DRK-01,3,22000,66000,Digital Wallet,Dine In
SUN-3683875,2023-03-05,Iced Americano,Drinks,DRK-02,2,28000,56000,Digital Wallet,Take Away
SUN-3432301,2023-02-18,Classic Tirmaisu,Dessert,DST-01,2,38000,76000,Cash,Take Away
SUN-1533857,2023-08-08,Creamy Maycha Latte,Drinks,DRK-05,2,35000,70000,Cash,Take Away
SUN-3920681,2023-01-19,Classic Tirmaisu,Dessert,DST-01,4,38000,152000,Debit Card,Online Order
SUN-6283830,2023-10-16,Iced Americano,Drinks,DRK-02,4,28000,112000,Debit Card,Online Order
SUN-9337244,2023-10-10,Buttermilk Fried Chicken,Food,FOD-01,1,48000,48000,Digital Wallet,Online Order
SUN-9181273,2023-04-23,Choco Lava Cake,Dessert,DST-04,4,35000,140000,Debit Card,Dine In
SUN-3564584,2023-03-21,Iced Americano,Drinks,DRK-02,1,28000,28000,Digital Wallet,Take Away
SUN-8184274,2023-01-31,Espreso Single,Drinks,DRK-01,4,22000,88000,Cash,Dine In
SUN-9975662,2023-05-28,Creamy Maycha Latte,Drinks,DRK-05,4,35000,140000,Unknown,Online Order
SUN-4833913,2023-11-06,Choco Lava Cake,Dessert,DST-04,1,35000,35000,Debit Card,Take Away
SUN-7964976,2023-06-28,Choco Lava Cake,Dessert,DST-04,1,35000,35000,Digital Wallet,Online Order
SUN-5887261,2023-02-07,Buttermilk Fried Chicken,Food,FOD-01,2,48000,96000,Unknown,Unknown
SUN-7706146,2023-12-11,Club Sandwich,Food,FOD-05,4,45000,180000,Cash,Take Away
SUN-2658491,2023-01-27,Iced Americano,Drinks,DRK-02,2,28000,56000,Cash,Dine In
SUN-2946146,2023-10-11,Cinnamon Roll,Dessert,DST-05,1,28000,28000,Debit Card,Online Order
SUN-6682652,2023-10-28,Classic Tirmaisu,Dessert,DST-01,3,38000,114000,Debit Card,Online Order
SUN-3059743,2023-07-20,Cinnamon Roll,Dessert,DST-05,1,28000,28000,Unknown,Online Order
SUN-4439603,2023-01-24,Buttermilk Fried Chicken,Food,FOD-01,2,48000,96000,Unknown,Dine In
SUN-1673994,2023-10-23,Club Sandwich,Food,FOD-05,1,45000,45000,Cash,Take Away
SUN-4535325,2023-02-09,Nasi Goreng Kampung,Food,FOD-03,2,38000,76000,Unknown,Dine In
SUN-9624369,2023-04-01,Club Sandwich,Food,FOD-05,4,45000,180000,Debit Card,Dine In
SUN-4804284,2023-12-25,Cinnamon Roll,Dessert,DST-05,1,28000,28000,Digital Wallet,Online Order
SUN-2980917,2023-02-01,Espreso Single,Drinks,DRK-01,4,22000,88000,Digital Wallet,Dine In
SUN-7802380,2023-02-13,New York Cheesecake,Dessert,DST-03,2,42000,84000,Digital Wallet,Online Order
SUN-7357485,2023-04-04,Nasi Goreng Kampung,Food,FOD-03,1,38000,38000,Debit Card,Unknown
SUN-2970414,2023-09-03,Iced Americano,Drinks,DRK-02,4,28000,112000,Cash,Take Away
SUN-7454703,2023-08-06,Grill Chicken Caesar Salad,Food,FOD-04,3,42000,126000,Digital Wallet,Online Order
SUN-6983462,2023-03-23,Grill Chicken Caesar Salad,Food,FOD-04,2,42000,84000,Cash,Take Away
SUN-1790071,2023-05-03,Club Sandwich,Food,FOD-05,1,45000,45000,Debit Card,Take Away
SUN-4059994,2023-12-06,Creamy Maycha Latte,Drinks,DRK-05,3,35000,105000,Debit Card,Online Order
SUN-1078203,2023-12-27,Caramel Machiato,Drinks,DRK-04,4,38000,152000,Debit Card,Online Order
SUN-9112035,2023-12-30,Cinnamon Roll,Dessert,DST-05,1,28000,28000,Digital Wallet,Unknown
SUN-4886810,2023-07-21,Nasi Goreng Kampung,Food,FOD-03,1,38000,38000,Unknown,Dine In
SUN-6133548,2023-09-14,Beef Carbonara Pasta,Food,FOD-02,2,52000,104000,Digital Wallet,Take Away
SUN-8122656,2023-07-27,Grill Chicken Caesar Salad,Food,FOD-04,2,42000,84000,Cash,Dine In
SUN-4645122,2023-08-02,Espreso Single,Drinks,DRK-01,2,22000,44000,Digital Wallet,Unknown
SUN-6236033,2023-09-28,Grill Chicken Caesar Salad,Food,FOD-04,,42000,,Digital Wallet,Unknown
SUN-9003093,2023-08-11,Iced Americano,Drinks,DRK-02,2,28000,56000,Unknown,Dine In
SUN-2841383,2023-07-07,Fudgy Brownies,Dessert,DST-02,4,25000,100000,Unknown,Dine In
SUN-9747139,2023-05-06,Club Sandwich,Food,FOD-05,4,45000,180000,Digital Wallet,Take Away
SUN-6614628,2023-03-05,Cinnamon Roll,Dessert,DST-05,1,28000,28000,Debit Card,Take Away
SUN-6613094,2023-11-25,Iced Americano,Drinks,DRK-02,1,28000,28000,Unknown,Take Away
SUN-6958051,2023-03-15,Choco Lava Cake,Dessert,DST-04,3,35000,105000,Digital Wallet,Online Order
SUN-5608668,2023-08-22,Nasi Goreng Kampung,Food,FOD-03,1,38000,38000,Cash,Dine In
SUN-5271573,2023-06-15,Iced Americano,Drinks,DRK-02,4,28000,112000,Debit Card,Take Away
SUN-3817352,2023-04-26,Classic Tirmaisu,Dessert,DST-01,1,38000,38000,Cash,Take Away
SUN-7099859,2023-04-03,Beef Carbonara Pasta,Food,FOD-02,2,52000,104000,Digital Wallet,Unknown
SUN-7130239,2023-08-30,Iced Americano,Drinks,DRK-02,3,28000,84000,Unknown,Online Order
SUN-1812305,2023-03-17,Grill Chicken Caesar Salad,Food,FOD-04,3,42000,126000,Digital Wallet,Online Order
SUN-7377609,2023-02-15,Beef Carbonara Pasta,Food,FOD-02,2,52000,104000,Debit Card,Unknown
SUN-5977958,2023-05-15,Classic Tirmaisu,Dessert,DST-01,3,38000,114000,Unknown,Online Order
SUN-7472376,2023-09-26,Iced Americano,Drinks,DRK-02,3,28000,84000,Unknown,Unknown
SUN-8117903,2023-10-20,Espreso Single,Drinks,DRK-01,3,22000,66000,Digital Wallet,Dine In
SUN-8084339,2023-06-05,Club Sandwich,Food,FOD-05,1,45000,45000,Cash,Dine In
SUN-7468276,2023-11-12,Classic Tirmaisu,Dessert,DST-01,2,38000,76000,Unknown,Dine In
SUN-1395476,2023-02-13,Cafe Latte,Drinks,DRK-03,4,32000,128000,Cash,Unknown
SUN-3646356,2023-04-07,Choco Lava Cake,Dessert,DST-04,2,35000,70000,Digital Wallet,Dine In
SUN-8885579,2023-02-09,Iced Americano,Drinks,DRK-02,4,28000,112000,Digital Wallet,Take Away
SUN-7394558,2023-03-14,Grill Chicken Caesar Salad,Food,FOD-04,1,42000,42000,Debit Card,Online Order
SUN-5470730,2023-11-12,Beef Carbonara Pasta,Food,FOD-02,4,52000,208000,Debit Card,Take Away
SUN-5061382,2023-01-14,Fudgy Brownies,Dessert,DST-02,2,25000,50000,Debit Card,Online Order
SUN-4626069,2023-01-25,Grill Chicken Caesar Salad,Food,FOD-04,2,42000,84000,Digital Wallet,Online Order
SUN-6472655,2023-01-04,Espreso Single,Drinks,DRK-01,,22000,,Debit Card,Take Away
SUN-1416322,2023-12-17,Club Sandwich,Food,FOD-05,1,45000,45000,Digital Wallet,Online Order
SUN-9129461,2023-05-14,Fudgy Brownies,Dessert,DST-02,1,25000,25000,Digital Wallet,Online Order
SUN-8266460,2023-07-20,Cinnamon Roll,Dessert,DST-05,3,28000,84000,Unknown,Dine In
SUN-7323638,2023-03-12,Cinnamon Roll,Dessert,DST-05,3,28000,84000,Digital Wallet,Dine In
SUN-7825469,2023-05-17,Caramel Machiato,Drinks,DRK-04,2,38000,76000,Cash,Dine In
SUN-9927909,2023-07-03,Cafe Latte,Drinks,DRK-03,2,32000,64000,Digital Wallet,Unknown
SUN-9043567,2023-05-17,Club Sandwich,Food,FOD-05,1,45000,45000,Debit Card,Dine In
SUN-3711684,2023-02-17,Nasi Goreng Kampung,Food,FOD-03,4,38000,152000,Debit Card,Dine In
SUN-8748502,2023-03-11,Beef Carbonara Pasta,Food,FOD-02,1,52000,52000,Debit Card,Online Order
SUN-1356783,2023-08-17,Grill Chicken Caesar Salad,Food,FOD-04,3,42000,126000,Cash,Take Away
SUN-4867901,2023-01-10,Cafe Latte,Drinks,DRK-03,4,32000,128000,Debit Card,Dine In
SUN-1411051,2023-07-23,Fudgy Brownies,Dessert,DST-02,4,25000,100000,Digital Wallet,Take Away
SUN-3358621,2023-05-27,Beef Carbonara Pasta,Food,FOD-02,3,52000,156000,Cash,Take Away
SUN-5551691,2023-11-30,Caramel Machiato,Drinks,DRK-04,3,38000,114000,Digital Wallet,Online Order
SUN-8275875,2023-06-25,Cinnamon Roll,Dessert,DST-05,2,28000,56000,Cash,Dine In
SUN-5393529,2023-10-23,Creamy Maycha Latte,Drinks,DRK-05,2,35000,70000,Digital Wallet,Take Away
SUN-1612221,2023-02-23,Creamy Maycha Latte,Drinks,DRK-05,2,35000,70000,Digital Wallet,Online Order
SUN-8878815,2023-02-14,Beef Carbonara Pasta,Food,FOD-02,2,52000,104000,Debit Card,Online Order
SUN-4875026,2023-10-11,Nasi Goreng Kampung,Food,FOD-03,3,38000,114000,Unknown,Dine In
SUN-9169939,2023-07-19,Grill Chicken Caesar Salad,Food,FOD-04,1,42000,42000,Digital Wallet,Take Away
SUN-7540364,2023-03-31,Classic Tirmaisu,Dessert,DST-01,4,38000,152000,Debit Card,Dine In
SUN-9038261,2023-05-14,Classic Tirmaisu,Dessert,DST-01,3,38000,114000,Debit Card,Take Away
SUN-7651955,2023-12-09,Creamy Maycha Latte,Drinks,DRK-05,2,35000,70000,Unknown,Dine In
SUN-7790703,2023-01-16,Iced Americano,Drinks,DRK-02,2,28000,56000,Cash,Dine In
SUN-4145064,2023-04-26,Fudgy Brownies,Dessert,DST-02,2,25000,50000,Debit Card,Online Order
SUN-2389631,2023-07-20,Iced Americano,Drinks,DRK-02,1,28000,28000,Digital Wallet,Unknown
SUN-2062716,2023-06-28,Classic Tirmaisu,Dessert,DST-01,1,38000,38000,Debit Card,Online Order
SUN-3024148,2023-12-23,Cafe Latte,Drinks,DRK-03,1,32000,32000,Digital Wallet,Dine In
SUN-9533926,2023-05-28,Espreso Single,Drinks,DRK-01,1,22000,22000,Debit Card,Take Away
SUN-9673640,2023-02-23,New York Cheesecake,Dessert,DST-03,4,42000,168000,Debit Card,Take Away
SUN-3781344,2023-02-12,Fudgy Brownies,Dessert,DST-02,4,25000,100000,Cash,Dine In
SUN-1014219,2023-01-02,Caramel Machiato,Drinks,DRK-04,1,38000,38000,Debit Card,Take Away
SUN-8180343,2023-02-09,Cafe Latte,Drinks,DRK-03,1,32000,32000,Unknown,Take Away
SUN-4762808,2023-03-14,Buttermilk Fried Chicken,Food,FOD-01,1,48000,48000,Digital Wallet,Online Order
SUN-7968303,2023-03-15,Espreso Single,Drinks,DRK-01,1,22000,22000,Unknown,Dine In
SUN-5045510,2023-06-06,Creamy Maycha Latte,Drinks,DRK-05,,35000,,Digital Wallet,Take Away
SUN-6141066,2023-06-22,Creamy Maycha Latte,Drinks,DRK-05,3,35000,105000,Cash,Take Away
SUN-9124737,2023-04-07,Fudgy Brownies,Dessert,DST-02,4,25000,100000,Debit Card,Online Order
SUN-2721497,2023-08-10,Cinnamon Roll,Dessert,DST-05,1,28000,28000,Digital Wallet,Take Away
SUN-6785453,2023-09-11,Cafe Latte,Drinks,DRK-03,4,32000,128000,Digital Wallet,Online Order
SUN-4776685,2023-12-14,Classic Tirmaisu,Dessert,DST-01,,38000,,Digital Wallet,Dine In
SUN-7303378,2023-04-08,Nasi Goreng Kampung,Food,FOD-03,2,38000,76000,Debit Card,Dine In
SUN-4304230,2023-10-04,Classic Tirmaisu,Dessert,DST-01,1,38000,38000,Debit Card,Online Order
SUN-3116452,2023-11-11,Beef Carbonara Pasta,Food,FOD-02,2,52000,104000,Debit Card,Take Away
SUN-8511265,2023-04-24,Cafe Latte,Drinks,DRK-03,4,32000,128000,Cash,Unknown
SUN-9006217,2023-02-16,Club Sandwich,Food,FOD-05,1,45000,45000,Unknown,Unknown
SUN-5551561,2023-05-02,Espreso Single,Drinks,DRK-01,4,22000,88000,Digital Wallet,Online Order
SUN-5887349,2023-02-26,Beef Carbonara Pasta,Food,FOD-02,4,52000,208000,Cash,Take Away
SUN-5992281,2023-10-29,Cafe Latte,Drinks,DRK-03,3,32000,96000,Debit Card,Online Order
SUN-1983938,2023-12-20,Creamy Maycha Latte,Drinks,DRK-05,3,35000,105000,Digital Wallet,Online Order
SUN-7543005,2023-11-30,Beef Carbonara Pasta,Food,FOD-02,3,52000,156000,Debit Card,Take Away
SUN-6166610,2023-01-27,New York Cheesecake,Dessert,DST-03,2,42000,84000,Debit Card,Online Order
SUN-7701713,2023-10-02,Creamy Maycha Latte,Drinks,DRK-05,,35000,,Debit Card,Take Away
SUN-8089634,2023-10-03,Caramel Machiato,Drinks,DRK-04,3,38000,114000,Unknown,Online Order
SUN-3012465,2023-10-13,Cafe Latte,Drinks,DRK-03,3,32000,96000,Digital Wallet,Dine In
SUN-6141677,2023-01-31,New York Cheesecake,Dessert,DST-03,4,42000,168000,Unknown,Take Away
SUN-8945127,2023-07-02,Club Sandwich,Food,FOD-05,2,45000,90000,Debit Card,Dine In
SUN-6975760,2023-02-27,Cafe Latte,Drinks,DRK-03,1,32000,32000,Cash,Dine In
SUN-1749017,2023-01-20,Caramel Machiato,Drinks,DRK-04,1,38000,38000,Debit Card,Take Away
SUN-4634753,2023-08-17,Iced Americano,Drinks,DRK-02,3,28000,84000,Debit Card,Take Away
SUN-3483851,2023-12-30,Choco Lava Cake,Dessert,DST-04,2,35000,70000,Unknown,Take Away
SUN-9063813,2023-10-29,Club Sandwich,Food,FOD-05,4,45000,180000,Digital Wallet,Online Order
SUN-6115919,2023-02-23,Iced Americano,Drinks,DRK-02,1,28000,28000,Digital Wallet,Online Order
SUN-6350977,2023-08-14,Caramel Machiato,Drinks,DRK-04,3,38000,114000,Cash,Unknown
SUN-1004913,2023-04-22,Choco Lava Cake,Dessert,DST-04,4,35000,140000,Digital Wallet,Online Order
SUN-9836228,2023-12-30,Creamy Maycha Latte,Drinks,DRK-05,1,35000,35000,Unknown,Online Order
SUN-4530235,2023-01-22,Caramel Machiato,Drinks,DRK-04,2,38000,76000,Debit Card,Dine In
SUN-7451019,2023-12-26,Nasi Goreng Kampung,Food,FOD-03,3,38000,114000,Debit Card,Take Away
SUN-2538650,2023-03-05,Beef Carbonara Pasta,Food,FOD-02,4,52000,208000,Cash,Take Away
SUN-9214072,2023-02-24,Cafe Latte,Drinks,DRK-03,3,32000,96000,Digital Wallet,Take Away
SUN-8505421,2023-08-01,Espreso Single,Drinks,DRK-01,2,22000,44000,Debit Card,Online Order
SUN-8297139,2023-06-20,Choco Lava Cake,Dessert,DST-04,1,35000,35000,Digital Wallet,Dine In
SUN-8409563,2023-01-28,Choco Lava Cake,Dessert,DST-04,2,35000,70000,Debit Card,Dine In
SUN-7601587,,Fudgy Brownies,Dessert,DST-02,1,25000,25000,Digital Wallet,Unknown
SUN-6292289,2023-06-25,Beef Carbonara Pasta,Food,FOD-02,1,52000,52000,Unknown,Unknown
SUN-9679832,2023-03-10,Cafe Latte,Drinks,DRK-03,2,32000,64000,Digital Wallet,Dine In
SUN-9638726,2023-10-15,Espreso Single,Drinks,DRK-01,3,22000,66000,Digital Wallet,Take Away
SUN-8686802,2023-08-29,Iced Americano,Drinks,DRK-02,1,28000,28000,Debit Card,Online Order
SUN-7254575,2023-12-02,Beef Carbonara Pasta,Food,FOD-02,2,52000,104000,Unknown,Take Away
SUN-3214514,2023-11-14,Choco Lava Cake,Dessert,DST-04,4,35000,140000,Unknown,Take Away
SUN-7890447,2023-03-03,Creamy Maycha Latte,Drinks,DRK-05,4,35000,140000,Digital Wallet,Online Order
SUN-6639266,2023-09-27,Cafe Latte,Drinks,DRK-03,1,32000,32000,Debit Card,Take Away
SUN-9646904,2023-10-14,Classic Tirmaisu,Dessert,DST-01,1,38000,38000,Debit Card,Online Order
SUN-8860293,2023-10-15,Iced Americano,Drinks,DRK-02,2,28000,56000,Debit Card,Unknown
SUN-7603677,2023-10-05,Creamy Maycha Latte,Drinks,DRK-05,4,35000,140000,Debit Card,Dine In
SUN-3260513,2023-04-06,Choco Lava Cake,Dessert,DST-04,2,35000,70000,Debit Card,Take Away
SUN-5276110,2023-09-19,Fudgy Brownies,Dessert,DST-02,2,25000,50000,Digital Wallet,Dine In
SUN-4998263,2023-07-26,Grill Chicken Caesar Salad,Food,FOD-04,,42000,,Cash,Dine In
SUN-5104105,2023-07-03,Grill Chicken Caesar Salad,Food,FOD-04,4,42000,168000,Digital Wallet,Online Order
SUN-2758452,2023-03-06,Buttermilk Fried Chicken,Food,FOD-01,4,48000,192000,Cash,Take Away
SUN-5738224,2023-07-30,Nasi Goreng Kampung,Food,FOD-03,4,38000,152000,Unknown,Dine In
SUN-2966051,2023-10-06,Cinnamon Roll,Dessert,DST-05,4,28000,112000,Debit Card,Online Order
SUN-2271251,2023-01-15,Choco Lava Cake,Dessert,DST-04,2,35000,70000,Debit Card,Dine In
SUN-1863332,2023-12-06,Iced Americano,Drinks,DRK-02,1,28000,28000,Debit Card,Online Order
SUN-4336259,2023-08-26,New York Cheesecake,Dessert,DST-03,2,42000,84000,Digital Wallet,Take Away
SUN-9534724,2023-07-01,Choco Lava Cake,Dessert,DST-04,4,35000,140000,Unknown,Dine In
SUN-5613706,2023-05-02,New York Cheesecake,Dessert,DST-03,2,42000,84000,Debit Card,Online Order
SUN-2910740,2023-07-09,Iced Americano,Drinks,DRK-02,3,28000,84000,Cash,Dine In
SUN-5037498,2023-10-21,Cafe Latte,Drinks,DRK-03,3,32000,96000,Digital Wallet,Dine In
SUN-7842733,2023-09-27,Espreso Single,Drinks,DRK-01,4,22000,88000,Digital Wallet,Online Order
SUN-6413027,2023-03-15,Caramel Machiato,Drinks,DRK-04,3,38000,114000,Unknown,Online Order
SUN-5454020,2023-11-23,Iced Americano,Drinks,DRK-02,3,28000,84000,Debit Card,Take Away
SUN-3610469,2023-06-20,Fudgy Brownies,Dessert,DST-02,2,25000,50000,Debit Card,Unknown
SUN-6424739,2023-02-03,Iced Americano,Drinks,DRK-02,1,28000,28000,Unknown,Unknown
SUN-1189285,2023-12-11,Classic Tirmaisu,Dessert,DST-01,4,38000,152000,Cash,Dine In
SUN-9952834,2023-10-03,Nasi Goreng Kampung,Food,FOD-03,1,38000,38000,Debit Card,Online Order
SUN-4626820,2023-09-06,Classic Tirmaisu,Dessert,DST-01,2,38000,76000,Cash,Take Away
SUN-3529266,2023-11-23,Cinnamon Roll,Dessert,DST-05,4,28000,112000,Digital Wallet,Online Order
SUN-9554530,2023-02-15,New York Cheesecake,Dessert,DST-03,3,42000,126000,Debit Card,Online Order
SUN-7318840,2023-03-18,Espreso Single,Drinks,DRK-01,1,22000,22000,Debit Card,Online Order
SUN-4200241,2023-05-26,Grill Chicken Caesar Salad,Food,FOD-04,3,42000,126000,Debit Card,Online Order
SUN-4230629,2023-04-18,Nasi Goreng Kampung,Food,FOD-03,1,38000,38000,Digital Wallet,Online Order
SUN-8338362,2023-06-03,New York Cheesecake,Dessert,DST-03,2,42000,84000,Digital Wallet,Online Order
SUN-9313241,2023-06-21,Classic Tirmaisu,Dessert,DST-01,3,38000,114000,Debit Card,Online Order
SUN-2768468,2023-01-30,Classic Tirmaisu,Dessert,DST-01,3,38000,114000,Cash,Dine In
SUN-3511344,2023-08-06,Choco Lava Cake,Dessert,DST-04,4,35000,140000,Unknown,Online Order
SUN-2171355,2023-08-18,Buttermilk Fried Chicken,Food,FOD-01,3,48000,144000,Unknown,Dine In
SUN-2181618,2023-06-17,Grill Chicken Caesar Salad,Food,FOD-04,1,42000,42000,Debit Card,Dine In
SUN-6561186,2023-09-29,Classic Tirmaisu,Dessert,DST-01,2,38000,76000,Debit Card,Dine In
SUN-8912958,2023-07-29,New York Cheesecake,Dessert,DST-03,3,42000,126000,Debit Card,Online Order
SUN-3961457,2023-10-19,Espreso Single,Drinks,DRK-01,1,22000,22000,Cash,Take Away
SUN-1561427,2023-05-22,Creamy Maycha Latte,Drinks,DRK-05,4,35000,140000,Cash,Dine In
SUN-8805263,2023-12-05,Beef Carbonara Pasta,Food,FOD-02,2,52000,104000,Digital Wallet,Online Order
SUN-8757757,2023-06-03,Iced Americano,Drinks,DRK-02,3,28000,84000,Debit Card,Unknown
SUN-4479012,2023-08-27,Caramel Machiato,Drinks,DRK-04,1,38000,38000,Unknown,Take Away
SUN-8609919,2023-04-24,Fudgy Brownies,Dessert,DST-02,3,25000,75000,Debit Card,Online Order
SUN-4022332,2023-10-22,Cafe Latte,Drinks,DRK-03,3,32000,96000,Unknown,Take Away
SUN-3024102,2023-08-27,Cinnamon Roll,Dessert,DST-05,3,28000,84000,Debit Card,Take Away
SUN-5987844,2023-07-12,Creamy Maycha Latte,Drinks,DRK-05,3,35000,105000,Debit Card,Online Order
SUN-2636624,2023-12-09,Grill Chicken Caesar Salad,Food,FOD-04,1,42000,42000,Debit Card,Dine In
SUN-7589464,2023-02-09,Cafe Latte,Drinks,DRK-03,4,32000,128000,Digital Wallet,Online Order
SUN-3108502,2023-12-26,Beef Carbonara Pasta,Food,FOD-02,2,52000,104000,Debit Card,Online Order
SUN-6360707,2023-07-16,Beef Carbonara Pasta,Food,FOD-02,3,52000,156000,Cash,Unknown
SUN-5439836,2023-05-20,Caramel Machiato,Drinks,DRK-04,4,38000,152000,Digital Wallet,Dine In
SUN-3863943,2023-04-18,Choco Lava Cake,Dessert,DST-04,3,35000,105000,Debit Card,Unknown
SUN-3411696,2023-01-17,Cafe Latte,Drinks,DRK-03,2,32000,64000,Digital Wallet,Dine In
SUN-8947780,2023-05-22,Espreso Single,Drinks,DRK-01,2,22000,44000,Debit Card,Online Order
SUN-3486289,2023-08-20,New York Cheesecake,Dessert,DST-03,1,42000,42000,Digital Wallet,Dine In
SUN-8702368,2023-10-30,Creamy Maycha Latte,Drinks,DRK-05,1,35000,35000,Unknown,Dine In
SUN-1561351,2023-12-15,Espreso Single,Drinks,DRK-01,4,22000,88000,Digital Wallet,Online Order
SUN-4134990,2023-01-23,New York Cheesecake,Dessert,DST-03,3,42000,126000,Unknown,Take Away
SUN-3922780,2023-12-14,Caramel Machiato,Drinks,DRK-04,1,38000,38000,Debit Card,Dine In
SUN-1621070,2023-01-22,New York Cheesecake,Dessert,DST-03,3,42000,126000,Digital Wallet,Dine In
SUN-6278546,2023-09-08,Caramel Machiato,Drinks,DRK-04,2,38000,76000,Digital Wallet,Dine In
SUN-6486787,2023-11-26,Cinnamon Roll,Dessert,DST-05,1,28000,28000,Digital Wallet,Online Order
SUN-9362233,2023-05-17,Iced Americano,Drinks,DRK-02,1,28000,28000,Digital Wallet,Dine In
SUN-3569803,2023-02-09,New York Cheesecake,Dessert,DST-03,3,42000,126000,Unknown,Take Away
SUN-8771508,2023-01-31,Caramel Machiato,Drinks,DRK-04,4,38000,152000,Digital Wallet,Unknown
SUN-1448783,2023-07-23,Beef Carbonara Pasta,Food,FOD-02,2,52000,104000,Unknown,Unknown
SUN-1632372,2023-06-18,Cinnamon Roll,Dessert,DST-05,2,28000,56000,Digital Wallet,Take Away
SUN-3992453,2023-01-09,Cafe Latte,Drinks,DRK-03,1,32000,32000,Digital Wallet,Take Away
SUN-5863698,2023-08-28,Fudgy Brownies,Dessert,DST-02,3,25000,75000,Unknown,Unknown
SUN-7640003,2023-08-12,Iced Americano,Drinks,DRK-02,4,28000,112000,Digital Wallet,Unknown
SUN-3253395,2023-09-21,New York Cheesecake,Dessert,DST-03,3,42000,126000,Unknown,Unknown
SUN-9298844,2023-09-21,Classic Tirmaisu,Dessert,DST-01,1,38000,38000,Unknown,Unknown
SUN-7454311,2023-08-30,Cafe Latte,Drinks,DRK-03,2,32000,64000,Debit Card,Unknown
SUN-8446787,2023-01-04,Fudgy Brownies,Dessert,DST-02,2,25000,50000,Cash,Take Away
SUN-4131366,2023-10-15,Caramel Machiato,Drinks,DRK-04,4,38000,152000,Debit Card,Take Away
SUN-1120671,2023-09-18,Nasi Goreng Kampung,Food,FOD-03,2,38000,76000,Cash,Take Away
SUN-8445741,2023-02-11,Creamy Maycha Latte,Drinks,DRK-05,2,35000,70000,Digital Wallet,Dine In
SUN-6875463,2023-05-24,Nasi Goreng Kampung,Food,FOD-03,3,38000,114000,Unknown,Online Order
SUN-5156309,2023-07-08,Grill Chicken Caesar Salad,Food,FOD-04,3,42000,126000,Debit Card,Online Order
SUN-6801847,2023-06-20,Classic Tirmaisu,Dessert,DST-01,3,38000,114000,Debit Card,Online Order
SUN-1170188,2023-06-14,Buttermilk Fried Chicken,Food,FOD-01,3,48000,144000,Debit Card,Online Order
SUN-3061717,2023-03-23,Cafe Latte,Drinks,DRK-03,1,32000,32000,Digital Wallet,Online Order
SUN-1567497,2023-07-02,Espreso Single,Drinks,DRK-01,3,22000,66000,Debit Card,Online Order
SUN-4548528,2023-09-21,Cafe Latte,Drinks,DRK-03,3,32000,96000,Debit Card,Unknown
SUN-1509634,2023-06-20,Cafe Latte,Drinks,DRK-03,2,32000,64000,Digital Wallet,Dine In
SUN-9427189,2023-07-17,Buttermilk Fried Chicken,Food,FOD-01,1,48000,48000,Debit Card,Unknown
SUN-1690831,2023-08-09,Caramel Machiato,Drinks,DRK-04,2,38000,76000,Unknown,Online Order
SUN-4540787,2023-04-20,Buttermilk Fried Chicken,Food,FOD-01,2,48000,96000,Digital Wallet,Take Away
SUN-1251877,2023-02-08,Beef Carbonara Pasta,Food,FOD-02,2,52000,104000,Unknown,Take Away
SUN-8238022,2023-12-16,Nasi Goreng Kampung,Food,FOD-03,4,38000,152000,Debit Card,Online Order
SUN-6416628,2023-01-04,Cafe Latte,Drinks,DRK-03,1,32000,32000,Cash,Take Away
SUN-8169256,2023-05-18,Creamy Maycha Latte,Drinks,DRK-05,3,35000,105000,Cash,Take Away
SUN-3778122,2023-06-09,Classic Tirmaisu,Dessert,DST-01,4,38000,152000,Cash,Unknown
SUN-7987698,2023-02-12,Grill Chicken Caesar Salad,Food,FOD-04,1,42000,42000,Debit Card,Online Order
SUN-6274590,2023-08-03,Nasi Goreng Kampung,Food,FOD-03,1,38000,38000,Debit Card,Take Away
SUN-5550455,2023-11-24,New York Cheesecake,Dessert,DST-03,2,42000,84000,Unknown,Online Order
SUN-2326793,2023-06-04,Classic Tirmaisu,Dessert,DST-01,4,38000,152000,Debit Card,Unknown
SUN-9056735,2023-11-27,Espreso Single,Drinks,DRK-01,3,22000,66000,Cash,Take Away
SUN-9600982,2023-07-07,Fudgy Brownies,Dessert,DST-02,4,25000,100000,Debit Card,Unknown
SUN-2929332,2023-03-19,Fudgy Brownies,Dessert,DST-02,3,25000,75000,Debit Card,Online Order
SUN-8715101,2023-05-27,Caramel Machiato,Drinks,DRK-04,1,38000,38000,Digital Wallet,Dine In
SUN-1701280,2023-06-19,Cafe Latte,Drinks,DRK-03,1,32000,32000,Unknown,Online Order
SUN-8565565,2023-10-24,Cafe Latte,Drinks,DRK-03,2,32000,64000,Cash,Unknown
SUN-3673292,2023-11-09,Club Sandwich,Food,FOD-05,1,45000,45000,Digital Wallet,Take Away
SUN-6830109,2023-10-23,Buttermilk Fried Chicken,Food,FOD-01,1,48000,48000,Digital Wallet,Online Order
SUN-3936056,2023-03-15,Espreso Single,Drinks,DRK-01,3,22000,66000,Debit Card,Dine In
SUN-7925859,2023-02-25,Nasi Goreng Kampung,Food,FOD-03,,38000,,Debit Card,Online Order
SUN-4943860,2023-10-21,New York Cheesecake,Dessert,DST-03,2,42000,84000,Digital Wallet,Take Away
SUN-3674196,2023-08-16,Classic Tirmaisu,Dessert,DST-01,2,38000,76000,Debit Card,Unknown
SUN-7653314,,Fudgy Brownies,Dessert,DST-02,1,25000,25000,Debit Card,Dine In
SUN-5307555,2023-07-10,Fudgy Brownies,Dessert,DST-02,1,25000,25000,Digital Wallet,Dine In
SUN-6756098,2023-11-23,Creamy Maycha Latte,Drinks,DRK-05,1,35000,35000,Digital Wallet,Unknown
SUN-4218089,2023-01-21,Choco Lava Cake,Dessert,DST-04,1,35000,35000,Digital Wallet,Online Order
SUN-4981014,2023-12-29,Classic Tirmaisu,Dessert,DST-01,3,38000,114000,Digital Wallet,Unknown
SUN-3911158,2023-02-02,Fudgy Brownies,Dessert,DST-02,1,25000,25000,Debit Card,Online Order
SUN-1286223,,Nasi Goreng Kampung,Food,FOD-03,3,38000,114000,Cash,Take Away
SUN-3192682,2023-10-25,Classic Tirmaisu,Dessert,DST-01,4,38000,152000,Debit Card,Online Order
SUN-6416948,2023-01-15,Grill Chicken Caesar Salad,Food,FOD-04,4,42000,168000,Cash,Take Away
SUN-1610244,2023-09-19,Espreso Single,Drinks,DRK-01,4,22000,88000,Cash,Dine In
SUN-3931537,2023-02-25,Beef Carbonara Pasta,Food,FOD-02,1,52000,52000,Cash,Dine In
SUN-8263116,2023-02-27,Beef Carbonara Pasta,Food,FOD-02,4,52000,208000,Debit Card,Online Order
SUN-7022419,2023-08-13,Cinnamon Roll,Dessert,DST-05,2,28000,56000,Digital Wallet,Dine In
SUN-2979339,2023-08-03,New York Cheesecake,Dessert,DST-03,1,42000,42000,Unknown,Online Order
SUN-2926940,2023-05-12,Buttermilk Fried Chicken,Food,FOD-01,4,48000,192000,Debit Card,Dine In
SUN-2687539,2023-11-23,Creamy Maycha Latte,Drinks,DRK-05,3,35000,105000,Cash,Dine In
SUN-5745826,2023-02-24,Classic Tirmaisu,Dessert,DST-01,4,38000,152000,Debit Card,Online Order
SUN-8028826,2023-07-10,Caramel Machiato,Drinks,DRK-04,2,38000,76000,Digital Wallet,Unknown
SUN-6703801,2023-12-08,Espreso Single,Drinks,DRK-01,3,22000,66000,Cash,Take Away
SUN-8584745,2023-08-08,Choco Lava Cake,Dessert,DST-04,2,35000,70000,Unknown,Take Away
SUN-3259062,2023-02-27,Fudgy Brownies,Dessert,DST-02,2,25000,50000,Unknown,Online Order
SUN-6441212,2023-09-05,Buttermilk Fried Chicken,Food,FOD-01,3,48000,144000,Cash,Dine In
SUN-3918493,2023-04-01,New York Cheesecake,Dessert,DST-03,2,42000,84000,Cash,Unknown
SUN-8638582,2023-07-13,Cinnamon Roll,Dessert,DST-05,3,28000,84000,Debit Card,Dine In
SUN-3711470,2023-08-23,Creamy Maycha Latte,Drinks,DRK-05,4,35000,140000,Digital Wallet,Dine In
SUN-1118237,2023-11-17,Choco Lava Cake,Dessert,DST-04,1,35000,35000,Cash,Unknown
SUN-5711084,2023-11-14,New York Cheesecake,Dessert,DST-03,1,42000,42000,Debit Card,Online Order
SUN-3495006,2023-04-04,Beef Carbonara Pasta,Food,FOD-02,3,52000,156000,Debit Card,Online Order
SUN-1047587,2023-12-23,Fudgy Brownies,Dessert,DST-02,2,25000,50000,Unknown,Dine In
SUN-3130340,2023-03-24,Choco Lava Cake,Dessert,DST-04,3,35000,105000,Digital Wallet,Online Order
SUN-5214392,2023-11-18,Cinnamon Roll,Dessert,DST-05,1,28000,28000,Digital Wallet,Online Order
SUN-4164324,2023-02-06,Caramel Machiato,Drinks,DRK-04,4,38000,152000,Cash,Take Away
SUN-3270339,2023-02-09,Grill Chicken Caesar Salad,Food,FOD-04,2,42000,84000,Debit Card,Online Order
SUN-5754306,2023-06-12,Creamy Maycha Latte,Drinks,DRK-05,2,35000,70000,Digital Wallet,Unknown
SUN-5007169,2023-02-03,Classic Tirmaisu,Dessert,DST-01,3,38000,114000,Cash,Dine In
SUN-7345276,2023-04-30,New York Cheesecake,Dessert,DST-03,3,42000,126000,Digital Wallet,Take Away
SUN-9732057,2023-06-23,Choco Lava Cake,Dessert,DST-04,1,35000,35000,Cash,Dine In
SUN-8234366,2023-07-02,Creamy Maycha Latte,Drinks,DRK-05,4,35000,140000,Digital Wallet,Dine In
SUN-9177541,2023-01-01,Creamy Maycha Latte,Drinks,DRK-05,3,35000,105000,Debit Card,Dine In
SUN-6082733,2023-03-05,Cafe Latte,Drinks,DRK-03,4,32000,128000,Digital Wallet,Take Away
SUN-4223613,2023-02-17,Creamy Maycha Latte,Drinks,DRK-05,4,35000,140000,Debit Card,Take Away
SUN-7984896,2023-06-25,Nasi Goreng Kampung,Food,FOD-03,2,38000,76000,Digital Wallet,Take Away
SUN-9119316,2023-10-05,Club Sandwich,Food,FOD-05,4,45000,180000,Cash,Take Away
SUN-2595277,2023-07-01,Club Sandwich,Food,FOD-05,1,45000,45000,Debit Card,Online Order
SUN-5499279,2023-12-31,Caramel Machiato,Drinks,DRK-04,1,38000,38000,Cash,Take Away
SUN-3922772,2023-04-22,Creamy Maycha Latte,Drinks,DRK-05,1,35000,35000,Digital Wallet,Unknown
SUN-4185357,2023-11-26,Cinnamon Roll,Dessert,DST-05,2,28000,56000,Digital Wallet,Unknown
SUN-6710368,2023-10-21,Caramel Machiato,Drinks,DRK-04,3,38000,114000,Digital Wallet,Dine In
SUN-8366422,2023-11-30,Grill Chicken Caesar Salad,Food,FOD-04,1,42000,42000,Cash,Dine In
SUN-1873556,2023-07-04,Caramel Machiato,Drinks,DRK-04,4,38000,152000,Debit Card,Take Away
SUN-7322469,2023-06-24,Espreso Single,Drinks,DRK-01,4,22000,88000,Debit Card,Take Away
SUN-6752715,2023-08-06,Caramel Machiato,Drinks,DRK-04,1,38000,38000,Digital Wallet,Online Order
SUN-5028141,2023-01-02,Iced Americano,Drinks,DRK-02,3,28000,84000,Cash,Dine In
SUN-8334362,2023-12-14,Cafe Latte,Drinks,DRK-03,1,32000,32000,Cash,Dine In
SUN-6335400,2023-05-19,New York Cheesecake,Dessert,DST-03,1,42000,42000,Digital Wallet,Dine In
SUN-7231956,2023-11-17,Club Sandwich,Food,FOD-05,1,45000,45000,Unknown,Unknown
SUN-7083048,2023-08-08,Buttermilk Fried Chicken,Food,FOD-01,3,48000,144000,Cash,Dine In
SUN-9760216,2023-08-24,Choco Lava Cake,Dessert,DST-04,2,35000,70000,Digital Wallet,Dine In
SUN-1858131,2023-06-09,Cafe Latte,Drinks,DRK-03,1,32000,32000,Digital Wallet,Online Order
SUN-1430698,2023-01-02,Creamy Maycha Latte,Drinks,DRK-05,3,35000,105000,Unknown,Unknown
SUN-8413914,2023-07-28,Espreso Single,Drinks,DRK-01,4,22000,88000,Debit Card,Online Order
SUN-2084775,2023-08-24,Grill Chicken Caesar Salad,Food,FOD-04,1,42000,42000,Unknown,Dine In
SUN-4460843,2023-01-04,New York Cheesecake,Dessert,DST-03,3,42000,126000,Digital Wallet,Take Away
SUN-7010192,2023-04-22,Cinnamon Roll,Dessert,DST-05,4,28000,112000,Debit Card,Dine In
SUN-5540111,2023-05-20,Iced Americano,Drinks,DRK-02,4,28000,112000,Digital Wallet,Take Away
SUN-1745714,2023-04-01,Classic Tirmaisu,Dessert,DST-01,1,38000,38000,Unknown,Online Order
SUN-6510659,2023-09-12,Espreso Single,Drinks,DRK-01,1,22000,22000,Digital Wallet,Take Away
SUN-1453088,2023-08-09,Club Sandwich,Food,FOD-05,4,45000,180000,Cash,Dine In
SUN-8998656,2023-09-19,Club Sandwich,Food,FOD-05,2,45000,90000,Digital Wallet,Online Order
SUN-5844163,2023-03-06,Buttermilk Fried Chicken,Food,FOD-01,1,48000,48000,Debit Card,Online Order
SUN-6653016,2023-03-14,Fudgy Brownies,Dessert,DST-02,2,25000,50000,Digital Wallet,Unknown
SUN-4089298,2023-09-26,Caramel Machiato,Drinks,DRK-04,4,38000,152000,Digital Wallet,Online Order
SUN-8723416,2023-11-03,Grill Chicken Caesar Salad,Food,FOD-04,1,42000,42000,Digital Wallet,Dine In
SUN-8951857,2023-10-11,Iced Americano,Drinks,DRK-02,4,28000,112000,Digital Wallet,Online Order
SUN-4567164,2023-09-28,Classic Tirmaisu,Dessert,DST-01,2,38000,76000,Unknown,Dine In
SUN-6081959,2023-02-20,Beef Carbonara Pasta,Food,FOD-02,1,52000,52000,Digital Wallet,Dine In
SUN-9870211,2023-11-28,New York Cheesecake,Dessert,DST-03,2,42000,84000,Unknown,Online Order
SUN-9101470,2023-02-25,Fudgy Brownies,Dessert,DST-02,1,25000,25000,Digital Wallet,Dine In
SUN-3672586,2023-02-12,Cinnamon Roll,Dessert,DST-05,1,28000,28000,Debit Card,Online Order
SUN-2335991,2023-12-04,Nasi Goreng Kampung,Food,FOD-03,3,38000,114000,Debit Card,Unknown
SUN-3487721,2023-05-18,Cafe Latte,Drinks,DRK-03,4,32000,128000,Debit Card,Unknown
SUN-9664898,2023-01-12,Grill Chicken Caesar Salad,Food,FOD-04,4,42000,168000,Debit Card,Unknown
SUN-3662472,2023-05-07,Iced Americano,Drinks,DRK-02,2,28000,56000,Debit Card,Online Order
SUN-8815334,2023-10-19,New York Cheesecake,Dessert,DST-03,3,42000,126000,Digital Wallet,Dine In
SUN-8008487,2023-05-10,Grill Chicken Caesar Salad,Food,FOD-04,4,42000,168000,Digital Wallet,Take Away
SUN-7001591,2023-09-30,Grill Chicken Caesar Salad,Food,FOD-04,4,42000,168000,Digital Wallet,Unknown
SUN-6731638,2023-07-04,Iced Americano,Drinks,DRK-02,3,28000,84000,Digital Wallet,Take Away
SUN-8684378,2023-09-14,Classic Tirmaisu,Dessert,DST-01,3,38000,114000,Unknown,Unknown
SUN-8140323,2023-07-24,New York Cheesecake,Dessert,DST-03,2,42000,84000,Cash,Take Away
SUN-9607281,2023-01-13,Espreso Single,Drinks,DRK-01,3,22000,66000,Unknown,Online Order
SUN-8863014,2023-04-26,Cafe Latte,Drinks,DRK-03,4,32000,128000,Debit Card,Online Order
SUN-8865451,2023-12-10,Classic Tirmaisu,Dessert,DST-01,3,38000,114000,Cash,Unknown
SUN-7219375,2023-07-30,Espreso Single,Drinks,DRK-01,2,22000,44000,Digital Wallet,Dine In
SUN-6470124,2023-03-16,Cafe Latte,Drinks,DRK-03,3,32000,96000,Digital Wallet,Dine In
SUN-3583199,2023-11-07,Creamy Maycha Latte,Drinks,DRK-05,1,35000,35000,Debit Card,Take Away
SUN-2254845,2023-11-15,Nasi Goreng Kampung,Food,FOD-03,2,38000,76000,Debit Card,Dine In
SUN-4434094,2023-11-11,Beef Carbonara Pasta,Food,FOD-02,1,52000,52000,Debit Card,Online Order
SUN-8487417,2023-07-02,Espreso Single,Drinks,DRK-01,2,22000,44000,Cash,Dine In
SUN-9311475,2023-01-16,Club Sandwich,Food,FOD-05,2,45000,90000,Unknown,Take Away
SUN-2310475,2023-04-29,Caramel Machiato,Drinks,DRK-04,4,38000,152000,Unknown,Unknown
SUN-6424974,2023-10-04,Espreso Single,Drinks,DRK-01,3,22000,66000,Unknown,Take Away
SUN-9706560,2023-03-05,Caramel Machiato,Drinks,DRK-04,2,38000,76000,Unknown,Take Away
SUN-2717432,2023-12-27,Nasi Goreng Kampung,Food,FOD-03,2,38000,76000,Cash,Dine In
SUN-1970526,2023-01-05,Classic Tirmaisu,Dessert,DST-01,1,38000,38000,Unknown,Dine In
SUN-3653617,2023-02-04,Cinnamon Roll,Dessert,DST-05,4,28000,112000,Debit Card,Take Away
SUN-6753486,2023-03-27,Cafe Latte,Drinks,DRK-03,3,32000,96000,Debit Card,Dine In
SUN-3990301,2023-10-20,Choco Lava Cake,Dessert,DST-04,3,35000,105000,Cash,Take Away
SUN-7088548,2023-02-12,Nasi Goreng Kampung,Food,FOD-03,4,38000,152000,Digital Wallet,Unknown
SUN-6938579,2023-12-07,Choco Lava Cake,Dessert,DST-04,1,35000,35000,Debit Card,Dine In
SUN-1847251,2023-01-03,Beef Carbonara Pasta,Food,FOD-02,2,52000,104000,Cash,Dine In
SUN-2961320,2023-09-04,Espreso Single,Drinks,DRK-01,3,22000,66000,Unknown,Online Order
SUN-3006957,2023-08-31,Buttermilk Fried Chicken,Food,FOD-01,1,48000,48000,Digital Wallet,Online Order
SUN-2456443,2023-07-03,Nasi Goreng Kampung,Food,FOD-03,2,38000,76000,Debit Card,Online Order
SUN-5626932,2023-12-23,Cinnamon Roll,Dessert,DST-05,4,28000,112000,Unknown,Online Order
SUN-5151131,2023-10-03,Choco Lava Cake,Dessert,DST-04,4,35000,140000,Unknown,Online Order
SUN-1725075,2023-07-07,New York Cheesecake,Dessert,DST-03,2,42000,84000,Digital Wallet,Online Order
SUN-3117576,2023-09-28,Fudgy Brownies,Dessert,DST-02,4,25000,100000,Cash,Unknown
SUN-3228831,2023-10-27,Classic Tirmaisu,Dessert,DST-01,1,38000,38000,Cash,Dine In
SUN-9076045,2023-08-26,Choco Lava Cake,Dessert,DST-04,1,35000,35000,Cash,Unknown
SUN-1272383,2023-12-21,Grill Chicken Caesar Salad,Food,FOD-04,3,42000,126000,Debit Card,Take Away
SUN-5663981,2023-06-08,Caramel Machiato,Drinks,DRK-04,3,38000,114000,Debit Card,Unknown
SUN-7205633,2023-01-30,Choco Lava Cake,Dessert,DST-04,2,35000,70000,Cash,Take Away
SUN-8672856,2023-04-11,Fudgy Brownies,Dessert,DST-02,3,25000,75000,Cash,Take Away
SUN-9209235,2023-06-05,Iced Americano,Drinks,DRK-02,1,28000,28000,Digital Wallet,Take Away
SUN-3608480,2023-02-19,Buttermilk Fried Chicken,Food,FOD-01,2,48000,96000,Digital Wallet,Dine In
SUN-2747478,2023-06-03,Grill Chicken Caesar Salad,Food,FOD-04,3,42000,126000,Debit Card,Dine In
SUN-9692796,2023-11-24,Buttermilk Fried Chicken,Food,FOD-01,3,48000,144000,Cash,Dine In
SUN-8379820,2023-04-01,Iced Americano,Drinks,DRK-02,4,28000,112000,Debit Card,Dine In
SUN-5243088,2023-10-03,Buttermilk Fried Chicken,Food,FOD-01,4,48000,192000,Debit Card,Online Order
SUN-5124558,2023-09-19,Choco Lava Cake,Dessert,DST-04,4,35000,140000,Debit Card,Take Away
SUN-6439668,2023-06-19,Iced Americano,Drinks,DRK-02,1,28000,28000,Debit Card,Online Order
SUN-3599705,2023-07-22,Cinnamon Roll,Dessert,DST-05,2,28000,56000,Unknown,Online Order
SUN-4482007,2023-10-14,Creamy Maycha Latte,Drinks,DRK-05,1,35000,35000,Debit Card,Online Order
SUN-8628562,2023-03-03,Grill Chicken Caesar Salad,Food,FOD-04,1,42000,42000,Unknown,Take Away
SUN-5053264,2023-09-11,New York Cheesecake,Dessert,DST-03,4,42000,168000,Digital Wallet,Online Order
SUN-8174002,2023-12-12,New York Cheesecake,Dessert,DST-03,4,42000,168000,Unknown,Unknown
SUN-4622715,2023-04-29,Nasi Goreng Kampung,Food,FOD-03,3,38000,114000,Debit Card,Unknown
SUN-6667989,2023-02-13,Fudgy Brownies,Dessert,DST-02,4,25000,100000,Debit Card,Online Order
SUN-1541232,2023-01-15,Cafe Latte,Drinks,DRK-03,3,32000,96000,Debit Card,Take Away
SUN-5580149,2023-01-19,Club Sandwich,Food,FOD-05,2,45000,90000,Digital Wallet,Online Order
SUN-7983908,2023-09-11,Beef Carbonara Pasta,Food,FOD-02,3,52000,156000,Digital Wallet,Online Order
SUN-7395829,2023-10-03,Creamy Maycha Latte,Drinks,DRK-05,1,35000,35000,Debit Card,Online Order
SUN-8773933,2023-11-07,Club Sandwich,Food,FOD-05,2,45000,90000,Cash,Unknown
SUN-9921145,2023-06-05,Buttermilk Fried Chicken,Food,FOD-01,2,48000,96000,Cash,Take Away
SUN-4419615,2023-07-20,Iced Americano,Drinks,DRK-02,3,28000,84000,Cash,Take Away
SUN-6643197,2023-08-27,Nasi Goreng Kampung,Food,FOD-03,4,38000,152000,Digital Wallet,Dine In
SUN-6631494,2023-01-03,Cinnamon Roll,Dessert,DST-05,4,28000,112000,Cash,Dine In
SUN-7156905,2023-01-11,Choco Lava Cake,Dessert,DST-04,2,35000,70000,Digital Wallet,Dine In
SUN-3504636,2023-09-24,Grill Chicken Caesar Salad,Food,FOD-04,2,42000,84000,Debit Card,Unknown
SUN-9700865,2023-01-30,Cafe Latte,Drinks,DRK-03,1,32000,32000,Digital Wallet,Take Away
SUN-8909727,2023-05-05,Grill Chicken Caesar Salad,Food,FOD-04,3,42000,126000,Unknown,Dine In
SUN-8550503,2023-04-14,New York Cheesecake,Dessert,DST-03,2,42000,84000,Unknown,Dine In
SUN-8397776,2023-10-18,Choco Lava Cake,Dessert,DST-04,3,35000,105000,Debit Card,Take Away
SUN-4605430,2023-04-30,New York Cheesecake,Dessert,DST-03,2,42000,84000,Digital Wallet,Unknown
SUN-9081532,2023-12-31,Beef Carbonara Pasta,Food,FOD-02,3,52000,156000,Unknown,Dine In
SUN-1691567,2023-07-12,Iced Americano,Drinks,DRK-02,2,28000,56000,Cash,Dine In
SUN-3767642,2023-03-30,Iced Americano,Drinks,DRK-02,1,28000,28000,Cash,Dine In
SUN-4045723,2023-04-27,Beef Carbonara Pasta,Food,FOD-02,2,52000,104000,Cash,Dine In
SUN-8192083,2023-07-25,Cafe Latte,Drinks,DRK-03,1,32000,32000,Unknown,Online Order
SUN-9792641,2023-03-26,Iced Americano,Drinks,DRK-02,1,28000,28000,Digital Wallet,Dine In
SUN-1305727,2023-11-14,Fudgy Brownies,Dessert,DST-02,2,25000,50000,Digital Wallet,Online Order
SUN-2928314,2023-12-14,Cafe Latte,Drinks,DRK-03,1,32000,32000,Debit Card,Dine In
SUN-9322522,2023-09-18,Club Sandwich,Food,FOD-05,4,45000,180000,Unknown,Take Away
SUN-2997651,2023-02-18,Cinnamon Roll,Dessert,DST-05,2,28000,56000,Unknown,Unknown
SUN-4998411,2023-03-15,Cafe Latte,Drinks,DRK-03,2,32000,64000,Digital Wallet,Take Away
SUN-5640554,2023-07-03,Cafe Latte,Drinks,DRK-03,2,32000,64000,Debit Card,Online Order
SUN-8945318,2023-06-13,Caramel Machiato,Drinks,DRK-04,4,38000,152000,Digital Wallet,Online Order
SUN-8047583,2023-03-23,Beef Carbonara Pasta,Food,FOD-02,4,52000,208000,Digital Wallet,Online Order
SUN-3644149,2023-11-24,Caramel Machiato,Drinks,DRK-04,1,38000,38000,Unknown,Take Away
SUN-3972116,2023-10-24,Club Sandwich,Food,FOD-05,3,45000,135000,Debit Card,Take Away
SUN-4354895,2023-04-17,New York Cheesecake,Dessert,DST-03,4,42000,168000,Digital Wallet,Online Order
SUN-1090780,2023-08-14,Buttermilk Fried Chicken,Food,FOD-01,3,48000,144000,Debit Card,Take Away
SUN-6592547,2023-10-04,New York Cheesecake,Dessert,DST-03,4,42000,168000,Debit Card,Online Order
SUN-2300045,2023-08-15,Fudgy Brownies,Dessert,DST-02,3,25000,75000,Digital Wallet,Unknown
SUN-4515150,2023-12-05,Club Sandwich,Food,FOD-05,3,45000,135000,Cash,Take Away
SUN-1804459,2023-06-08,Classic Tirmaisu,Dessert,DST-01,2,38000,76000,Debit Card,Take Away
SUN-9074492,2023-03-05,Buttermilk Fried Chicken,Food,FOD-01,,48000,,Debit Card,Online Order
SUN-7427599,2023-06-17,Buttermilk Fried Chicken,Food,FOD-01,2,48000,96000,Debit Card,Online Order
SUN-6013910,2023-01-31,Cafe Latte,Drinks,DRK-03,4,32000,128000,Unknown,Take Away
SUN-2294473,2023-12-29,Espreso Single,Drinks,DRK-01,2,22000,44000,Digital Wallet,Take Away
SUN-5155579,2023-01-26,Cinnamon Roll,Dessert,DST-05,3,28000,84000,Digital Wallet,Unknown
SUN-1947407,2023-06-05,Club Sandwich,Food,FOD-05,2,45000,90000,Cash,Unknown
SUN-7076925,2023-05-11,Cinnamon Roll,Dessert,DST-05,2,28000,56000,Debit Card,Dine In
SUN-9369167,2023-08-28,New York Cheesecake,Dessert,DST-03,2,42000,84000,Digital Wallet,Online Order
SUN-4710603,2023-10-01,Nasi Goreng Kampung,Food,FOD-03,4,38000,152000,Debit Card,Online Order
SUN-2079848,2023-02-02,Fudgy Brownies,Dessert,DST-02,2,25000,50000,Debit Card,Dine In
SUN-4454813,2023-04-13,Club Sandwich,Food,FOD-05,4,45000,180000,Unknown,Online Order
SUN-3830741,2023-07-11,Espreso Single,Drinks,DRK-01,3,22000,66000,Cash,Dine In
SUN-8545765,2023-09-13,Fudgy Brownies,Dessert,DST-02,1,25000,25000,Debit Card,Take Away
SUN-4110291,2023-10-03,Buttermilk Fried Chicken,Food,FOD-01,4,48000,192000,Unknown,Unknown
SUN-8248672,2023-06-07,Caramel Machiato,Drinks,DRK-04,3,38000,114000,Cash,Dine In
SUN-8011440,2023-06-21,Buttermilk Fried Chicken,Food,FOD-01,2,48000,96000,Unknown,Take Away
SUN-4805635,2023-02-09,Espreso Single,Drinks,DRK-01,1,22000,22000,Debit Card,Online Order
SUN-5155624,2023-09-23,Cinnamon Roll,Dessert,DST-05,1,28000,28000,Cash,Dine In
SUN-4617022,2023-02-12,New York Cheesecake,Dessert,DST-03,2,42000,84000,Unknown,Take Away
SUN-4427887,2023-08-31,Creamy Maycha Latte,Drinks,DRK-05,1,35000,35000,Digital Wallet,Unknown
SUN-2196345,2023-04-30,Caramel Machiato,Drinks,DRK-04,1,38000,38000,Debit Card,Unknown
SUN-6964504,2023-02-10,New York Cheesecake,Dessert,DST-03,4,42000,168000,Cash,Unknown
SUN-4762376,2023-11-05,Iced Americano,Drinks,DRK-02,4,28000,112000,Digital Wallet,Take Away
SUN-5076334,2023-06-24,Choco Lava Cake,Dessert,DST-04,4,35000,140000,Debit Card,Dine In
SUN-5007784,2023-01-09,Buttermilk Fried Chicken,Food,FOD-01,4,48000,192000,Digital Wallet,Dine In
SUN-9223586,2023-01-12,Cinnamon Roll,Dessert,DST-05,2,28000,56000,Debit Card,Take Away
SUN-9477366,2023-07-13,Grill Chicken Caesar Salad,Food,FOD-04,2,42000,84000,Digital Wallet,Take Away
SUN-5672417,2023-02-03,Cinnamon Roll,Dessert,DST-05,1,28000,28000,Debit Card,Online Order
SUN-7168530,2023-09-08,Iced Americano,Drinks,DRK-02,4,28000,112000,Digital Wallet,Online Order
SUN-8915486,2023-09-03,Caramel Machiato,Drinks,DRK-04,4,38000,152000,Unknown,Take Away
SUN-8048196,2023-09-01,Iced Americano,Drinks,DRK-02,4,28000,112000,Debit Card,Dine In
SUN-8796392,2023-03-22,Cafe Latte,Drinks,DRK-03,3,32000,96000,Digital Wallet,Online Order
SUN-3961908,2023-11-25,Classic Tirmaisu,Dessert,DST-01,3,38000,114000,Cash,Unknown
SUN-5552052,2023-01-19,Fudgy Brownies,Dessert,DST-02,3,25000,75000,Debit Card,Online Order
SUN-8065120,2023-11-15,Cinnamon Roll,Dessert,DST-05,1,28000,28000,Debit Card,Dine In
SUN-3742445,2023-06-20,Classic Tirmaisu,Dessert,DST-01,3,38000,114000,Digital Wallet,Dine In
SUN-4419517,2023-06-05,Iced Americano,Drinks,DRK-02,2,28000,56000,Debit Card,Online Order
SUN-9673114,2023-09-12,Choco Lava Cake,Dessert,DST-04,2,35000,70000,Debit Card,Dine In
SUN-6780458,2023-05-18,Classic Tirmaisu,Dessert,DST-01,4,38000,152000,Unknown,Take Away
SUN-3074557,2023-04-13,Choco Lava Cake,Dessert,DST-04,3,35000,105000,Unknown,Unknown
SUN-9227601,2023-05-19,Espreso Single,Drinks,DRK-01,1,22000,22000,Cash,Dine In
SUN-3972557,2023-03-11,Iced Americano,Drinks,DRK-02,4,28000,112000,Digital Wallet,Dine In
SUN-3534734,2023-06-26,Buttermilk Fried Chicken,Food,FOD-01,3,48000,144000,Cash,Take Away
SUN-9273808,2023-03-26,Grill Chicken Caesar Salad,Food,FOD-04,4,42000,168000,Debit Card,Unknown
SUN-1789083,2023-09-24,New York Cheesecake,Dessert,DST-03,1,42000,42000,Unknown,Take Away
SUN-5942817,2023-01-09,Grill Chicken Caesar Salad,Food,FOD-04,1,42000,42000,Cash,Dine In
SUN-8315875,2023-04-14,Iced Americano,Drinks,DRK-02,3,28000,84000,Digital Wallet,Online Order
SUN-8142190,2023-01-16,Espreso Single,Drinks,DRK-01,1,22000,22000,Cash,Take Away
SUN-3495189,2023-01-07,Club Sandwich,Food,FOD-05,1,45000,45000,Debit Card,Unknown
SUN-7298795,2023-06-18,Grill Chicken Caesar Salad,Food,FOD-04,1,42000,42000,Debit Card,Unknown
SUN-6422341,2023-02-04,Grill Chicken Caesar Salad,Food,FOD-04,3,42000,126000,Unknown,Unknown
SUN-9072949,2023-03-20,Espreso Single,Drinks,DRK-01,1,22000,22000,Digital Wallet,Online Order
SUN-7193752,2023-08-22,Cafe Latte,Drinks,DRK-03,1,32000,32000,Cash,Dine In
SUN-4055469,2023-06-06,Creamy Maycha Latte,Drinks,DRK-05,4,35000,140000,Cash,Take Away
SUN-1003269,2023-08-28,Classic Tirmaisu,Dessert,DST-01,1,38000,38000,Digital Wallet,Online Order
SUN-2314787,2023-11-30,Choco Lava Cake,Dessert,DST-04,2,35000,70000,Unknown,Dine In
SUN-9945656,2023-01-07,Caramel Machiato,Drinks,DRK-04,4,38000,152000,Debit Card,Unknown
SUN-4953526,2023-10-21,Iced Americano,Drinks,DRK-02,3,28000,84000,Debit Card,Unknown
SUN-4970395,2023-02-07,Buttermilk Fried Chicken,Food,FOD-01,1,48000,48000,Debit Card,Online Order
SUN-5067423,2023-10-29,Iced Americano,Drinks,DRK-02,4,28000,112000,Debit Card,Online Order
SUN-9503327,2023-11-15,Creamy Maycha Latte,Drinks,DRK-05,4,35000,140000,Debit Card,Online Order
SUN-2013905,2023-12-06,Buttermilk Fried Chicken,Food,FOD-01,3,48000,144000,Debit Card,Take Away
SUN-1986203,2023-02-07,Caramel Machiato,Drinks,DRK-04,3,38000,114000,Debit Card,Online Order
SUN-3762836,2023-09-01,Caramel Machiato,Drinks,DRK-04,2,38000,76000,Debit Card,Dine In
SUN-9254494,2023-02-09,Cinnamon Roll,Dessert,DST-05,1,28000,28000,Digital Wallet,Unknown
SUN-4630701,2023-06-09,Creamy Maycha Latte,Drinks,DRK-05,4,35000,140000,Unknown,Online Order
SUN-2282362,2023-03-29,Cinnamon Roll,Dessert,DST-05,3,28000,84000,Debit Card,Dine In
SUN-9051364,2023-01-27,Cafe Latte,Drinks,DRK-03,2,32000,64000,Digital Wallet,Online Order
SUN-4051770,2023-09-30,Beef Carbonara Pasta,Food,FOD-02,4,52000,208000,Debit Card,Dine In
SUN-2155534,2023-09-21,Cinnamon Roll,Dessert,DST-05,1,28000,28000,Debit Card,Take Away
SUN-2552908,2023-04-19,Espreso Single,Drinks,DRK-01,2,22000,44000,Cash,Dine In
SUN-2770272,2023-02-10,Fudgy Brownies,Dessert,DST-02,3,25000,75000,Digital Wallet,Unknown
SUN-9051587,2023-09-05,Choco Lava Cake,Dessert,DST-04,3,35000,105000,Cash,Dine In
SUN-6826960,2023-04-21,Grill Chicken Caesar Salad,Food,FOD-04,3,42000,126000,Cash,Dine In
SUN-7057614,2023-01-21,Classic Tirmaisu,Dessert,DST-01,4,38000,152000,Debit Card,Online Order
SUN-6678958,2023-04-13,Iced Americano,Drinks,DRK-02,2,28000,56000,Debit Card,Dine In
SUN-2422936,2023-05-23,Beef Carbonara Pasta,Food,FOD-02,4,52000,208000,Debit Card,Online Order
SUN-7321381,2023-12-09,Beef Carbonara Pasta,Food,FOD-02,3,52000,156000,Digital Wallet,Online Order
SUN-1161125,2023-03-06,Buttermilk Fried Chicken,Food,FOD-01,3,48000,144000,Digital Wallet,Online Order
SUN-3288146,2023-11-13,Iced Americano,Drinks,DRK-02,3,28000,84000,Debit Card,Online Order
SUN-7361062,2023-10-22,Club Sandwich,Food,FOD-05,2,45000,90000,Unknown,Take Away
SUN-1040195,2023-04-03,Cinnamon Roll,Dessert,DST-05,4,28000,112000,Digital Wallet,Dine In
SUN-5301792,2023-05-31,Caramel Machiato,Drinks,DRK-04,2,38000,76000,Unknown,Online Order
SUN-9490741,2023-05-17,Cafe Latte,Drinks,DRK-03,2,32000,64000,Unknown,Online Order
SUN-1689090,2023-08-28,Iced Americano,Drinks,DRK-02,4,28000,112000,Cash,Take Away
SUN-4053014,2023-06-24,Iced Americano,Drinks,DRK-02,4,28000,112000,Debit Card,Take Away
SUN-2189980,2023-05-13,Nasi Goreng Kampung,Food,FOD-03,,38000,,Unknown,Dine In
SUN-9188391,2023-01-18,Grill Chicken Caesar Salad,Food,FOD-04,4,42000,168000,Digital Wallet,Dine In
SUN-8073424,2023-10-27,Cafe Latte,Drinks,DRK-03,2,32000,64000,Unknown,Dine In
SUN-3679215,2023-01-08,Choco Lava Cake,Dessert,DST-04,3,35000,105000,Cash,Take Away
SUN-8680676,2023-01-25,Cafe Latte,Drinks,DRK-03,2,32000,64000,Cash,Take Away
SUN-3379299,2023-07-27,Choco Lava Cake,Dessert,DST-04,2,35000,70000,Cash,Dine In
SUN-6937744,2023-08-25,Cafe Latte,Drinks,DRK-03,1,32000,32000,Cash,Take Away
SUN-4614131,2023-07-02,Beef Carbonara Pasta,Food,FOD-02,1,52000,52000,Unknown,Take Away
SUN-5085750,2023-07-09,Caramel Machiato,Drinks,DRK-04,3,38000,114000,Digital Wallet,Dine In
SUN-8977047,2023-08-18,Beef Carbonara Pasta,Food,FOD-02,2,52000,104000,Unknown,Dine In
SUN-7368376,2023-08-04,Fudgy Brownies,Dessert,DST-02,2,25000,50000,Unknown,Take Away
SUN-3144749,2023-11-17,Grill Chicken Caesar Salad,Food,FOD-04,3,42000,126000,Debit Card,Take Away
SUN-9730297,2023-04-30,Cinnamon Roll,Dessert,DST-05,4,28000,112000,Digital Wallet,Online Order
SUN-2381622,2023-02-20,Creamy Maycha Latte,Drinks,DRK-05,1,35000,35000,Cash,Take Away
SUN-6711714,2023-02-08,Classic Tirmaisu,Dessert,DST-01,4,38000,152000,Cash,Dine In
SUN-6764065,2023-11-24,Espreso Single,Drinks,DRK-01,4,22000,88000,Unknown,Unknown
SUN-8932502,2023-08-07,Iced Americano,Drinks,DRK-02,3,28000,84000,Unknown,Online Order
SUN-3372516,2023-03-18,Choco Lava Cake,Dessert,DST-04,3,35000,105000,Cash,Dine In
SUN-3099624,2023-10-27,Creamy Maycha Latte,Drinks,DRK-05,4,35000,140000,Unknown,Take Away
SUN-7037053,2023-12-03,Choco Lava Cake,Dessert,DST-04,3,35000,105000,Unknown,Take Away
SUN-2498495,2023-11-24,Cinnamon Roll,Dessert,DST-05,3,28000,84000,Unknown,Take Away
SUN-3239510,2023-02-27,Beef Carbonara Pasta,Food,FOD-02,3,52000,156000,Debit Card,Dine In
SUN-8090274,2023-03-30,Caramel Machiato,Drinks,DRK-04,1,38000,38000,Unknown,Dine In
SUN-5334122,2023-05-26,Classic Tirmaisu,Dessert,DST-01,2,38000,76000,Debit Card,Online Order
SUN-1838714,2023-03-03,Iced Americano,Drinks,DRK-02,1,28000,28000,Unknown,Take Away
SUN-3146510,2023-09-26,Choco Lava Cake,Dessert,DST-04,4,35000,140000,Digital Wallet,Take Away
SUN-2752675,2023-10-13,Espreso Single,Drinks,DRK-01,4,22000,88000,Debit Card,Online Order
SUN-4575216,2023-03-15,Grill Chicken Caesar Salad,Food,FOD-04,1,42000,42000,Debit Card,Dine In
SUN-6862240,2023-11-10,Creamy Maycha Latte,Drinks,DRK-05,1,35000,35000,Debit Card,Take Away
SUN-7601874,2023-02-12,Classic Tirmaisu,Dessert,DST-01,1,38000,38000,Digital Wallet,Online Order
SUN-5586062,2023-10-23,New York Cheesecake,Dessert,DST-03,4,42000,168000,Unknown,Unknown
SUN-8557580,2023-04-09,Creamy Maycha Latte,Drinks,DRK-05,4,35000,140000,Digital Wallet,Dine In
SUN-1022613,2023-08-07,Buttermilk Fried Chicken,Food,FOD-01,2,48000,96000,Digital Wallet,Online Order
SUN-8907357,2023-05-03,Nasi Goreng Kampung,Food,FOD-03,4,38000,152000,Debit Card,Dine In
SUN-2575448,2023-09-02,Espreso Single,Drinks,DRK-01,2,22000,44000,Debit Card,Dine In
SUN-7159439,2023-11-20,Iced Americano,Drinks,DRK-02,4,28000,112000,Debit Card,Dine In
SUN-6104302,2023-06-07,Classic Tirmaisu,Dessert,DST-01,2,38000,76000,Digital Wallet,Online Order
SUN-7311415,2023-04-02,Creamy Maycha Latte,Drinks,DRK-05,3,35000,105000,Debit Card,Dine In
SUN-2043319,2023-01-27,Grill Chicken Caesar Salad,Food,FOD-04,2,42000,84000,Digital Wallet,Dine In
SUN-8457012,2023-09-06,Beef Carbonara Pasta,Food,FOD-02,1,52000,52000,Debit Card,Unknown
SUN-9904710,2023-09-17,Choco Lava Cake,Dessert,DST-04,4,35000,140000,Digital Wallet,Take Away
SUN-5636766,2023-11-01,New York Cheesecake,Dessert,DST-03,3,42000,126000,Digital Wallet,Unknown
SUN-1192490,2023-04-15,Club Sandwich,Food,FOD-05,,45000,,Debit Card,Online Order
SUN-1416726,2023-01-05,Cafe Latte,Drinks,DRK-03,1,32000,32000,Debit Card,Unknown
SUN-6103089,2023-11-03,Buttermilk Fried Chicken,Food,FOD-01,1,48000,48000,Digital Wallet,Online Order
SUN-7135017,2023-04-10,Cafe Latte,Drinks,DRK-03,2,32000,64000,Digital Wallet,Online Order
SUN-8746914,2023-09-21,Grill Chicken Caesar Salad,Food,FOD-04,4,42000,168000,Digital Wallet,Take Away
SUN-1637245,2023-11-26,Classic Tirmaisu,Dessert,DST-01,1,38000,38000,Digital Wallet,Unknown
SUN-7233710,2023-04-21,Fudgy Brownies,Dessert,DST-02,2,25000,50000,Digital Wallet,Take Away
SUN-8886603,2023-08-01,Cinnamon Roll,Dessert,DST-05,3,28000,84000,Debit Card,Online Order
SUN-9119590,2023-04-27,Iced Americano,Drinks,DRK-02,1,28000,28000,Debit Card,Take Away
SUN-4538483,2023-03-03,Cafe Latte,Drinks,DRK-03,4,32000,128000,Debit Card,Dine In
SUN-5027387,2023-03-20,Creamy Maycha Latte,Drinks,DRK-05,2,35000,70000,Debit Card,Take Away
SUN-5551788,2023-06-30,Beef Carbonara Pasta,Food,FOD-02,2,52000,104000,Digital Wallet,Online Order
SUN-3779543,2023-02-15,New York Cheesecake,Dessert,DST-03,2,42000,84000,Cash,Unknown
SUN-6696878,2023-05-27,Club Sandwich,Food,FOD-05,1,45000,45000,Digital Wallet,Unknown
SUN-6478583,2023-05-18,Beef Carbonara Pasta,Food,FOD-02,1,52000,52000,Cash,Take Away
SUN-1532471,2023-11-01,Creamy Maycha Latte,Drinks,DRK-05,2,35000,70000,Cash,Dine In
SUN-1536081,2023-07-27,Club Sandwich,Food,FOD-05,1,45000,45000,Unknown,Online Order
SUN-9663948,2023-10-17,Iced Americano,Drinks,DRK-02,3,28000,84000,Debit Card,Online Order
SUN-5741172,2023-09-10,Choco Lava Cake,Dessert,DST-04,3,35000,105000,Digital Wallet,Dine In
SUN-4579450,2023-04-29,New York Cheesecake,Dessert,DST-03,3,42000,126000,Unknown,Unknown
SUN-2465887,2023-03-31,Choco Lava Cake,Dessert,DST-04,3,35000,105000,Debit Card,Dine In
SUN-1751198,2023-12-25,Espreso Single,Drinks,DRK-01,1,22000,22000,Debit Card,Dine In
SUN-5865773,2023-11-08,Nasi Goreng Kampung,Food,FOD-03,1,38000,38000,Debit Card,Take Away
SUN-1015772,2023-01-18,Nasi Goreng Kampung,Food,FOD-03,1,38000,38000,Unknown,Dine In
SUN-8743722,2023-10-06,Buttermilk Fried Chicken,Food,FOD-01,3,48000,144000,Digital Wallet,Dine In
SUN-6701767,2023-11-29,Fudgy Brownies,Dessert,DST-02,2,25000,50000,Digital Wallet,Dine In
SUN-2659338,2023-12-17,Caramel Machiato,Drinks,DRK-04,1,38000,38000,Unknown,Take Away
SUN-2016211,2023-02-05,Buttermilk Fried Chicken,Food,FOD-01,2,48000,96000,Digital Wallet,Unknown
SUN-1605879,2023-05-26,Beef Carbonara Pasta,Food,FOD-02,1,52000,52000,Digital Wallet,Take Away
SUN-3757181,2023-07-22,Buttermilk Fried Chicken,Food,FOD-01,4,48000,192000,Unknown,Take Away
SUN-1641642,2023-08-24,Iced Americano,Drinks,DRK-02,1,28000,28000,Digital Wallet,Online Order
SUN-6735323,2023-06-02,Grill Chicken Caesar Salad,Food,FOD-04,3,42000,126000,Cash,Dine In
SUN-4510984,2023-04-07,Cafe Latte,Drinks,DRK-03,1,32000,32000,Digital Wallet,Dine In
SUN-2437680,2023-10-28,Fudgy Brownies,Dessert,DST-02,2,25000,50000,Cash,Dine In
SUN-3508273,2023-11-06,Fudgy Brownies,Dessert,DST-02,3,25000,75000,Debit Card,Dine In
SUN-6865173,2023-06-25,Iced Americano,Drinks,DRK-02,4,28000,112000,Debit Card,Dine In
SUN-5951346,2023-03-17,Fudgy Brownies,Dessert,DST-02,2,25000,50000,Digital Wallet,Take Away
SUN-6823995,2023-04-13,Buttermilk Fried Chicken,Food,FOD-01,3,48000,144000,Cash,Dine In
SUN-3209102,2023-03-30,Nasi Goreng Kampung,Food,FOD-03,3,38000,114000,Debit Card,Take Away
SUN-7832290,2023-09-18,Cafe Latte,Drinks,DRK-03,3,32000,96000,Digital Wallet,Online Order
SUN-3650806,2023-07-11,Caramel Machiato,Drinks,DRK-04,1,38000,38000,Debit Card,Take Away
SUN-4092439,2023-05-20,Creamy Maycha Latte,Drinks,DRK-05,3,35000,105000,Cash,Take Away
SUN-4878003,2023-01-17,Beef Carbonara Pasta,Food,FOD-02,3,52000,156000,Digital Wallet,Dine In
SUN-6795596,2023-06-05,Creamy Maycha Latte,Drinks,DRK-05,3,35000,105000,Unknown,Dine In
SUN-8169001,2023-10-27,Cafe Latte,Drinks,DRK-03,2,32000,64000,Unknown,Dine In
SUN-4370687,2023-10-25,Fudgy Brownies,Dessert,DST-02,1,25000,25000,Debit Card,Unknown
SUN-5163001,2023-09-17,New York Cheesecake,Dessert,DST-03,2,42000,84000,Cash,Dine In
SUN-2109050,2023-05-11,Buttermilk Fried Chicken,Food,FOD-01,2,48000,96000,Debit Card,Unknown
SUN-5281068,2023-12-14,Cafe Latte,Drinks,DRK-03,3,32000,96000,Digital Wallet,Dine In
SUN-5290929,2023-07-13,Choco Lava Cake,Dessert,DST-04,2,35000,70000,Unknown,Online Order
SUN-2026622,2023-07-23,Caramel Machiato,Drinks,DRK-04,1,38000,38000,Debit Card,Online Order
SUN-1860686,2023-10-23,Caramel Machiato,Drinks,DRK-04,1,38000,38000,Unknown,Unknown
SUN-7813761,2023-03-04,Cinnamon Roll,Dessert,DST-05,1,28000,28000,Digital Wallet,Online Order
SUN-7641483,2023-10-29,Grill Chicken Caesar Salad,Food,FOD-04,3,42000,126000,Cash,Dine In
SUN-4520638,2023-12-28,Buttermilk Fried Chicken,Food,FOD-01,2,48000,96000,Unknown,Dine In
SUN-7074691,2023-09-07,Classic Tirmaisu,Dessert,DST-01,4,38000,152000,Cash,Take Away
SUN-9472990,2023-09-03,Espreso Single,Drinks,DRK-01,1,22000,22000,Digital Wallet,Online Order
SUN-9986517,2023-09-17,Nasi Goreng Kampung,Food,FOD-03,4,38000,152000,Cash,Take Away
SUN-1068319,2023-05-27,Espreso Single,Drinks,DRK-01,4,22000,88000,Debit Card,Online Order
SUN-6655869,2023-02-04,Fudgy Brownies,Dessert,DST-02,3,25000,75000,Debit Card,Online Order
SUN-3062243,2023-07-29,Fudgy Brownies,Dessert,DST-02,1,25000,25000,Cash,Dine In
SUN-9796030,2023-07-19,Buttermilk Fried Chicken,Food,FOD-01,4,48000,192000,Debit Card,Unknown
SUN-9231344,2023-02-28,Club Sandwich,Food,FOD-05,4,45000,180000,Unknown,Take Away
SUN-9418539,2023-08-07,Nasi Goreng Kampung,Food,FOD-03,1,38000,38000,Debit Card,Online Order
SUN-1709759,2023-10-09,Cafe Latte,Drinks,DRK-03,3,32000,96000,Unknown,Online Order
SUN-2244115,2023-02-21,Iced Americano,Drinks,DRK-02,2,28000,56000,Digital Wallet,Take Away
SUN-1524558,2023-08-17,Beef Carbonara Pasta,Food,FOD-02,3,52000,156000,Debit Card,Online Order
SUN-7180177,2023-11-21,Nasi Goreng Kampung,Food,FOD-03,1,38000,38000,Unknown,Dine In
SUN-4048750,2023-01-26,Creamy Maycha Latte,Drinks,DRK-05,3,35000,105000,Digital Wallet,Take Away
SUN-9537718,2023-09-04,Nasi Goreng Kampung,Food,FOD-03,1,38000,38000,Unknown,Unknown
SUN-5086544,2023-01-27,Grill Chicken Caesar Salad,Food,FOD-04,1,42000,42000,Digital Wallet,Online Order
SUN-5815650,2023-02-07,Cinnamon Roll,Dessert,DST-05,1,28000,28000,Unknown,Unknown
SUN-9942075,2023-11-08,Buttermilk Fried Chicken,Food,FOD-01,1,48000,48000,Cash,Take Away
SUN-1821650,2023-02-14,Beef Carbonara Pasta,Food,FOD-02,1,52000,52000,Digital Wallet,Take Away
SUN-3329131,2023-06-07,Grill Chicken Caesar Salad,Food,FOD-04,1,42000,42000,Debit Card,Online Order
SUN-1242849,2023-02-07,Fudgy Brownies,Dessert,DST-02,2,25000,50000,Debit Card,Online Order
SUN-2883416,2023-02-08,Creamy Maycha Latte,Drinks,DRK-05,3,35000,105000,Digital Wallet,Online Order
SUN-5734234,2023-02-22,Cafe Latte,Drinks,DRK-03,1,32000,32000,Digital Wallet,Dine In
SUN-3276803,2023-07-09,Buttermilk Fried Chicken,Food,FOD-01,2,48000,96000,Cash,Take Away
SUN-9483137,2023-08-04,Cafe Latte,Drinks,DRK-03,2,32000,64000,Debit Card,Dine In
SUN-7281495,2023-02-08,Fudgy Brownies,Dessert,DST-02,3,25000,75000,Debit Card,Take Away
SUN-9626606,2023-02-05,Espreso Single,Drinks,DRK-01,3,22000,66000,Digital Wallet,Dine In
SUN-3037005,2023-05-05,New York Cheesecake,Dessert,DST-03,2,42000,84000,Unknown,Take Away
SUN-3206511,2023-05-30,Cafe Latte,Drinks,DRK-03,4,32000,128000,Digital Wallet,Online Order
SUN-8649749,2023-03-11,Fudgy Brownies,Dessert,DST-02,1,25000,25000,Digital Wallet,Dine In
SUN-3809814,2023-04-16,Nasi Goreng Kampung,Food,FOD-03,4,38000,152000,Digital Wallet,Online Order
SUN-2841699,2023-09-06,New York Cheesecake,Dessert,DST-03,2,42000,84000,Digital Wallet,Unknown
SUN-6703711,2023-08-27,Iced Americano,Drinks,DRK-02,3,28000,84000,Debit Card,Online Order
SUN-5963977,2023-10-30,Caramel Machiato,Drinks,DRK-04,3,38000,114000,Digital Wallet,Online Order
SUN-7168996,2023-09-18,Cinnamon Roll,Dessert,DST-05,4,28000,112000,Unknown,Dine In
SUN-9356359,2023-06-16,Cafe Latte,Drinks,DRK-03,2,32000,64000,Debit Card,Dine In
SUN-4777925,2023-08-22,Buttermilk Fried Chicken,Food,FOD-01,2,48000,96000,Digital Wallet,Dine In
SUN-1042785,2023-12-14,Grill Chicken Caesar Salad,Food,FOD-04,3,42000,126000,Cash,Unknown
SUN-1510390,2023-08-06,Nasi Goreng Kampung,Food,FOD-03,3,38000,114000,Cash,Dine In
SUN-5184144,2023-08-04,Caramel Machiato,Drinks,DRK-04,3,38000,114000,Debit Card,Take Away
SUN-2779870,2023-07-23,Club Sandwich,Food,FOD-05,4,45000,180000,Debit Card,Dine In
SUN-6408699,2023-01-14,Cinnamon Roll,Dessert,DST-05,1,28000,28000,Digital Wallet,Dine In
SUN-5051188,2023-10-08,Espreso Single,Drinks,DRK-01,1,22000,22000,Unknown,Online Order
SUN-5384331,2023-10-02,Classic Tirmaisu,Dessert,DST-01,1,38000,38000,Digital Wallet,Online Order
SUN-3860793,2023-07-02,Cafe Latte,Drinks,DRK-03,1,32000,32000,Debit Card,Dine In
SUN-5051488,2023-12-17,Club Sandwich,Food,FOD-05,1,45000,45000,Digital Wallet,Online Order
SUN-1864042,2023-03-20,New York Cheesecake,Dessert,DST-03,2,42000,84000,Cash,Take Away
SUN-1874565,2023-08-30,Espreso Single,Drinks,DRK-01,2,22000,44000,Debit Card,Online Order
SUN-3943746,2023-02-09,Grill Chicken Caesar Salad,Food,FOD-04,4,42000,168000,Cash,Take Away
SUN-7923311,2023-01-20,Club Sandwich,Food,FOD-05,4,45000,180000,Unknown,Online Order
SUN-9486202,2023-08-08,Cinnamon Roll,Dessert,DST-05,2,28000,56000,Debit Card,Dine In
SUN-6592661,2023-09-27,New York Cheesecake,Dessert,DST-03,3,42000,126000,Unknown,Dine In
SUN-1340681,2023-10-21,Cafe Latte,Drinks,DRK-03,1,32000,32000,Digital Wallet,Take Away
SUN-3215096,2023-01-24,Grill Chicken Caesar Salad,Food,FOD-04,3,42000,126000,Digital Wallet,Online Order
SUN-5856737,2023-09-19,Espreso Single,Drinks,DRK-01,1,22000,22000,Digital Wallet,Dine In
SUN-8969659,2023-08-15,Caramel Machiato,Drinks,DRK-04,4,38000,152000,Digital Wallet,Take Away
SUN-6055496,2023-09-16,Creamy Maycha Latte,Drinks,DRK-05,3,35000,105000,Digital Wallet,Take Away
SUN-4856680,2023-06-20,Fudgy Brownies,Dessert,DST-02,3,25000,75000,Digital Wallet,Dine In
SUN-3666774,2023-10-11,Grill Chicken Caesar Salad,Food,FOD-04,1,42000,42000,Digital Wallet,Online Order
SUN-8158880,2023-11-12,Nasi Goreng Kampung,Food,FOD-03,3,38000,114000,Digital Wallet,Dine In
SUN-2300725,2023-01-30,Choco Lava Cake,Dessert,DST-04,1,35000,35000,Digital Wallet,Online Order
SUN-9548221,2023-01-02,Espreso Single,Drinks,DRK-01,1,22000,22000,Cash,Dine In
SUN-8694364,2023-11-07,Classic Tirmaisu,Dessert,DST-01,2,38000,76000,Debit Card,Take Away
SUN-9421574,2023-06-15,Creamy Maycha Latte,Drinks,DRK-05,1,35000,35000,Cash,Take Away
SUN-7846428,2023-01-12,Cinnamon Roll,Dessert,DST-05,1,28000,28000,Debit Card,Dine In
SUN-3648538,2023-04-18,Nasi Goreng Kampung,Food,FOD-03,1,38000,38000,Cash,Take Away
SUN-8986209,2023-07-24,Fudgy Brownies,Dessert,DST-02,4,25000,100000,Debit Card,Dine In
SUN-2564372,2023-12-03,Beef Carbonara Pasta,Food,FOD-02,3,52000,156000,Unknown,Online Order
SUN-7741066,2023-06-01,Creamy Maycha Latte,Drinks,DRK-05,2,35000,70000,Debit Card,Dine In
SUN-5556933,2023-06-13,Cafe Latte,Drinks,DRK-03,2,32000,64000,Unknown,Dine In
SUN-8153712,2023-02-18,Espreso Single,Drinks,DRK-01,2,22000,44000,Digital Wallet,Dine In
SUN-2488557,2023-02-12,Espreso Single,Drinks,DRK-01,2,22000,44000,Cash,Take Away
SUN-5224219,2023-07-29,Beef Carbonara Pasta,Food,FOD-02,2,52000,104000,Cash,Take Away
SUN-2119975,2023-06-23,Creamy Maycha Latte,Drinks,DRK-05,2,35000,70000,Debit Card,Take Away
SUN-1964121,2023-02-11,Club Sandwich,Food,FOD-05,1,45000,45000,Unknown,Online Order
SUN-1248581,2023-07-18,Club Sandwich,Food,FOD-05,4,45000,180000,Cash,Dine In
SUN-8795516,2023-01-19,Buttermilk Fried Chicken,Food,FOD-01,3,48000,144000,Debit Card,Take Away
SUN-2318578,2023-05-18,Caramel Machiato,Drinks,DRK-04,1,38000,38000,Debit Card,Dine In
SUN-1566769,2023-09-17,Buttermilk Fried Chicken,Food,FOD-01,3,48000,144000,Cash,Take Away
SUN-8048771,2023-07-22,Iced Americano,Drinks,DRK-02,3,28000,84000,Digital Wallet,Take Away
SUN-5770254,2023-11-22,Buttermilk Fried Chicken,Food,FOD-01,4,48000,192000,Digital Wallet,Dine In
SUN-9004022,2023-10-30,Buttermilk Fried Chicken,Food,FOD-01,2,48000,96000,Debit Card,Take Away
SUN-6315559,2023-06-10,Beef Carbonara Pasta,Food,FOD-02,4,52000,208000,Digital Wallet,Online Order
SUN-8851299,2023-09-30,New York Cheesecake,Dessert,DST-03,4,42000,168000,Cash,Take Away
SUN-1073925,2023-10-22,Club Sandwich,Food,FOD-05,2,45000,90000,Cash,Dine In
SUN-4486428,2023-12-08,Fudgy Brownies,Dessert,DST-02,1,25000,25000,Unknown,Dine In
SUN-1702193,2023-12-15,Choco Lava Cake,Dessert,DST-04,4,35000,140000,Debit Card,Dine In
SUN-3919942,2023-09-30,Club Sandwich,Food,FOD-05,3,45000,135000,Debit Card,Online Order
SUN-7240709,2023-09-24,Creamy Maycha Latte,Drinks,DRK-05,4,35000,140000,Digital Wallet,Take Away
SUN-9985829,2023-11-10,Cafe Latte,Drinks,DRK-03,2,32000,64000,Unknown,Online Order
SUN-7786892,2023-06-03,Beef Carbonara Pasta,Food,FOD-02,4,52000,208000,Digital Wallet,Unknown
SUN-3630549,2023-03-21,Fudgy Brownies,Dessert,DST-02,2,25000,50000,Debit Card,Unknown
SUN-8197634,2023-12-11,Iced Americano,Drinks,DRK-02,1,28000,28000,Cash,Dine In
SUN-5077058,2023-07-24,Beef Carbonara Pasta,Food,FOD-02,4,52000,208000,Unknown,Online Order
SUN-3729170,2023-04-01,Cinnamon Roll,Dessert,DST-05,4,28000,112000,Debit Card,Unknown
SUN-6492455,2023-06-16,Cinnamon Roll,Dessert,DST-05,1,28000,28000,Debit Card,Take Away
SUN-3588886,2023-03-29,Creamy Maycha Latte,Drinks,DRK-05,1,35000,35000,Unknown,Dine In
SUN-4241965,2023-12-15,Classic Tirmaisu,Dessert,DST-01,1,38000,38000,Digital Wallet,Dine In
SUN-1287476,2023-09-02,Espreso Single,Drinks,DRK-01,,22000,,Cash,Take Away
SUN-2774691,2023-09-18,Nasi Goreng Kampung,Food,FOD-03,3,38000,114000,Debit Card,Online Order
SUN-1462230,2023-10-29,Cafe Latte,Drinks,DRK-03,1,32000,32000,Cash,Dine In
SUN-5150261,2023-11-28,Classic Tirmaisu,Dessert,DST-01,1,38000,38000,Cash,Dine In
SUN-8087734,2023-04-06,Iced Americano,Drinks,DRK-02,4,28000,112000,Digital Wallet,Dine In
SUN-5034399,2023-03-08,Creamy Maycha Latte,Drinks,DRK-05,3,35000,105000,Debit Card,Unknown
SUN-3486483,2023-04-25,Cafe Latte,Drinks,DRK-03,,32000,,Debit Card,Unknown
SUN-2202933,2023-04-25,Beef Carbonara Pasta,Food,FOD-02,3,52000,156000,Digital Wallet,Dine In
SUN-2091766,2023-01-11,Club Sandwich,Food,FOD-05,1,45000,45000,Digital Wallet,Unknown
SUN-5097464,2023-06-21,Choco Lava Cake,Dessert,DST-04,3,35000,105000,Debit Card,Dine In
SUN-1588579,2023-02-04,Espreso Single,Drinks,DRK-01,3,22000,66000,Debit Card,Dine In
SUN-3194170,2023-12-27,Creamy Maycha Latte,Drinks,DRK-05,2,35000,70000,Digital Wallet,Unknown
SUN-5578224,2023-05-01,Nasi Goreng Kampung,Food,FOD-03,2,38000,76000,Digital Wallet,Online Order
SUN-6981477,2023-03-09,Beef Carbonara Pasta,Food,FOD-02,1,52000,52000,Digital Wallet,Take Away
SUN-9156360,2023-02-04,Choco Lava Cake,Dessert,DST-04,1,35000,35000,Digital Wallet,Take Away
SUN-8087931,2023-04-28,Fudgy Brownies,Dessert,DST-02,3,25000,75000,Digital Wallet,Online Order
SUN-2592510,2023-01-09,Nasi Goreng Kampung,Food,FOD-03,1,38000,38000,Debit Card,Unknown
SUN-9570616,2023-07-16,Espreso Single,Drinks,DRK-01,3,22000,66000,Digital Wallet,Take Away
SUN-2681835,2023-10-09,Club Sandwich,Food,FOD-05,3,45000,135000,Digital Wallet,Dine In
SUN-1132278,2023-05-11,Choco Lava Cake,Dessert,DST-04,2,35000,70000,Digital Wallet,Online Order
SUN-9998777,2023-11-19,Nasi Goreng Kampung,Food,FOD-03,3,38000,114000,Cash,Unknown
SUN-4274650,2023-05-29,Espreso Single,Drinks,DRK-01,2,22000,44000,Digital Wallet,Take Away
SUN-4800535,2023-02-19,Choco Lava Cake,Dessert,DST-04,2,35000,70000,Cash,Take Away
SUN-7161426,2023-05-06,Cafe Latte,Drinks,DRK-03,1,32000,32000,Cash,Dine In
SUN-9691239,2023-05-06,Grill Chicken Caesar Salad,Food,FOD-04,1,42000,42000,Cash,Take Away
SUN-2935110,2023-02-22,Caramel Machiato,Drinks,DRK-04,2,38000,76000,Unknown,Take Away
SUN-9297141,2023-01-06,Iced Americano,Drinks,DRK-02,2,28000,56000,Debit Card,Take Away
SUN-8208558,2023-04-19,Nasi Goreng Kampung,Food,FOD-03,4,38000,152000,Unknown,Online Order
SUN-4034757,2023-06-03,Cafe Latte,Drinks,DRK-03,3,32000,96000,Cash,Take Away
SUN-6183418,2023-10-01,Caramel Machiato,Drinks,DRK-04,4,38000,152000,Cash,Take Away
SUN-3998431,2023-02-13,Cinnamon Roll,Dessert,DST-05,4,28000,112000,Debit Card,Take Away
SUN-2740386,,Caramel Machiato,Drinks,DRK-04,3,38000,114000,Debit Card,Dine In
SUN-7787876,2023-07-27,Choco Lava Cake,Dessert,DST-04,4,35000,140000,Unknown,Take Away
SUN-1957118,2023-06-01,Caramel Machiato,Drinks,DRK-04,3,38000,114000,Cash,Dine In
SUN-1059999,2023-09-05,Cafe Latte,Drinks,DRK-03,3,32000,96000,Debit Card,Dine In
SUN-4554525,2023-05-29,Nasi Goreng Kampung,Food,FOD-03,2,38000,76000,Digital Wallet,Take Away
SUN-6964196,2023-09-19,Classic Tirmaisu,Dessert,DST-01,1,38000,38000,Debit Card,Take Away
SUN-2122406,2023-11-25,Buttermilk Fried Chicken,Food,FOD-01,3,48000,144000,Debit Card,Take Away
SUN-8543035,2023-02-08,Grill Chicken Caesar Salad,Food,FOD-04,2,42000,84000,Unknown,Unknown
SUN-5261443,2023-09-09,Buttermilk Fried Chicken,Food,FOD-01,2,48000,96000,Digital Wallet,Unknown
SUN-9811847,2023-10-19,Buttermilk Fried Chicken,Food,FOD-01,2,48000,96000,Cash,Take Away
SUN-6861231,2023-06-21,Buttermilk Fried Chicken,Food,FOD-01,1,48000,48000,Digital Wallet,Take Away
SUN-1728002,2023-11-02,Nasi Goreng Kampung,Food,FOD-03,3,38000,114000,Debit Card,Take Away
SUN-9256303,2023-03-25,Cafe Latte,Drinks,DRK-03,4,32000,128000,Cash,Take Away
SUN-6315525,2023-04-09,Creamy Maycha Latte,Drinks,DRK-05,3,35000,105000,Digital Wallet,Dine In
SUN-8912219,2023-02-09,Cinnamon Roll,Dessert,DST-05,3,28000,84000,Cash,Take Away
SUN-4445884,2023-12-22,Buttermilk Fried Chicken,Food,FOD-01,2,48000,96000,Debit Card,Online Order
SUN-1931515,2023-01-11,Grill Chicken Caesar Salad,Food,FOD-04,4,42000,168000,Cash,Take Away
SUN-3693655,2023-05-04,Cafe Latte,Drinks,DRK-03,3,32000,96000,Cash,Take Away
SUN-5089544,2023-06-24,Iced Americano,Drinks,DRK-02,4,28000,112000,Digital Wallet,Dine In
SUN-3487182,2023-04-05,Nasi Goreng Kampung,Food,FOD-03,1,38000,38000,Unknown,Dine In
SUN-3821116,2023-12-22,Club Sandwich,Food,FOD-05,4,45000,180000,Digital Wallet,Unknown
SUN-5853883,2023-02-27,Creamy Maycha Latte,Drinks,DRK-05,2,35000,70000,Cash,Unknown
SUN-5339605,2023-02-06,Club Sandwich,Food,FOD-05,4,45000,180000,Digital Wallet,Take Away
SUN-4693684,2023-12-18,Club Sandwich,Food,FOD-05,4,45000,180000,Digital Wallet,Unknown
SUN-3608700,2023-02-01,Club Sandwich,Food,FOD-05,3,45000,135000,Debit Card,Take Away
SUN-1176320,2023-12-26,Buttermilk Fried Chicken,Food,FOD-01,3,48000,144000,Digital Wallet,Online Order
SUN-6332135,2023-04-18,Grill Chicken Caesar Salad,Food,FOD-04,2,42000,84000,Cash,Take Away
SUN-8163621,2023-10-13,Buttermilk Fried Chicken,Food,FOD-01,1,48000,48000,Unknown,Take Away
SUN-2966530,2023-06-24,Buttermilk Fried Chicken,Food,FOD-01,2,48000,96000,Unknown,Take Away
SUN-8051141,2023-04-20,Nasi Goreng Kampung,Food,FOD-03,1,38000,38000,Cash,Take Away
SUN-7647162,2023-02-15,Espreso Single,Drinks,DRK-01,2,22000,44000,Cash,Dine In
SUN-9332197,2023-03-10,Fudgy Brownies,Dessert,DST-02,4,25000,100000,Debit Card,Take Away
SUN-5581911,2023-11-04,Choco Lava Cake,Dessert,DST-04,4,35000,140000,Digital Wallet,Online Order
SUN-9303049,2023-10-25,Choco Lava Cake,Dessert,DST-04,2,35000,70000,Unknown,Take Away
SUN-4259461,2023-07-05,Beef Carbonara Pasta,Food,FOD-02,3,52000,156000,Debit Card,Online Order
SUN-7467949,2023-10-27,Classic Tirmaisu,Dessert,DST-01,2,38000,76000,Digital Wallet,Online Order
SUN-7387403,2023-09-10,Creamy Maycha Latte,Drinks,DRK-05,2,35000,70000,Cash,Dine In
SUN-6296019,2023-09-10,Cafe Latte,Drinks,DRK-03,2,32000,64000,Debit Card,Take Away
SUN-1363624,2023-08-20,Iced Americano,Drinks,DRK-02,4,28000,112000,Debit Card,Dine In
SUN-1057678,2023-01-06,Classic Tirmaisu,Dessert,DST-01,3,38000,114000,Digital Wallet,Unknown
SUN-8636380,2023-12-18,Espreso Single,Drinks,DRK-01,4,22000,88000,Unknown,Unknown
SUN-5765206,2023-02-02,Nasi Goreng Kampung,Food,FOD-03,3,38000,114000,Unknown,Unknown
SUN-4227976,2023-05-08,Club Sandwich,Food,FOD-05,2,45000,90000,Digital Wallet,Take Away
SUN-8068596,2023-07-28,Espreso Single,Drinks,DRK-01,3,22000,66000,Debit Card,Online Order
SUN-4842159,2023-10-06,Buttermilk Fried Chicken,Food,FOD-01,1,48000,48000,Digital Wallet,Online Order
SUN-4818796,2023-01-15,Beef Carbonara Pasta,Food,FOD-02,4,52000,208000,Digital Wallet,Dine In
SUN-7829163,2023-08-02,Iced Americano,Drinks,DRK-02,3,28000,84000,Cash,Unknown
SUN-6866025,2023-10-26,Espreso Single,Drinks,DRK-01,3,22000,66000,Unknown,Unknown
SUN-6518973,2023-01-23,Choco Lava Cake,Dessert,DST-04,4,35000,140000,Debit Card,Take Away
SUN-4200010,2023-12-23,New York Cheesecake,Dessert,DST-03,4,42000,168000,Debit Card,Online Order
SUN-7485893,2023-03-29,Buttermilk Fried Chicken,Food,FOD-01,3,48000,144000,Cash,Dine In
SUN-4007919,2023-12-23,Grill Chicken Caesar Salad,Food,FOD-04,3,42000,126000,Debit Card,Online Order
SUN-3533646,2023-03-05,Cinnamon Roll,Dessert,DST-05,1,28000,28000,Debit Card,Take Away
SUN-6599730,2023-10-30,Iced Americano,Drinks,DRK-02,1,28000,28000,Cash,Dine In
SUN-9520820,2023-12-20,Cafe Latte,Drinks,DRK-03,3,32000,96000,Digital Wallet,Online Order
SUN-4287778,2023-01-15,New York Cheesecake,Dessert,DST-03,2,42000,84000,Unknown,Unknown
SUN-3373231,2023-07-07,Cinnamon Roll,Dessert,DST-05,1,28000,28000,Debit Card,Online Order
SUN-5933258,2023-02-11,Espreso Single,Drinks,DRK-01,4,22000,88000,Debit Card,Online Order
SUN-4081168,2023-11-27,Classic Tirmaisu,Dessert,DST-01,4,38000,152000,Unknown,Unknown
SUN-8631450,2023-12-24,Caramel Machiato,Drinks,DRK-04,4,38000,152000,Digital Wallet,Unknown
SUN-9157601,2023-03-14,New York Cheesecake,Dessert,DST-03,2,42000,84000,Digital Wallet,Online Order
SUN-6500963,2023-07-17,Buttermilk Fried Chicken,Food,FOD-01,1,48000,48000,Debit Card,Take Away
SUN-3067745,2023-05-22,Espreso Single,Drinks,DRK-01,1,22000,22000,Debit Card,Unknown
SUN-8771704,2023-02-10,Cafe Latte,Drinks,DRK-03,1,32000,32000,Debit Card,Dine In
SUN-3715580,2023-07-17,Buttermilk Fried Chicken,Food,FOD-01,1,48000,48000,Debit Card,Dine In
SUN-8665867,2023-01-02,Buttermilk Fried Chicken,Food,FOD-01,3,48000,144000,Debit Card,Take Away
SUN-2527607,2023-08-19,Nasi Goreng Kampung,Food,FOD-03,3,38000,114000,Digital Wallet,Take Away
SUN-9053758,2023-02-12,Cafe Latte,Drinks,DRK-03,3,32000,96000,Cash,Take Away
SUN-8411329,2023-10-14,Caramel Machiato,Drinks,DRK-04,3,38000,114000,Unknown,Dine In
SUN-8844192,2023-11-17,Fudgy Brownies,Dessert,DST-02,1,25000,25000,Debit Card,Online Order
SUN-5350222,2023-05-16,Caramel Machiato,Drinks,DRK-04,3,38000,114000,Cash,Take Away
SUN-8630554,2023-04-20,Caramel Machiato,Drinks,DRK-04,4,38000,152000,Debit Card,Online Order
SUN-8578745,2023-01-08,Grill Chicken Caesar Salad,Food,FOD-04,3,42000,126000,Digital Wallet,Dine In
SUN-6196303,2023-09-30,Buttermilk Fried Chicken,Food,FOD-01,2,48000,96000,Unknown,Dine In
SUN-5710746,2023-08-24,Espreso Single,Drinks,DRK-01,2,22000,44000,Debit Card,Online Order
SUN-4803781,2023-12-09,Choco Lava Cake,Dessert,DST-04,3,35000,105000,Unknown,Take Away
SUN-5442634,2023-08-31,Nasi Goreng Kampung,Food,FOD-03,4,38000,152000,Debit Card,Dine In
SUN-5662672,2023-05-10,Iced Americano,Drinks,DRK-02,1,28000,28000,Unknown,Dine In
SUN-3309783,2023-09-05,Fudgy Brownies,Dessert,DST-02,3,25000,75000,Digital Wallet,Dine In
SUN-2455430,2023-12-06,Choco Lava Cake,Dessert,DST-04,3,35000,105000,Digital Wallet,Unknown
SUN-7473390,2023-12-18,Choco Lava Cake,Dessert,DST-04,4,35000,140000,Debit Card,Take Away
SUN-2387419,2023-11-19,Cinnamon Roll,Dessert,DST-05,3,28000,84000,Unknown,Online Order
SUN-4051991,2023-01-27,Fudgy Brownies,Dessert,DST-02,3,25000,75000,Debit Card,Take Away
SUN-2405974,2023-02-14,Cafe Latte,Drinks,DRK-03,2,32000,64000,Cash,Unknown
SUN-3193279,2023-11-12,Caramel Machiato,Drinks,DRK-04,1,38000,38000,Cash,Take Away
SUN-8517127,2023-02-16,Cafe Latte,Drinks,DRK-03,3,32000,96000,Unknown,Online Order
SUN-7533310,2023-08-30,Creamy Maycha Latte,Drinks,DRK-05,1,35000,35000,Cash,Unknown
SUN-2396304,2023-11-25,Classic Tirmaisu,Dessert,DST-01,3,38000,114000,Digital Wallet,Take Away
SUN-2695199,2023-05-04,Beef Carbonara Pasta,Food,FOD-02,1,52000,52000,Debit Card,Take Away
SUN-7529978,2023-11-02,Buttermilk Fried Chicken,Food,FOD-01,3,48000,144000,Digital Wallet,Take Away
SUN-3305229,2023-02-03,Buttermilk Fried Chicken,Food,FOD-01,4,48000,192000,Cash,Unknown
SUN-8812264,2023-10-28,Club Sandwich,Food,FOD-05,2,45000,90000,Debit Card,Unknown
SUN-7486216,2023-10-12,Iced Americano,Drinks,DRK-02,4,28000,112000,Unknown,Dine In
SUN-5453168,2023-09-01,Caramel Machiato,Drinks,DRK-04,1,38000,38000,Digital Wallet,Unknown
SUN-9839325,2023-02-04,Iced Americano,Drinks,DRK-02,3,28000,84000,Unknown,Dine In
SUN-5298226,2023-12-16,Club Sandwich,Food,FOD-05,3,45000,135000,Debit Card,Online Order
SUN-9804887,2023-11-29,Buttermilk Fried Chicken,Food,FOD-01,3,48000,144000,Debit Card,Unknown
SUN-5300589,2023-06-03,Choco Lava Cake,Dessert,DST-04,3,35000,105000,Cash,Dine In
SUN-5234563,2023-09-15,Creamy Maycha Latte,Drinks,DRK-05,4,35000,140000,Unknown,Unknown
SUN-7165930,2023-10-26,Caramel Machiato,Drinks,DRK-04,2,38000,76000,Cash,Take Away
SUN-2129355,2023-05-31,Fudgy Brownies,Dessert,DST-02,,25000,,Debit Card,Unknown
SUN-3281809,2023-10-10,Iced Americano,Drinks,DRK-02,1,28000,28000,Digital Wallet,Take Away
SUN-4599946,2023-04-19,Fudgy Brownies,Dessert,DST-02,2,25000,50000,Debit Card,Dine In
SUN-5486246,2023-06-09,Club Sandwich,Food,FOD-05,,45000,,Digital Wallet,Dine In
SUN-2567199,2023-06-10,Iced Americano,Drinks,DRK-02,3,28000,84000,Cash,Take Away
SUN-8998835,2023-04-17,Club Sandwich,Food,FOD-05,3,45000,135000,Cash,Take Away
SUN-4694803,2023-06-19,Caramel Machiato,Drinks,DRK-04,1,38000,38000,Digital Wallet,Online Order
SUN-6232253,2023-02-11,Unknown,Unknown,Unknown,1,38000,38000,Debit Card,Unknown
SUN-9979230,2023-09-06,Cafe Latte,Drinks,DRK-03,4,32000,128000,Unknown,Online Order
SUN-3433670,2023-12-14,Nasi Goreng Kampung,Food,FOD-03,1,38000,38000,Debit Card,Unknown
SUN-8809813,2023-09-27,Caramel Machiato,Drinks,DRK-04,3,38000,114000,Debit Card,Unknown
SUN-3069205,2023-10-27,Classic Tirmaisu,Dessert,DST-01,2,38000,76000,Debit Card,Dine In
SUN-5391597,2023-04-07,Nasi Goreng Kampung,Food,FOD-03,4,38000,152000,Cash,Unknown
SUN-1303360,2023-09-29,Choco Lava Cake,Dessert,DST-04,2,35000,70000,Debit Card,Unknown
SUN-2453822,2023-03-02,Nasi Goreng Kampung,Food,FOD-03,1,38000,38000,Cash,Dine In
SUN-4736721,2023-04-02,Choco Lava Cake,Dessert,DST-04,4,35000,140000,Unknown,Take Away
SUN-2215440,2023-12-29,Cinnamon Roll,Dessert,DST-05,2,28000,56000,Cash,Dine In
SUN-4472152,2023-10-27,Club Sandwich,Food,FOD-05,2,45000,90000,Unknown,Take Away
SUN-7982450,2023-04-02,Nasi Goreng Kampung,Food,FOD-03,1,38000,38000,Debit Card,Online Order
SUN-5835008,2023-03-13,Creamy Maycha Latte,Drinks,DRK-05,1,35000,35000,Debit Card,Take Away
SUN-7512655,2023-11-11,Club Sandwich,Food,FOD-05,4,45000,180000,Debit Card,Unknown
SUN-1430541,2023-08-20,Choco Lava Cake,Dessert,DST-04,1,35000,35000,Cash,Dine In
SUN-8848922,2023-10-30,Beef Carbonara Pasta,Food,FOD-02,3,52000,156000,Digital Wallet,Take Away
SUN-3118844,2023-03-01,Buttermilk Fried Chicken,Food,FOD-01,2,48000,96000,Unknown,Take Away
SUN-3340150,2023-06-14,Club Sandwich,Food,FOD-05,4,45000,180000,Digital Wallet,Unknown
SUN-8796795,2023-06-15,Caramel Machiato,Drinks,DRK-04,4,38000,152000,Unknown,Take Away
SUN-6229131,2023-06-28,Beef Carbonara Pasta,Food,FOD-02,1,52000,52000,Debit Card,Take Away
SUN-3926246,2023-08-12,Creamy Maycha Latte,Drinks,DRK-05,4,35000,140000,Cash,Take Away
SUN-8573087,2023-03-01,Nasi Goreng Kampung,Food,FOD-03,2,38000,76000,Debit Card,Unknown
SUN-6440803,2023-09-20,Nasi Goreng Kampung,Food,FOD-03,3,38000,114000,Cash,Take Away
SUN-2100146,2023-05-13,Classic Tirmaisu,Dessert,DST-01,3,38000,114000,Debit Card,Dine In
SUN-8552000,2023-12-01,Club Sandwich,Food,FOD-05,3,45000,135000,Unknown,Take Away
SUN-7990040,2023-06-13,Club Sandwich,Food,FOD-05,1,45000,45000,Cash,Dine In
SUN-5448703,2023-12-16,Iced Americano,Drinks,DRK-02,1,28000,28000,Cash,Take Away
SUN-5643968,2023-06-17,Grill Chicken Caesar Salad,Food,FOD-04,3,42000,126000,Unknown,Online Order
SUN-5616142,2023-10-05,Nasi Goreng Kampung,Food,FOD-03,4,38000,152000,Digital Wallet,Online Order
SUN-5884754,2023-02-13,Buttermilk Fried Chicken,Food,FOD-01,4,48000,192000,Digital Wallet,Online Order
SUN-4210771,2023-01-17,Fudgy Brownies,Dessert,DST-02,3,25000,75000,Debit Card,Dine In
SUN-9814851,2023-06-26,Espreso Single,Drinks,DRK-01,1,22000,22000,Digital Wallet,Online Order
SUN-2429473,2023-05-22,Iced Americano,Drinks,DRK-02,1,28000,28000,Debit Card,Online Order
SUN-8465570,2023-12-31,Beef Carbonara Pasta,Food,FOD-02,3,52000,156000,Cash,Take Away
SUN-9900582,2023-09-23,New York Cheesecake,Dessert,DST-03,3,42000,126000,Debit Card,Unknown
SUN-6212132,2023-03-22,Buttermilk Fried Chicken,Food,FOD-01,4,48000,192000,Digital Wallet,Online Order
SUN-7356948,2023-11-13,New York Cheesecake,Dessert,DST-03,2,42000,84000,Debit Card,Dine In
SUN-3527977,2023-07-13,Cafe Latte,Drinks,DRK-03,4,32000,128000,Debit Card,Take Away
SUN-3805585,2023-01-09,New York Cheesecake,Dessert,DST-03,2,42000,84000,Cash,Unknown
SUN-1523403,2023-10-14,Grill Chicken Caesar Salad,Food,FOD-04,4,42000,168000,Debit Card,Dine In
SUN-9574091,2023-05-26,Fudgy Brownies,Dessert,DST-02,2,25000,50000,Cash,Dine In
SUN-3848081,2023-01-11,Iced Americano,Drinks,DRK-02,2,28000,56000,Digital Wallet,Take Away
SUN-5877196,2023-12-08,Buttermilk Fried Chicken,Food,FOD-01,1,48000,48000,Debit Card,Take Away
SUN-4315947,2023-11-11,Nasi Goreng Kampung,Food,FOD-03,2,38000,76000,Cash,Take Away
SUN-6206906,2023-12-05,Caramel Machiato,Drinks,DRK-04,3,38000,114000,Cash,Dine In
SUN-7041089,2023-07-09,Caramel Machiato,Drinks,DRK-04,2,38000,76000,Digital Wallet,Online Order
SUN-7997023,2023-11-19,Creamy Maycha Latte,Drinks,DRK-05,4,35000,140000,Digital Wallet,Online Order
SUN-9877440,2023-10-05,Choco Lava Cake,Dessert,DST-04,2,35000,70000,Digital Wallet,Take Away
SUN-9808447,2023-02-25,Club Sandwich,Food,FOD-05,1,45000,45000,Unknown,Online Order
SUN-9874260,2023-12-18,Nasi Goreng Kampung,Food,FOD-03,1,38000,38000,Digital Wallet,Take Away
SUN-4227488,2023-04-28,Grill Chicken Caesar Salad,Food,FOD-04,3,42000,126000,Debit Card,Dine In
SUN-1615197,2023-01-05,Caramel Machiato,Drinks,DRK-04,1,38000,38000,Digital Wallet,Unknown
SUN-6815668,2023-12-05,Buttermilk Fried Chicken,Food,FOD-01,2,48000,96000,Cash,Dine In
SUN-6560842,2023-03-27,Espreso Single,Drinks,DRK-01,3,22000,66000,Debit Card,Dine In
SUN-7581500,2023-12-02,Grill Chicken Caesar Salad,Food,FOD-04,3,42000,126000,Debit Card,Unknown
SUN-1919963,2023-02-09,Caramel Machiato,Drinks,DRK-04,4,38000,152000,Digital Wallet,Take Away
SUN-6831924,2023-12-18,Iced Americano,Drinks,DRK-02,3,28000,84000,Cash,Dine In
SUN-1610623,2023-03-16,Cinnamon Roll,Dessert,DST-05,3,28000,84000,Digital Wallet,Online Order
SUN-6624230,2023-09-13,Fudgy Brownies,Dessert,DST-02,1,25000,25000,Cash,Dine In
SUN-6083269,2023-12-28,Buttermilk Fried Chicken,Food,FOD-01,2,48000,96000,Digital Wallet,Unknown
SUN-2020337,2023-09-17,New York Cheesecake,Dessert,DST-03,4,42000,168000,Unknown,Online Order
SUN-8284252,2023-05-24,Classic Tirmaisu,Dessert,DST-01,1,38000,38000,Digital Wallet,Unknown
SUN-9365874,2023-04-03,Creamy Maycha Latte,Drinks,DRK-05,1,35000,35000,Digital Wallet,Dine In
SUN-6570254,2023-01-06,Choco Lava Cake,Dessert,DST-04,,35000,,Cash,Dine In
SUN-1851069,2023-09-17,Choco Lava Cake,Dessert,DST-04,4,35000,140000,Debit Card,Online Order
SUN-6120297,2023-11-15,Caramel Machiato,Drinks,DRK-04,2,38000,76000,Digital Wallet,Dine In
SUN-5093641,2023-04-07,Iced Americano,Drinks,DRK-02,4,28000,112000,Unknown,Online Order
SUN-2908109,2023-10-18,Fudgy Brownies,Dessert,DST-02,,25000,,Cash,Take Away
SUN-9598512,2023-11-04,Cafe Latte,Drinks,DRK-03,4,32000,128000,Unknown,Dine In
SUN-9800622,2023-01-18,Fudgy Brownies,Dessert,DST-02,3,25000,75000,Digital Wallet,Online Order
SUN-4052621,2023-08-09,Classic Tirmaisu,Dessert,DST-01,3,38000,114000,Cash,Dine In
SUN-6117459,2023-02-27,Espreso Single,Drinks,DRK-01,2,22000,44000,Digital Wallet,Unknown
SUN-2232343,2023-04-14,Cafe Latte,Drinks,DRK-03,3,32000,96000,Debit Card,Unknown
SUN-1067199,2023-07-18,Grill Chicken Caesar Salad,Food,FOD-04,1,42000,42000,Unknown,Take Away
SUN-1053192,2023-02-24,Cafe Latte,Drinks,DRK-03,4,32000,128000,Debit Card,Unknown
SUN-1457483,2023-04-17,Buttermilk Fried Chicken,Food,FOD-01,2,48000,96000,Unknown,Take Away
SUN-1228960,2023-02-15,Choco Lava Cake,Dessert,DST-04,1,35000,35000,Debit Card,Online Order
SUN-7912905,2023-02-24,Iced Americano,Drinks,DRK-02,3,28000,84000,Digital Wallet,Unknown
SUN-7291356,2023-02-25,Caramel Machiato,Drinks,DRK-04,4,38000,152000,Digital Wallet,Online Order
SUN-1426504,2023-12-30,Caramel Machiato,Drinks,DRK-04,3,38000,114000,Digital Wallet,Online Order
SUN-4765952,2023-12-01,Creamy Maycha Latte,Drinks,DRK-05,3,35000,105000,Digital Wallet,Dine In
SUN-5909434,2023-06-29,Beef Carbonara Pasta,Food,FOD-02,4,52000,208000,Digital Wallet,Take Away
SUN-7651739,2023-05-15,Classic Tirmaisu,Dessert,DST-01,4,38000,152000,Unknown,Online Order
SUN-1611193,2023-10-24,Espreso Single,Drinks,DRK-01,2,22000,44000,Unknown,Online Order
SUN-7696646,2023-07-26,Cafe Latte,Drinks,DRK-03,4,32000,128000,Cash,Unknown
SUN-4020156,2023-01-19,New York Cheesecake,Dessert,DST-03,3,42000,126000,Debit Card,Take Away
SUN-6979258,2023-02-23,Beef Carbonara Pasta,Food,FOD-02,1,52000,52000,Cash,Dine In
SUN-6115683,2023-07-21,Buttermilk Fried Chicken,Food,FOD-01,3,48000,144000,Unknown,Take Away
SUN-3080173,2023-11-24,Choco Lava Cake,Dessert,DST-04,3,35000,105000,Cash,Dine In
SUN-6305839,2023-08-29,Nasi Goreng Kampung,Food,FOD-03,4,38000,152000,Debit Card,Dine In
SUN-6919060,2023-12-29,Buttermilk Fried Chicken,Food,FOD-01,2,48000,96000,Unknown,Dine In
SUN-8084498,2023-10-30,New York Cheesecake,Dessert,DST-03,1,42000,42000,Cash,Dine In
SUN-8246550,2023-07-07,Creamy Maycha Latte,Drinks,DRK-05,2,35000,70000,Debit Card,Online Order
SUN-2262387,2023-12-07,Beef Carbonara Pasta,Food,FOD-02,1,52000,52000,Digital Wallet,Online Order
SUN-3853841,2023-12-13,Club Sandwich,Food,FOD-05,1,45000,45000,Digital Wallet,Online Order
SUN-6224706,2023-11-26,Grill Chicken Caesar Salad,Food,FOD-04,2,42000,84000,Unknown,Online Order
SUN-8695516,2023-12-21,Choco Lava Cake,Dessert,DST-04,1,35000,35000,Debit Card,Online Order
SUN-1762243,2023-01-12,Iced Americano,Drinks,DRK-02,4,28000,112000,Digital Wallet,Online Order
SUN-1851251,2023-09-04,Grill Chicken Caesar Salad,Food,FOD-04,1,42000,42000,Debit Card,Dine In
SUN-4258141,2023-02-09,Club Sandwich,Food,FOD-05,3,45000,135000,Cash,Dine In
SUN-5200059,2023-02-22,Fudgy Brownies,Dessert,DST-02,2,25000,50000,Debit Card,Online Order
SUN-4051115,2023-01-29,Classic Tirmaisu,Dessert,DST-01,2,38000,76000,Digital Wallet,Dine In
SUN-4683012,2023-08-29,Cafe Latte,Drinks,DRK-03,1,32000,32000,Cash,Take Away
SUN-9338071,2023-07-02,Caramel Machiato,Drinks,DRK-04,1,38000,38000,Debit Card,Online Order
SUN-1870091,2023-03-08,Iced Americano,Drinks,DRK-02,1,28000,28000,Debit Card,Dine In
SUN-7573864,2023-10-11,Beef Carbonara Pasta,Food,FOD-02,4,52000,208000,Unknown,Online Order
SUN-4237849,2023-11-23,New York Cheesecake,Dessert,DST-03,4,42000,168000,Cash,Take Away
SUN-9451640,2023-09-18,Club Sandwich,Food,FOD-05,3,45000,135000,Digital Wallet,Take Away
SUN-1241500,2023-11-22,Fudgy Brownies,Dessert,DST-02,1,25000,25000,Unknown,Dine In
SUN-8279170,2023-04-15,New York Cheesecake,Dessert,DST-03,1,42000,42000,Unknown,Take Away
SUN-2403519,2023-03-07,Beef Carbonara Pasta,Food,FOD-02,4,52000,208000,Debit Card,Online Order
SUN-4301883,2023-09-13,Classic Tirmaisu,Dessert,DST-01,2,38000,76000,Debit Card,Take Away
SUN-9623183,2023-05-10,Club Sandwich,Food,FOD-05,2,45000,90000,Digital Wallet,Take Away
SUN-7742297,2023-02-21,Grill Chicken Caesar Salad,Food,FOD-04,3,42000,126000,Cash,Take Away
SUN-3107652,2023-09-07,Cafe Latte,Drinks,DRK-03,1,32000,32000,Debit Card,Take Away
SUN-3621596,2023-05-02,Beef Carbonara Pasta,Food,FOD-02,2,52000,104000,Unknown,Online Order
SUN-7155184,2023-03-29,Beef Carbonara Pasta,Food,FOD-02,1,52000,52000,Unknown,Unknown
SUN-4751235,2023-08-19,Caramel Machiato,Drinks,DRK-04,2,38000,76000,Digital Wallet,Dine In
SUN-8739397,2023-11-04,Iced Americano,Drinks,DRK-02,3,28000,84000,Digital Wallet,Online Order
SUN-6434726,2023-10-27,Creamy Maycha Latte,Drinks,DRK-05,3,35000,105000,Unknown,Online Order
SUN-3311546,2023-07-05,Beef Carbonara Pasta,Food,FOD-02,4,52000,208000,Debit Card,Online Order
SUN-3758975,2023-12-07,Beef Carbonara Pasta,Food,FOD-02,2,52000,104000,Unknown,Take Away
SUN-7122015,2023-08-25,Caramel Machiato,Drinks,DRK-04,2,38000,76000,Debit Card,Dine In
SUN-4853480,2023-10-30,Caramel Machiato,Drinks,DRK-04,,38000,,Digital Wallet,Take Away
SUN-4811359,2023-06-16,Iced Americano,Drinks,DRK-02,3,28000,84000,Digital Wallet,Dine In
SUN-9110671,2023-08-09,Caramel Machiato,Drinks,DRK-04,3,38000,114000,Debit Card,Dine In
SUN-4323947,2023-10-22,Iced Americano,Drinks,DRK-02,4,28000,112000,Digital Wallet,Dine In
SUN-1358564,2023-01-04,Nasi Goreng Kampung,Food,FOD-03,4,38000,152000,Unknown,Take Away
SUN-6011969,2023-10-16,Cafe Latte,Drinks,DRK-03,3,32000,96000,Unknown,Take Away
SUN-1402947,2023-07-25,Nasi Goreng Kampung,Food,FOD-03,4,38000,152000,Cash,Take Away
SUN-9098517,2023-10-21,Classic Tirmaisu,Dessert,DST-01,3,38000,114000,Debit Card,Online Order
SUN-6334130,2023-06-06,Choco Lava Cake,Dessert,DST-04,1,35000,35000,Unknown,Dine In
SUN-8247894,2023-05-14,Buttermilk Fried Chicken,Food,FOD-01,3,48000,144000,Digital Wallet,Unknown
SUN-9130120,2023-03-22,Caramel Machiato,Drinks,DRK-04,4,38000,152000,Cash,Take Away
SUN-3018173,2023-05-11,Choco Lava Cake,Dessert,DST-04,1,35000,35000,Debit Card,Online Order
SUN-4691746,2023-05-16,Iced Americano,Drinks,DRK-02,3,28000,84000,Debit Card,Online Order
SUN-8866235,2023-03-30,Cafe Latte,Drinks,DRK-03,4,32000,128000,Unknown,Online Order
SUN-8090857,2023-07-20,Beef Carbonara Pasta,Food,FOD-02,4,52000,208000,Debit Card,Dine In
SUN-3206990,2023-11-25,Buttermilk Fried Chicken,Food,FOD-01,2,48000,96000,Cash,Unknown
SUN-1617308,2023-10-04,Creamy Maycha Latte,Drinks,DRK-05,2,35000,70000,Digital Wallet,Online Order
SUN-5391971,2023-02-12,Cafe Latte,Drinks,DRK-03,1,32000,32000,Digital Wallet,Take Away
SUN-1859855,2023-02-17,Choco Lava Cake,Dessert,DST-04,4,35000,140000,Debit Card,Take Away
SUN-9595212,2023-05-10,Caramel Machiato,Drinks,DRK-04,4,38000,152000,Cash,Take Away
SUN-5432524,2023-09-11,Club Sandwich,Food,FOD-05,1,45000,45000,Digital Wallet,Take Away
SUN-3565360,2023-01-13,Fudgy Brownies,Dessert,DST-02,1,25000,25000,Digital Wallet,Dine In
SUN-5709419,2023-10-22,Creamy Maycha Latte,Drinks,DRK-05,2,35000,70000,Debit Card,Take Away
SUN-7241078,2023-08-28,Classic Tirmaisu,Dessert,DST-01,3,38000,114000,Digital Wallet,Online Order
SUN-4064252,2023-05-12,Iced Americano,Drinks,DRK-02,3,28000,84000,Unknown,Take Away
SUN-8846320,2023-12-17,Fudgy Brownies,Dessert,DST-02,3,25000,75000,Cash,Unknown
SUN-6922728,2023-11-26,Cafe Latte,Drinks,DRK-03,2,32000,64000,Debit Card,Online Order
SUN-4519317,2023-07-15,Choco Lava Cake,Dessert,DST-04,3,35000,105000,Digital Wallet,Online Order
SUN-1226278,2023-09-28,Caramel Machiato,Drinks,DRK-04,3,38000,114000,Unknown,Take Away
SUN-7418930,2023-01-13,New York Cheesecake,Dessert,DST-03,1,42000,42000,Debit Card,Online Order
SUN-1359277,2023-01-23,New York Cheesecake,Dessert,DST-03,2,42000,84000,Debit Card,Online Order
SUN-4923063,2023-05-09,Beef Carbonara Pasta,Food,FOD-02,4,52000,208000,Digital Wallet,Take Away
SUN-3187525,2023-12-18,Espreso Single,Drinks,DRK-01,1,22000,22000,Debit Card,Take Away
SUN-5110781,2023-08-30,Cafe Latte,Drinks,DRK-03,1,32000,32000,Cash,Take Away
SUN-5286839,2023-10-12,Iced Americano,Drinks,DRK-02,1,28000,28000,Digital Wallet,Online Order
SUN-6542898,2023-02-28,Creamy Maycha Latte,Drinks,DRK-05,3,35000,105000,Debit Card,Take Away
SUN-6327187,2023-09-17,Cafe Latte,Drinks,DRK-03,1,32000,32000,Debit Card,Unknown
SUN-2414327,2023-07-09,Espreso Single,Drinks,DRK-01,4,22000,88000,Debit Card,Online Order
SUN-9581262,2023-06-15,Caramel Machiato,Drinks,DRK-04,4,38000,152000,Digital Wallet,Take Away
SUN-9128275,2023-05-04,Grill Chicken Caesar Salad,Food,FOD-04,2,42000,84000,Digital Wallet,Unknown
SUN-8084471,2023-10-01,New York Cheesecake,Dessert,DST-03,3,42000,126000,Cash,Dine In
SUN-6908625,2023-01-17,Unknown,Unknown,Unknown,2,28000,56000,Cash,Dine In
SUN-8654566,2023-10-03,Cafe Latte,Drinks,DRK-03,3,32000,96000,Debit Card,Dine In
SUN-9361726,2023-10-13,Buttermilk Fried Chicken,Food,FOD-01,3,48000,144000,Debit Card,Unknown
SUN-5796211,2023-05-19,Nasi Goreng Kampung,Food,FOD-03,1,38000,38000,Unknown,Take Away
SUN-9491012,2023-04-16,Creamy Maycha Latte,Drinks,DRK-05,3,35000,105000,Unknown,Take Away
SUN-8146006,2023-02-17,Cinnamon Roll,Dessert,DST-05,4,28000,112000,Debit Card,Online Order
SUN-6774257,2023-03-08,Beef Carbonara Pasta,Food,FOD-02,2,52000,104000,Cash,Take Away
SUN-6626155,2023-03-31,New York Cheesecake,Dessert,DST-03,2,42000,84000,Cash,Unknown
SUN-7152997,2023-08-28,Cafe Latte,Drinks,DRK-03,3,32000,96000,Unknown,Online Order
SUN-4957821,2023-04-05,Espreso Single,Drinks,DRK-01,2,22000,44000,Cash,Dine In
SUN-2839775,2023-06-10,Cafe Latte,Drinks,DRK-03,2,32000,64000,Cash,Dine In
SUN-7980834,2023-01-20,Espreso Single,Drinks,DRK-01,4,22000,88000,Digital Wallet,Unknown
SUN-7489046,2023-04-29,Beef Carbonara Pasta,Food,FOD-02,2,52000,104000,Debit Card,Dine In
SUN-8158499,2023-06-18,Creamy Maycha Latte,Drinks,DRK-05,1,35000,35000,Debit Card,Online Order
SUN-2174765,2023-02-07,Club Sandwich,Food,FOD-05,3,45000,135000,Cash,Take Away
SUN-5512852,2023-08-30,Beef Carbonara Pasta,Food,FOD-02,1,52000,52000,Debit Card,Unknown
SUN-4845867,2023-12-27,Caramel Machiato,Drinks,DRK-04,1,38000,38000,Digital Wallet,Unknown
SUN-6985758,2023-09-20,Grill Chicken Caesar Salad,Food,FOD-04,4,42000,168000,Unknown,Dine In
SUN-8770458,2023-08-05,Classic Tirmaisu,Dessert,DST-01,3,38000,114000,Digital Wallet,Dine In
SUN-3952632,2023-04-04,Club Sandwich,Food,FOD-05,4,45000,180000,Unknown,Dine In
SUN-9845992,2023-06-11,Buttermilk Fried Chicken,Food,FOD-01,1,48000,48000,Unknown,Dine In
SUN-4332942,2023-08-12,Choco Lava Cake,Dessert,DST-04,2,35000,70000,Digital Wallet,Online Order
SUN-3141424,2023-08-03,Iced Americano,Drinks,DRK-02,1,28000,28000,Unknown,Online Order
SUN-1538635,2023-12-10,New York Cheesecake,Dessert,DST-03,3,42000,126000,Debit Card,Online Order
SUN-4855739,2023-06-15,Fudgy Brownies,Dessert,DST-02,1,25000,25000,Debit Card,Take Away
SUN-5215136,2023-11-07,Espreso Single,Drinks,DRK-01,4,22000,88000,Debit Card,Online Order
SUN-7915544,2023-10-16,Buttermilk Fried Chicken,Food,FOD-01,3,48000,144000,Debit Card,Take Away
SUN-5971630,2023-08-26,Creamy Maycha Latte,Drinks,DRK-05,2,35000,70000,Cash,Dine In
SUN-8559718,2023-11-13,New York Cheesecake,Dessert,DST-03,3,42000,126000,Digital Wallet,Online Order
SUN-4390601,2023-04-03,Cafe Latte,Drinks,DRK-03,4,32000,128000,Debit Card,Unknown
SUN-1177072,2023-04-21,Iced Americano,Drinks,DRK-02,2,28000,56000,Debit Card,Online Order
SUN-7742249,2023-11-06,Nasi Goreng Kampung,Food,FOD-03,2,38000,76000,Debit Card,Take Away
SUN-4439210,2023-12-06,Classic Tirmaisu,Dessert,DST-01,1,38000,38000,Unknown,Dine In
SUN-1978659,2023-08-29,Grill Chicken Caesar Salad,Food,FOD-04,4,42000,168000,Cash,Dine In
SUN-6481113,2023-04-18,Grill Chicken Caesar Salad,Food,FOD-04,4,42000,168000,Digital Wallet,Take Away
SUN-6493610,2023-11-18,Cinnamon Roll,Dessert,DST-05,3,28000,84000,Debit Card,Online Order
SUN-3588410,2023-08-21,Espreso Single,Drinks,DRK-01,1,22000,22000,Digital Wallet,Take Away
SUN-5021713,2023-06-28,Buttermilk Fried Chicken,Food,FOD-01,4,48000,192000,Unknown,Dine In
SUN-2660888,2023-12-11,Cafe Latte,Drinks,DRK-03,2,32000,64000,Debit Card,Take Away
SUN-7979092,2023-09-19,Beef Carbonara Pasta,Food,FOD-02,1,52000,52000,Digital Wallet,Dine In
SUN-4347890,2023-09-12,Iced Americano,Drinks,DRK-02,1,28000,28000,Cash,Unknown
SUN-4208410,2023-07-02,Caramel Machiato,Drinks,DRK-04,3,38000,114000,Digital Wallet,Online Order
SUN-5368232,2023-01-20,Beef Carbonara Pasta,Food,FOD-02,2,52000,104000,Cash,Dine In
SUN-2954124,2023-05-06,Buttermilk Fried Chicken,Food,FOD-01,2,48000,96000,Debit Card,Online Order
SUN-4333360,2023-08-15,Grill Chicken Caesar Salad,Food,FOD-04,2,42000,84000,Digital Wallet,Take Away
SUN-2539487,2023-03-22,Grill Chicken Caesar Salad,Food,FOD-04,1,42000,42000,Debit Card,Take Away
SUN-9589815,2023-11-09,Grill Chicken Caesar Salad,Food,FOD-04,2,42000,84000,Digital Wallet,Take Away
SUN-9297084,2023-11-15,Espreso Single,Drinks,DRK-01,3,22000,66000,Digital Wallet,Online Order
SUN-9279446,2023-01-20,Cinnamon Roll,Dessert,DST-05,2,28000,56000,Cash,Take Away
SUN-9493988,2023-03-26,Fudgy Brownies,Dessert,DST-02,2,25000,50000,Cash,Take Away
SUN-6123477,2023-03-15,Iced Americano,Drinks,DRK-02,1,28000,28000,Digital Wallet,Online Order
SUN-7555296,2023-06-20,Grill Chicken Caesar Salad,Food,FOD-04,3,42000,126000,Digital Wallet,Online Order
SUN-7034651,2023-05-30,Fudgy Brownies,Dessert,DST-02,1,25000,25000,Debit Card,Dine In
SUN-4453909,2023-05-26,Caramel Machiato,Drinks,DRK-04,3,38000,114000,Debit Card,Online Order
SUN-9525978,2023-05-23,Creamy Maycha Latte,Drinks,DRK-05,1,35000,35000,Digital Wallet,Dine In
SUN-8103675,2023-09-05,Iced Americano,Drinks,DRK-02,1,28000,28000,Debit Card,Dine In
SUN-4784072,2023-12-24,Nasi Goreng Kampung,Food,FOD-03,1,38000,38000,Digital Wallet,Take Away
SUN-3872123,2023-04-09,New York Cheesecake,Dessert,DST-03,3,42000,126000,Debit Card,Take Away
SUN-3321777,2023-02-01,Club Sandwich,Food,FOD-05,3,45000,135000,Cash,Dine In
SUN-8037482,2023-09-08,Caramel Machiato,Drinks,DRK-04,1,38000,38000,Debit Card,Unknown
SUN-8794108,2023-03-06,Beef Carbonara Pasta,Food,FOD-02,2,52000,104000,Debit Card,Take Away
SUN-4181829,2023-11-01,Creamy Maycha Latte,Drinks,DRK-05,4,35000,140000,Cash,Dine In
SUN-5347567,2023-08-20,Fudgy Brownies,Dessert,DST-02,4,25000,100000,Debit Card,Take Away
SUN-3915303,2023-02-09,Club Sandwich,Food,FOD-05,4,45000,180000,Digital Wallet,Take Away
SUN-9937623,2023-02-10,Classic Tirmaisu,Dessert,DST-01,1,38000,38000,Debit Card,Online Order
SUN-7212558,2023-01-14,Caramel Machiato,Drinks,DRK-04,4,38000,152000,Digital Wallet,Unknown
SUN-6617291,2023-08-14,Creamy Maycha Latte,Drinks,DRK-05,3,35000,105000,Cash,Take Away
SUN-9971507,2023-08-21,Buttermilk Fried Chicken,Food,FOD-01,,48000,,Digital Wallet,Dine In
SUN-2510182,2023-08-19,Caramel Machiato,Drinks,DRK-04,4,38000,152000,Digital Wallet,Online Order
SUN-6189251,2023-07-05,Caramel Machiato,Drinks,DRK-04,1,38000,38000,Debit Card,Online Order
SUN-1954284,2023-07-21,Buttermilk Fried Chicken,Food,FOD-01,3,48000,144000,Debit Card,Dine In
SUN-5339705,2023-08-27,Classic Tirmaisu,Dessert,DST-01,4,38000,152000,Digital Wallet,Online Order
SUN-7527749,2023-06-04,Caramel Machiato,Drinks,DRK-04,1,38000,38000,Cash,Unknown
SUN-7673342,2023-02-05,Fudgy Brownies,Dessert,DST-02,4,25000,100000,Unknown,Online Order
SUN-5283719,2023-06-21,Iced Americano,Drinks,DRK-02,4,28000,112000,Digital Wallet,Take Away
SUN-8779564,2023-09-08,Fudgy Brownies,Dessert,DST-02,4,25000,100000,Digital Wallet,Take Away
SUN-7650031,2023-05-16,New York Cheesecake,Dessert,DST-03,1,42000,42000,Digital Wallet,Online Order
SUN-3840817,2023-05-24,Choco Lava Cake,Dessert,DST-04,4,35000,140000,Cash,Dine In
SUN-4910120,2023-05-22,Caramel Machiato,Drinks,DRK-04,3,38000,114000,Unknown,Online Order
SUN-8131002,2023-11-12,Classic Tirmaisu,Dessert,DST-01,4,38000,152000,Digital Wallet,Online Order
SUN-7076090,2023-05-08,Buttermilk Fried Chicken,Food,FOD-01,4,48000,192000,Unknown,Dine In
SUN-4902966,2023-12-21,Caramel Machiato,Drinks,DRK-04,2,38000,76000,Cash,Dine In
SUN-6492142,2023-04-22,Classic Tirmaisu,Dessert,DST-01,3,38000,114000,Digital Wallet,Take Away
SUN-4706037,2023-01-01,Creamy Maycha Latte,Drinks,DRK-05,4,35000,140000,Unknown,Online Order
SUN-4344170,2023-03-04,Creamy Maycha Latte,Drinks,DRK-05,4,35000,140000,Digital Wallet,Online Order
SUN-4071051,2023-04-13,Classic Tirmaisu,Dessert,DST-01,2,38000,76000,Cash,Dine In
SUN-5543217,2023-07-25,Cafe Latte,Drinks,DRK-03,4,32000,128000,Digital Wallet,Take Away
SUN-1069329,2023-10-04,Iced Americano,Drinks,DRK-02,3,28000,84000,Cash,Take Away
SUN-1699362,2023-08-10,Classic Tirmaisu,Dessert,DST-01,3,38000,114000,Digital Wallet,Dine In
SUN-4526730,2023-12-14,Cinnamon Roll,Dessert,DST-05,1,28000,28000,Unknown,Take Away
SUN-8641124,2023-07-18,Nasi Goreng Kampung,Food,FOD-03,3,38000,114000,Unknown,Take Away
SUN-9755208,2023-10-13,Fudgy Brownies,Dessert,DST-02,1,25000,25000,Cash,Dine In
SUN-3145597,2023-07-05,Iced Americano,Drinks,DRK-02,4,28000,112000,Unknown,Dine In
SUN-8217969,2023-05-24,Grill Chicken Caesar Salad,Food,FOD-04,3,42000,126000,Unknown,Unknown
SUN-8483875,2023-10-23,Grill Chicken Caesar Salad,Food,FOD-04,2,42000,84000,Digital Wallet,Online Order
SUN-3158379,2023-08-08,Club Sandwich,Food,FOD-05,1,45000,45000,Unknown,Online Order
SUN-3736877,2023-11-30,Creamy Maycha Latte,Drinks,DRK-05,2,35000,70000,Digital Wallet,Online Order
SUN-7476665,2023-02-01,Grill Chicken Caesar Salad,Food,FOD-04,3,42000,126000,Unknown,Online Order
SUN-8613212,2023-01-23,Buttermilk Fried Chicken,Food,FOD-01,1,48000,48000,Debit Card,Online Order
SUN-4902390,2023-06-22,Buttermilk Fried Chicken,Food,FOD-01,1,48000,48000,Debit Card,Unknown
SUN-4181745,2023-05-28,Classic Tirmaisu,Dessert,DST-01,4,38000,152000,Debit Card,Online Order
SUN-7294383,2023-05-20,Fudgy Brownies,Dessert,DST-02,2,25000,50000,Digital Wallet,Take Away
SUN-6416431,2023-06-21,Nasi Goreng Kampung,Food,FOD-03,1,38000,38000,Digital Wallet,Unknown
SUN-8021199,2023-03-31,Grill Chicken Caesar Salad,Food,FOD-04,3,42000,126000,Debit Card,Online Order
SUN-6592191,2023-02-06,Creamy Maycha Latte,Drinks,DRK-05,4,35000,140000,Digital Wallet,Unknown
SUN-7616288,2023-11-30,Classic Tirmaisu,Dessert,DST-01,4,38000,152000,Debit Card,Online Order
SUN-9641875,2023-05-02,Fudgy Brownies,Dessert,DST-02,4,25000,100000,Digital Wallet,Take Away
SUN-6048568,2023-05-11,Creamy Maycha Latte,Drinks,DRK-05,4,35000,140000,Digital Wallet,Online Order
SUN-4697201,2023-06-02,Iced Americano,Drinks,DRK-02,1,28000,28000,Cash,Take Away
SUN-2525968,2023-06-10,Espreso Single,Drinks,DRK-01,3,22000,66000,Cash,Take Away
SUN-5118754,2023-01-15,Creamy Maycha Latte,Drinks,DRK-05,2,35000,70000,Cash,Take Away
SUN-8486013,2023-05-30,Grill Chicken Caesar Salad,Food,FOD-04,4,42000,168000,Cash,Take Away
SUN-2021280,2023-06-07,Fudgy Brownies,Dessert,DST-02,4,25000,100000,Digital Wallet,Take Away
SUN-1671285,2023-12-07,Cafe Latte,Drinks,DRK-03,4,32000,128000,Digital Wallet,Dine In
SUN-1112256,2023-02-07,Buttermilk Fried Chicken,Food,FOD-01,1,48000,48000,Digital Wallet,Online Order
SUN-9402637,2023-04-06,Creamy Maycha Latte,Drinks,DRK-05,1,35000,35000,Debit Card,Unknown
SUN-9374430,2023-05-29,Grill Chicken Caesar Salad,Food,FOD-04,1,42000,42000,Debit Card,Unknown
SUN-5481773,2023-08-24,Cafe Latte,Drinks,DRK-03,1,32000,32000,Cash,Unknown
SUN-2546272,2023-03-14,Beef Carbonara Pasta,Food,FOD-02,2,52000,104000,Debit Card,Online Order
SUN-5147881,2023-03-23,Classic Tirmaisu,Dessert,DST-01,3,38000,114000,Digital Wallet,Take Away
SUN-3492455,2023-02-07,Cafe Latte,Drinks,DRK-03,4,32000,128000,Debit Card,Take Away
SUN-9467084,2023-10-11,Fudgy Brownies,Dessert,DST-02,2,25000,50000,Cash,Take Away
SUN-6188152,2023-01-24,Cinnamon Roll,Dessert,DST-05,2,28000,56000,Debit Card,Take Away
SUN-9994982,2023-05-04,Buttermilk Fried Chicken,Food,FOD-01,4,48000,192000,Digital Wallet,Online Order
SUN-4050884,2023-07-07,Iced Americano,Drinks,DRK-02,3,28000,84000,Debit Card,Dine In
SUN-4671408,2023-07-28,Creamy Maycha Latte,Drinks,DRK-05,1,35000,35000,Digital Wallet,Take Away
SUN-2402871,2023-01-02,Club Sandwich,Food,FOD-05,4,45000,180000,Unknown,Take Away
SUN-5293114,2023-12-07,Caramel Machiato,Drinks,DRK-04,4,38000,152000,Debit Card,Unknown
SUN-4525684,2023-05-25,New York Cheesecake,Dessert,DST-03,4,42000,168000,Cash,Dine In
SUN-3108350,2023-07-08,Caramel Machiato,Drinks,DRK-04,2,38000,76000,Digital Wallet,Dine In
SUN-1024663,2023-01-23,Beef Carbonara Pasta,Food,FOD-02,1,52000,52000,Unknown,Online Order
SUN-6658913,2023-02-03,Classic Tirmaisu,Dessert,DST-01,4,38000,152000,Cash,Dine In
SUN-2435228,2023-09-09,Cafe Latte,Drinks,DRK-03,2,32000,64000,Cash,Dine In
SUN-9206142,2023-09-13,Classic Tirmaisu,Dessert,DST-01,3,38000,114000,Digital Wallet,Online Order
SUN-1617849,2023-08-25,Grill Chicken Caesar Salad,Food,FOD-04,2,42000,84000,Unknown,Take Away
SUN-3861324,2023-10-17,Beef Carbonara Pasta,Food,FOD-02,4,52000,208000,Digital Wallet,Dine In
SUN-8156074,2023-02-26,Cinnamon Roll,Dessert,DST-05,2,28000,56000,Debit Card,Online Order
SUN-8411951,2023-06-09,Grill Chicken Caesar Salad,Food,FOD-04,3,42000,126000,Digital Wallet,Dine In
SUN-7903577,2023-05-13,Club Sandwich,Food,FOD-05,4,45000,180000,Cash,Unknown
SUN-3190804,2023-06-06,Classic Tirmaisu,Dessert,DST-01,3,38000,114000,Unknown,Online Order
SUN-1796954,2023-09-22,Caramel Machiato,Drinks,DRK-04,3,38000,114000,Debit Card,Take Away
SUN-2324258,2023-07-27,Classic Tirmaisu,Dessert,DST-01,1,38000,38000,Digital Wallet,Online Order
SUN-9627946,2023-02-16,Cafe Latte,Drinks,DRK-03,1,32000,32000,Digital Wallet,Online Order
SUN-2835400,2023-08-30,Cafe Latte,Drinks,DRK-03,4,32000,128000,Cash,Dine In
SUN-6611218,2023-10-24,Fudgy Brownies,Dessert,DST-02,3,25000,75000,Debit Card,Unknown
SUN-3916290,2023-03-13,Classic Tirmaisu,Dessert,DST-01,4,38000,152000,Digital Wallet,Take Away
SUN-6954480,2023-08-30,Classic Tirmaisu,Dessert,DST-01,3,38000,114000,Debit Card,Online Order
SUN-4506035,2023-04-14,Creamy Maycha Latte,Drinks,DRK-05,1,35000,35000,Debit Card,Take Away
SUN-2897446,2023-12-10,Iced Americano,Drinks,DRK-02,4,28000,112000,Digital Wallet,Online Order
SUN-3782875,2023-09-15,Grill Chicken Caesar Salad,Food,FOD-04,4,42000,168000,Digital Wallet,Dine In
SUN-4799846,2023-08-08,Club Sandwich,Food,FOD-05,4,45000,180000,Digital Wallet,Online Order
SUN-8844116,2023-06-13,Fudgy Brownies,Dessert,DST-02,4,25000,100000,Debit Card,Take Away
SUN-9000160,2023-01-17,Caramel Machiato,Drinks,DRK-04,2,38000,76000,Debit Card,Online Order
SUN-9441796,2023-12-07,Fudgy Brownies,Dessert,DST-02,1,25000,25000,Debit Card,Online Order
SUN-9138042,2023-05-30,Creamy Maycha Latte,Drinks,DRK-05,4,35000,140000,Unknown,Take Away
SUN-5646088,2023-11-14,Iced Americano,Drinks,DRK-02,4,28000,112000,Digital Wallet,Dine In
SUN-5908401,2023-09-09,Cinnamon Roll,Dessert,DST-05,4,28000,112000,Digital Wallet,Online Order
SUN-6257009,2023-02-01,Espreso Single,Drinks,DRK-01,1,22000,22000,Debit Card,Take Away
SUN-6444585,2023-06-21,Classic Tirmaisu,Dessert,DST-01,4,38000,152000,Unknown,Take Away
SUN-8576680,2023-08-21,New York Cheesecake,Dessert,DST-03,2,42000,84000,Debit Card,Unknown
SUN-9257236,2023-05-16,Beef Carbonara Pasta,Food,FOD-02,1,52000,52000,Debit Card,Take Away
SUN-1509708,2023-12-27,Beef Carbonara Pasta,Food,FOD-02,2,52000,104000,Digital Wallet,Take Away
SUN-6527965,2023-04-02,Choco Lava Cake,Dessert,DST-04,3,35000,105000,Unknown,Online Order
SUN-6246673,2023-02-21,Classic Tirmaisu,Dessert,DST-01,2,38000,76000,Digital Wallet,Unknown
SUN-1094314,2023-09-09,Grill Chicken Caesar Salad,Food,FOD-04,3,42000,126000,Unknown,Online Order
SUN-3770378,2023-04-28,Cinnamon Roll,Dessert,DST-05,4,28000,112000,Digital Wallet,Dine In
SUN-4881083,2023-02-26,New York Cheesecake,Dessert,DST-03,4,42000,168000,Debit Card,Unknown
SUN-1315834,2023-08-08,New York Cheesecake,Dessert,DST-03,1,42000,42000,Digital Wallet,Dine In
SUN-9514709,2023-10-06,New York Cheesecake,Dessert,DST-03,2,42000,84000,Digital Wallet,Unknown
SUN-7225967,2023-03-24,Classic Tirmaisu,Dessert,DST-01,1,38000,38000,Digital Wallet,Online Order
SUN-8720874,2023-04-13,New York Cheesecake,Dessert,DST-03,2,42000,84000,Debit Card,Online Order
SUN-9451904,2023-02-21,Creamy Maycha Latte,Drinks,DRK-05,1,35000,35000,Cash,Take Away
SUN-6005145,2023-07-30,Iced Americano,Drinks,DRK-02,1,28000,28000,Debit Card,Dine In
SUN-2825766,2023-04-06,Cinnamon Roll,Dessert,DST-05,2,28000,56000,Digital Wallet,Take Away
SUN-9277621,2023-12-03,Buttermilk Fried Chicken,Food,FOD-01,3,48000,144000,Debit Card,Dine In
SUN-9199531,2023-07-15,Grill Chicken Caesar Salad,Food,FOD-04,4,42000,168000,Debit Card,Online Order
SUN-7952269,2023-08-05,Beef Carbonara Pasta,Food,FOD-02,3,52000,156000,Debit Card,Online Order
SUN-7617803,2023-05-02,Cinnamon Roll,Dessert,DST-05,1,28000,28000,Debit Card,Online Order
SUN-1843895,2023-11-14,Choco Lava Cake,Dessert,DST-04,4,35000,140000,Unknown,Take Away
SUN-1157545,2023-06-20,Iced Americano,Drinks,DRK-02,1,28000,28000,Digital Wallet,Dine In
SUN-9860081,2023-02-02,Beef Carbonara Pasta,Food,FOD-02,1,52000,52000,Cash,Unknown
SUN-1568346,2023-02-18,Caramel Machiato,Drinks,DRK-04,2,38000,76000,Cash,Dine In
SUN-7768708,2023-07-06,Choco Lava Cake,Dessert,DST-04,4,35000,140000,Debit Card,Dine In
SUN-1673708,2023-11-20,New York Cheesecake,Dessert,DST-03,4,42000,168000,Cash,Dine In
SUN-6472559,2023-08-27,Buttermilk Fried Chicken,Food,FOD-01,3,48000,144000,Unknown,Unknown
SUN-7142090,2023-03-27,Cafe Latte,Drinks,DRK-03,3,32000,96000,Digital Wallet,Take Away
SUN-6788969,2023-03-01,Cinnamon Roll,Dessert,DST-05,1,28000,28000,Debit Card,Online Order
SUN-8947585,2023-01-03,Espreso Single,Drinks,DRK-01,3,22000,66000,Digital Wallet,Online Order
SUN-3533877,2023-09-12,Beef Carbonara Pasta,Food,FOD-02,4,52000,208000,Unknown,Take Away
SUN-9738255,2023-01-09,Espreso Single,Drinks,DRK-01,4,22000,88000,Unknown,Unknown
SUN-2773843,2023-08-29,Caramel Machiato,Drinks,DRK-04,4,38000,152000,Digital Wallet,Dine In
SUN-9671120,2023-08-01,Classic Tirmaisu,Dessert,DST-01,2,38000,76000,Digital Wallet,Take Away
SUN-5722514,2023-06-17,Creamy Maycha Latte,Drinks,DRK-05,3,35000,105000,Debit Card,Take Away
SUN-4057655,2023-01-01,Iced Americano,Drinks,DRK-02,2,28000,56000,Cash,Dine In
SUN-7692069,2023-10-17,Choco Lava Cake,Dessert,DST-04,1,35000,35000,Cash,Dine In
SUN-1702209,2023-06-30,Iced Americano,Drinks,DRK-02,2,28000,56000,Debit Card,Online Order
SUN-6171347,2023-01-02,Creamy Maycha Latte,Drinks,DRK-05,4,35000,140000,Debit Card,Online Order
SUN-4339925,2023-02-15,Caramel Machiato,Drinks,DRK-04,1,38000,38000,Unknown,Take Away
SUN-6638731,2023-12-05,Choco Lava Cake,Dessert,DST-04,4,35000,140000,Cash,Take Away
SUN-8204794,2023-08-06,Caramel Machiato,Drinks,DRK-04,3,38000,114000,Digital Wallet,Dine In
SUN-1491331,2023-02-03,Espreso Single,Drinks,DRK-01,2,22000,44000,Digital Wallet,Online Order
SUN-4631696,2023-06-17,Iced Americano,Drinks,DRK-02,1,28000,28000,Cash,Take Away
SUN-7175063,2023-10-09,Creamy Maycha Latte,Drinks,DRK-05,3,35000,105000,Debit Card,Unknown
SUN-7631218,2023-01-13,Creamy Maycha Latte,Drinks,DRK-05,1,35000,35000,Debit Card,Online Order
SUN-8155843,2023-02-27,Cinnamon Roll,Dessert,DST-05,1,28000,28000,Digital Wallet,Take Away
SUN-2742337,2023-06-13,Classic Tirmaisu,Dessert,DST-01,3,38000,114000,Debit Card,Online Order
SUN-8989903,2023-01-05,Iced Americano,Drinks,DRK-02,3,28000,84000,Digital Wallet,Take Away
SUN-5154388,2023-07-11,Creamy Maycha Latte,Drinks,DRK-05,3,35000,105000,Unknown,Take Away
SUN-6411117,2023-08-07,Caramel Machiato,Drinks,DRK-04,4,38000,152000,Digital Wallet,Dine In
SUN-9406156,2023-12-05,Espreso Single,Drinks,DRK-01,2,22000,44000,Debit Card,Online Order
SUN-9774829,2023-07-20,Club Sandwich,Food,FOD-05,3,45000,135000,Unknown,Dine In
SUN-3043421,2023-07-26,Buttermilk Fried Chicken,Food,FOD-01,,48000,,Unknown,Dine In
SUN-5447732,2023-09-29,Caramel Machiato,Drinks,DRK-04,3,38000,114000,Digital Wallet,Online Order
SUN-4570286,2023-04-15,Buttermilk Fried Chicken,Food,FOD-01,2,48000,96000,Digital Wallet,Unknown
SUN-4026483,2023-11-11,Classic Tirmaisu,Dessert,DST-01,1,38000,38000,Cash,Take Away
SUN-3874595,2023-07-05,Club Sandwich,Food,FOD-05,4,45000,180000,Debit Card,Online Order
SUN-2450261,2023-06-20,Grill Chicken Caesar Salad,Food,FOD-04,3,42000,126000,Digital Wallet,Dine In
SUN-8952588,2023-01-06,Beef Carbonara Pasta,Food,FOD-02,1,52000,52000,Digital Wallet,Online Order
SUN-2036887,2023-07-11,Choco Lava Cake,Dessert,DST-04,2,35000,70000,Cash,Dine In
SUN-1527507,2023-11-03,Grill Chicken Caesar Salad,Food,FOD-04,4,42000,168000,Cash,Unknown
SUN-5986732,2023-08-03,Creamy Maycha Latte,Drinks,DRK-05,3,35000,105000,Unknown,Online Order
SUN-9108416,2023-02-04,Choco Lava Cake,Dessert,DST-04,3,35000,105000,Digital Wallet,Dine In
SUN-5131364,2023-05-02,Fudgy Brownies,Dessert,DST-02,2,25000,50000,Digital Wallet,Online Order
SUN-5922322,2023-03-14,Caramel Machiato,Drinks,DRK-04,2,38000,76000,Digital Wallet,Dine In
SUN-6953603,2023-10-20,New York Cheesecake,Dessert,DST-03,4,42000,168000,Digital Wallet,Unknown
SUN-9012738,2023-03-06,New York Cheesecake,Dessert,DST-03,1,42000,42000,Digital Wallet,Online Order
SUN-9930078,2023-10-06,Buttermilk Fried Chicken,Food,FOD-01,4,48000,192000,Cash,Dine In
SUN-8378733,2023-03-28,Buttermilk Fried Chicken,Food,FOD-01,1,48000,48000,Unknown,Online Order
SUN-1807004,2023-02-27,Choco Lava Cake,Dessert,DST-04,2,35000,70000,Cash,Dine In
SUN-4033766,2023-02-14,New York Cheesecake,Dessert,DST-03,4,42000,168000,Unknown,Unknown
SUN-8634881,2023-09-10,Beef Carbonara Pasta,Food,FOD-02,4,52000,208000,Debit Card,Dine In
SUN-1855059,2023-01-22,Cafe Latte,Drinks,DRK-03,3,32000,96000,Digital Wallet,Take Away
SUN-2262070,2023-03-20,Fudgy Brownies,Dessert,DST-02,2,25000,50000,Debit Card,Online Order
SUN-4376654,2023-02-23,Choco Lava Cake,Dessert,DST-04,3,35000,105000,Debit Card,Online Order
SUN-5005480,2023-04-14,Buttermilk Fried Chicken,Food,FOD-01,4,48000,192000,Digital Wallet,Take Away
SUN-2851339,2023-04-19,Grill Chicken Caesar Salad,Food,FOD-04,2,42000,84000,Debit Card,Dine In
SUN-2120526,2023-07-29,Choco Lava Cake,Dessert,DST-04,1,35000,35000,Cash,Dine In
SUN-3627739,2023-10-28,Cafe Latte,Drinks,DRK-03,3,32000,96000,Debit Card,Online Order
SUN-1679703,2023-06-10,Iced Americano,Drinks,DRK-02,1,28000,28000,Debit Card,Online Order
SUN-9752826,2023-03-24,Nasi Goreng Kampung,Food,FOD-03,2,38000,76000,Digital Wallet,Unknown
SUN-1719199,2023-07-30,Caramel Machiato,Drinks,DRK-04,4,38000,152000,Debit Card,Unknown
SUN-5002092,2023-10-13,Creamy Maycha Latte,Drinks,DRK-05,4,35000,140000,Digital Wallet,Take Away
SUN-2551524,2023-03-28,Buttermilk Fried Chicken,Food,FOD-01,2,48000,96000,Digital Wallet,Online Order
SUN-9040249,2023-03-27,Grill Chicken Caesar Salad,Food,FOD-04,3,42000,126000,Digital Wallet,Dine In
SUN-8334669,2023-10-04,Espreso Single,Drinks,DRK-01,2,22000,44000,Debit Card,Dine In
SUN-1242794,2023-10-24,Fudgy Brownies,Dessert,DST-02,3,25000,75000,Debit Card,Dine In
SUN-6984710,2023-02-10,Cinnamon Roll,Dessert,DST-05,3,28000,84000,Cash,Take Away
SUN-4316734,2023-11-29,New York Cheesecake,Dessert,DST-03,1,42000,42000,Cash,Dine In
SUN-2259896,2023-01-03,Buttermilk Fried Chicken,Food,FOD-01,1,48000,48000,Unknown,Take Away
SUN-3093860,2023-02-17,Grill Chicken Caesar Salad,Food,FOD-04,4,42000,168000,Unknown,Unknown
SUN-1939683,2023-03-17,Classic Tirmaisu,Dessert,DST-01,3,38000,114000,Digital Wallet,Unknown
SUN-6633808,2023-08-04,Cafe Latte,Drinks,DRK-03,1,32000,32000,Unknown,Dine In
SUN-2598168,2023-07-03,Creamy Maycha Latte,Drinks,DRK-05,4,35000,140000,Unknown,Take Away
SUN-5159003,2023-09-03,Caramel Machiato,Drinks,DRK-04,1,38000,38000,Digital Wallet,Online Order
SUN-3609659,2023-11-07,Buttermilk Fried Chicken,Food,FOD-01,4,48000,192000,Debit Card,Dine In
SUN-2792739,2023-09-27,Cafe Latte,Drinks,DRK-03,2,32000,64000,Digital Wallet,Take Away
SUN-3248325,2023-05-05,Classic Tirmaisu,Dessert,DST-01,4,38000,152000,Digital Wallet,Online Order
SUN-5299695,2023-03-07,Iced Americano,Drinks,DRK-02,2,28000,56000,Debit Card,Dine In
SUN-7024176,2023-02-01,Club Sandwich,Food,FOD-05,1,45000,45000,Unknown,Take Away
SUN-3418404,2023-06-23,Choco Lava Cake,Dessert,DST-04,3,35000,105000,Debit Card,Unknown
SUN-7758837,2023-12-27,Buttermilk Fried Chicken,Food,FOD-01,1,48000,48000,Debit Card,Take Away
SUN-4574196,2023-02-12,Cafe Latte,Drinks,DRK-03,3,32000,96000,Debit Card,Take Away
SUN-8747371,2023-09-07,Cinnamon Roll,Dessert,DST-05,4,28000,112000,Digital Wallet,Dine In
SUN-8891308,2023-09-20,Cinnamon Roll,Dessert,DST-05,2,28000,56000,Digital Wallet,Take Away
SUN-3442559,2023-04-14,Classic Tirmaisu,Dessert,DST-01,4,38000,152000,Digital Wallet,Unknown
SUN-8805675,2023-02-25,Choco Lava Cake,Dessert,DST-04,1,35000,35000,Unknown,Take Away
SUN-3947868,2023-03-25,Espreso Single,Drinks,DRK-01,1,22000,22000,Digital Wallet,Online Order
SUN-4224618,2023-04-01,New York Cheesecake,Dessert,DST-03,1,42000,42000,Debit Card,Take Away
SUN-7800118,2023-02-24,Cafe Latte,Drinks,DRK-03,2,32000,64000,Cash,Take Away
SUN-2610450,2023-10-18,Grill Chicken Caesar Salad,Food,FOD-04,4,42000,168000,Debit Card,Online Order
SUN-6386118,2023-02-10,Buttermilk Fried Chicken,Food,FOD-01,2,48000,96000,Cash,Dine In
SUN-9171783,2023-05-09,Nasi Goreng Kampung,Food,FOD-03,3,38000,114000,Cash,Unknown
SUN-9630410,2023-09-20,Cinnamon Roll,Dessert,DST-05,2,28000,56000,Unknown,Dine In
SUN-3940695,2023-07-05,Caramel Machiato,Drinks,DRK-04,1,38000,38000,Cash,Take Away
SUN-3764964,2023-02-12,Grill Chicken Caesar Salad,Food,FOD-04,4,42000,168000,Unknown,Dine In
SUN-9301734,2023-04-07,Buttermilk Fried Chicken,Food,FOD-01,2,48000,96000,Debit Card,Online Order
SUN-2734468,2023-09-06,Cafe Latte,Drinks,DRK-03,1,32000,32000,Cash,Dine In
SUN-5491272,2023-08-17,Cinnamon Roll,Dessert,DST-05,3,28000,84000,Debit Card,Online Order
SUN-8874018,2023-05-27,Caramel Machiato,Drinks,DRK-04,4,38000,152000,Debit Card,Take Away
SUN-1878096,2023-06-19,Iced Americano,Drinks,DRK-02,2,28000,56000,Digital Wallet,Take Away
SUN-4555773,2023-08-18,Cinnamon Roll,Dessert,DST-05,2,28000,56000,Digital Wallet,Take Away
SUN-5835642,2023-07-28,Iced Americano,Drinks,DRK-02,1,28000,28000,Unknown,Dine In
SUN-9743415,2023-05-15,Buttermilk Fried Chicken,Food,FOD-01,2,48000,96000,Debit Card,Online Order
SUN-1786442,2023-10-07,Iced Americano,Drinks,DRK-02,3,28000,84000,Debit Card,Unknown
SUN-6667801,2023-02-12,Nasi Goreng Kampung,Food,FOD-03,3,38000,114000,Cash,Dine In
SUN-5609447,2023-10-26,Caramel Machiato,Drinks,DRK-04,2,38000,76000,Debit Card,Online Order
SUN-5956795,2023-01-01,Nasi Goreng Kampung,Food,FOD-03,4,38000,152000,Digital Wallet,Online Order
SUN-8507979,2023-05-22,Choco Lava Cake,Dessert,DST-04,2,35000,70000,Digital Wallet,Take Away
SUN-6087370,2023-11-01,Espreso Single,Drinks,DRK-01,2,22000,44000,Digital Wallet,Online Order
SUN-6869886,2023-04-27,Espreso Single,Drinks,DRK-01,3,22000,66000,Digital Wallet,Online Order
SUN-8746811,2023-10-29,New York Cheesecake,Dessert,DST-03,3,42000,126000,Debit Card,Unknown
SUN-1719876,2023-10-09,Cafe Latte,Drinks,DRK-03,4,32000,128000,Digital Wallet,Online Order
SUN-1984327,2023-02-17,Classic Tirmaisu,Dessert,DST-01,3,38000,114000,Debit Card,Take Away
SUN-7053583,2023-06-28,Beef Carbonara Pasta,Food,FOD-02,1,52000,52000,Unknown,Online Order
SUN-7786506,2023-04-11,Beef Carbonara Pasta,Food,FOD-02,4,52000,208000,Unknown,Take Away
SUN-7741782,2023-02-05,Choco Lava Cake,Dessert,DST-04,,35000,,Digital Wallet,Online Order
SUN-5422693,2023-06-16,Grill Chicken Caesar Salad,Food,FOD-04,4,42000,168000,Digital Wallet,Take Away
SUN-9808143,2023-10-27,Buttermilk Fried Chicken,Food,FOD-01,3,48000,144000,Cash,Take Away
SUN-2039819,2023-12-08,Nasi Goreng Kampung,Food,FOD-03,3,38000,114000,Digital Wallet,Online Order
SUN-2991316,2023-04-01,Cafe Latte,Drinks,DRK-03,3,32000,96000,Debit Card,Take Away
SUN-1448186,2023-05-14,Classic Tirmaisu,Dessert,DST-01,3,38000,114000,Debit Card,Online Order
SUN-8098179,2023-03-14,Espreso Single,Drinks,DRK-01,4,22000,88000,Debit Card,Unknown
SUN-8238783,2023-07-23,New York Cheesecake,Dessert,DST-03,4,42000,168000,Debit Card,Online Order
SUN-8329664,2023-08-20,Buttermilk Fried Chicken,Food,FOD-01,4,48000,192000,Debit Card,Dine In
SUN-8291037,2023-01-03,Creamy Maycha Latte,Drinks,DRK-05,4,35000,140000,Debit Card,Dine In
SUN-6026406,2023-08-15,Beef Carbonara Pasta,Food,FOD-02,4,52000,208000,Debit Card,Online Order
SUN-2994971,2023-01-22,Beef Carbonara Pasta,Food,FOD-02,3,52000,156000,Digital Wallet,Online Order
SUN-6935570,2023-07-09,Creamy Maycha Latte,Drinks,DRK-05,4,35000,140000,Digital Wallet,Online Order
SUN-8360333,2023-09-27,Nasi Goreng Kampung,Food,FOD-03,1,38000,38000,Debit Card,Online Order
SUN-5158429,2023-03-28,Creamy Maycha Latte,Drinks,DRK-05,3,35000,105000,Debit Card,Online Order
SUN-5677127,2023-07-07,Beef Carbonara Pasta,Food,FOD-02,1,52000,52000,Cash,Take Away
SUN-7384012,2023-05-23,New York Cheesecake,Dessert,DST-03,3,42000,126000,Unknown,Online Order
SUN-3057415,2023-01-24,Iced Americano,Drinks,DRK-02,1,28000,28000,Cash,Dine In
SUN-2904284,2023-05-19,Nasi Goreng Kampung,Food,FOD-03,1,38000,38000,Debit Card,Online Order
SUN-8257519,2023-09-21,Buttermilk Fried Chicken,Food,FOD-01,,48000,,Debit Card,Online Order
SUN-9274255,2023-01-26,Cinnamon Roll,Dessert,DST-05,1,28000,28000,Unknown,Take Away
SUN-9078000,2023-03-16,Fudgy Brownies,Dessert,DST-02,4,25000,100000,Debit Card,Online Order
SUN-2583745,2023-06-22,Iced Americano,Drinks,DRK-02,2,28000,56000,Unknown,Take Away
SUN-4635433,2023-11-26,Cinnamon Roll,Dessert,DST-05,2,28000,56000,Digital Wallet,Online Order
SUN-8904000,2023-07-28,Espreso Single,Drinks,DRK-01,2,22000,44000,Digital Wallet,Take Away
SUN-9765862,2023-12-27,Cafe Latte,Drinks,DRK-03,1,32000,32000,Debit Card,Take Away
SUN-2496640,2023-02-12,Iced Americano,Drinks,DRK-02,1,28000,28000,Digital Wallet,Take Away
SUN-2541923,2023-12-13,Grill Chicken Caesar Salad,Food,FOD-04,4,42000,168000,Debit Card,Unknown
SUN-3416579,2023-04-07,New York Cheesecake,Dessert,DST-03,3,42000,126000,Digital Wallet,Online Order
SUN-1993178,2023-03-08,Cinnamon Roll,Dessert,DST-05,3,28000,84000,Unknown,Unknown
SUN-2499295,2023-02-09,Club Sandwich,Food,FOD-05,3,45000,135000,Debit Card,Dine In
SUN-5215462,2023-08-05,Iced Americano,Drinks,DRK-02,4,28000,112000,Cash,Take Away
SUN-7304591,2023-05-13,Club Sandwich,Food,FOD-05,2,45000,90000,Digital Wallet,Take Away
SUN-2679104,2023-11-17,Beef Carbonara Pasta,Food,FOD-02,3,52000,156000,Unknown,Take Away
SUN-2013530,2023-06-23,Grill Chicken Caesar Salad,Food,FOD-04,4,42000,168000,Digital Wallet,Take Away
SUN-4566756,2023-08-17,Fudgy Brownies,Dessert,DST-02,3,25000,75000,Debit Card,Dine In
SUN-1585077,2023-10-19,New York Cheesecake,Dessert,DST-03,1,42000,42000,Digital Wallet,Take Away
SUN-1973067,2023-01-25,Cafe Latte,Drinks,DRK-03,3,32000,96000,Debit Card,Dine In
SUN-6353000,2023-05-25,New York Cheesecake,Dessert,DST-03,3,42000,126000,Debit Card,Online Order
SUN-5068114,2023-04-06,Cinnamon Roll,Dessert,DST-05,4,28000,112000,Digital Wallet,Dine In
SUN-3494491,2023-01-25,Espreso Single,Drinks,DRK-01,1,22000,22000,Debit Card,Unknown
SUN-8510786,2023-09-02,Grill Chicken Caesar Salad,Food,FOD-04,,42000,,Unknown,Dine In
SUN-2001381,,Iced Americano,Drinks,DRK-02,2,28000,56000,Digital Wallet,Unknown
SUN-7367868,2023-05-19,Cinnamon Roll,Dessert,DST-05,3,28000,84000,Digital Wallet,Dine In
SUN-8229283,2023-05-28,New York Cheesecake,Dessert,DST-03,1,42000,42000,Digital Wallet,Unknown
SUN-3160537,2023-03-01,Creamy Maycha Latte,Drinks,DRK-05,2,35000,70000,Cash,Dine In
SUN-4932409,2023-05-03,Choco Lava Cake,Dessert,DST-04,3,35000,105000,Debit Card,Online Order
SUN-9823589,2023-07-26,Grill Chicken Caesar Salad,Food,FOD-04,2,42000,84000,Digital Wallet,Online Order
SUN-8993919,2023-11-20,Cinnamon Roll,Dessert,DST-05,3,28000,84000,Unknown,Take Away
SUN-1750907,2023-11-08,Espreso Single,Drinks,DRK-01,3,22000,66000,Cash,Take Away
SUN-2536698,2023-04-27,Grill Chicken Caesar Salad,Food,FOD-04,4,42000,168000,Cash,Take Away
SUN-6708283,2023-09-06,Creamy Maycha Latte,Drinks,DRK-05,1,35000,35000,Debit Card,Take Away
SUN-3283581,2023-05-16,Classic Tirmaisu,Dessert,DST-01,4,38000,152000,Digital Wallet,Dine In
SUN-7329932,2023-04-07,New York Cheesecake,Dessert,DST-03,3,42000,126000,Digital Wallet,Online Order
SUN-7301537,2023-04-27,Choco Lava Cake,Dessert,DST-04,1,35000,35000,Digital Wallet,Online Order
SUN-6091261,2023-03-12,Cinnamon Roll,Dessert,DST-05,1,28000,28000,Cash,Take Away
SUN-3670613,2023-09-04,Nasi Goreng Kampung,Food,FOD-03,4,38000,152000,Cash,Dine In
SUN-3911636,2023-02-10,Caramel Machiato,Drinks,DRK-04,3,38000,114000,Digital Wallet,Dine In
SUN-9321976,2023-02-15,Grill Chicken Caesar Salad,Food,FOD-04,3,42000,126000,Unknown,Dine In
SUN-8032386,2023-04-11,Caramel Machiato,Drinks,DRK-04,3,38000,114000,Debit Card,Online Order
SUN-7359802,2023-11-14,Nasi Goreng Kampung,Food,FOD-03,2,38000,76000,Digital Wallet,Unknown
SUN-5326933,2023-08-04,Nasi Goreng Kampung,Food,FOD-03,3,38000,114000,Debit Card,Take Away
SUN-8273650,2023-10-10,New York Cheesecake,Dessert,DST-03,4,42000,168000,Digital Wallet,Online Order
SUN-7222872,2023-11-29,Choco Lava Cake,Dessert,DST-04,1,35000,35000,Digital Wallet,Dine In
SUN-7161636,2023-03-10,Caramel Machiato,Drinks,DRK-04,2,38000,76000,Cash,Take Away
SUN-8652523,2023-04-09,Cafe Latte,Drinks,DRK-03,2,32000,64000,Digital Wallet,Unknown
SUN-1320717,2023-11-19,Cafe Latte,Drinks,DRK-03,3,32000,96000,Debit Card,Take Away
SUN-9416924,2023-09-30,Caramel Machiato,Drinks,DRK-04,1,38000,38000,Digital Wallet,Take Away
SUN-1510832,2023-09-25,Cafe Latte,Drinks,DRK-03,3,32000,96000,Digital Wallet,Online Order
SUN-9503187,2023-12-13,Beef Carbonara Pasta,Food,FOD-02,1,52000,52000,Digital Wallet,Dine In
SUN-6960605,2023-12-10,Classic Tirmaisu,Dessert,DST-01,1,38000,38000,Unknown,Take Away
SUN-6756531,2023-05-14,Cinnamon Roll,Dessert,DST-05,1,28000,28000,Cash,Take Away
SUN-5314184,2023-07-21,Creamy Maycha Latte,Drinks,DRK-05,3,35000,105000,Debit Card,Take Away
SUN-2860213,2023-10-10,Classic Tirmaisu,Dessert,DST-01,1,38000,38000,Digital Wallet,Unknown
SUN-1862315,2023-12-11,Espreso Single,Drinks,DRK-01,1,22000,22000,Unknown,Take Away
SUN-4251594,2023-12-29,Creamy Maycha Latte,Drinks,DRK-05,4,35000,140000,Debit Card,Dine In
SUN-7860040,2023-02-01,Caramel Machiato,Drinks,DRK-04,2,38000,76000,Debit Card,Unknown
SUN-4696254,2023-03-30,Iced Americano,Drinks,DRK-02,2,28000,56000,Digital Wallet,Online Order
SUN-6728792,2023-10-01,Fudgy Brownies,Dessert,DST-02,4,25000,100000,Debit Card,Dine In
SUN-5283304,2023-07-19,Cinnamon Roll,Dessert,DST-05,4,28000,112000,Unknown,Dine In
SUN-4980863,2023-07-05,Club Sandwich,Food,FOD-05,2,45000,90000,Debit Card,Take Away
SUN-2114614,2023-11-16,Fudgy Brownies,Dessert,DST-02,1,25000,25000,Digital Wallet,Online Order
SUN-7027144,2023-10-27,Espreso Single,Drinks,DRK-01,2,22000,44000,Debit Card,Online Order
SUN-4303561,2023-02-20,Classic Tirmaisu,Dessert,DST-01,1,38000,38000,Digital Wallet,Online Order
SUN-2621843,2023-05-16,Fudgy Brownies,Dessert,DST-02,3,25000,75000,Digital Wallet,Take Away
SUN-8419696,2023-01-28,Creamy Maycha Latte,Drinks,DRK-05,3,35000,105000,Digital Wallet,Online Order
SUN-7581322,2023-11-08,Caramel Machiato,Drinks,DRK-04,1,38000,38000,Debit Card,Online Order
SUN-5168631,2023-08-21,Cinnamon Roll,Dessert,DST-05,1,28000,28000,Unknown,Online Order
SUN-8258436,2023-05-22,Nasi Goreng Kampung,Food,FOD-03,1,38000,38000,Debit Card,Unknown
SUN-7271096,2023-08-05,Club Sandwich,Food,FOD-05,4,45000,180000,Digital Wallet,Unknown
SUN-4828659,2023-11-19,Classic Tirmaisu,Dessert,DST-01,2,38000,76000,Debit Card,Dine In
SUN-3595292,2023-11-27,Buttermilk Fried Chicken,Food,FOD-01,1,48000,48000,Digital Wallet,Dine In
SUN-7827701,2023-10-23,Cinnamon Roll,Dessert,DST-05,4,28000,112000,Debit Card,Unknown
SUN-7231033,2023-08-29,Choco Lava Cake,Dessert,DST-04,4,35000,140000,Debit Card,Dine In
SUN-9888442,2023-07-30,Nasi Goreng Kampung,Food,FOD-03,3,38000,114000,Cash,Dine In
SUN-6858687,2023-11-28,Club Sandwich,Food,FOD-05,2,45000,90000,Cash,Take Away
SUN-3676310,2023-07-26,Caramel Machiato,Drinks,DRK-04,1,38000,38000,Digital Wallet,Dine In
SUN-8619806,2023-07-10,Club Sandwich,Food,FOD-05,3,45000,135000,Digital Wallet,Take Away
SUN-1520121,2023-01-09,New York Cheesecake,Dessert,DST-03,,42000,,Debit Card,Online Order
SUN-3416559,2023-08-17,Club Sandwich,Food,FOD-05,2,45000,90000,Debit Card,Take Away
SUN-2131837,2023-01-29,Nasi Goreng Kampung,Food,FOD-03,3,38000,114000,Debit Card,Online Order
SUN-7179400,2023-10-28,Iced Americano,Drinks,DRK-02,3,28000,84000,Debit Card,Take Away
SUN-1385783,2023-03-18,Caramel Machiato,Drinks,DRK-04,2,38000,76000,Digital Wallet,Unknown
SUN-9244761,2023-05-31,Creamy Maycha Latte,Drinks,DRK-05,3,35000,105000,Digital Wallet,Online Order
SUN-8566902,2023-07-20,Espreso Single,Drinks,DRK-01,2,22000,44000,Unknown,Take Away
SUN-1635533,2023-05-29,Buttermilk Fried Chicken,Food,FOD-01,1,48000,48000,Debit Card,Take Away
SUN-6591036,2023-01-17,Cafe Latte,Drinks,DRK-03,2,32000,64000,Debit Card,Dine In
SUN-1218811,2023-09-13,Grill Chicken Caesar Salad,Food,FOD-04,4,42000,168000,Unknown,Online Order
SUN-6899602,2023-03-04,Choco Lava Cake,Dessert,DST-04,4,35000,140000,Debit Card,Online Order
SUN-3741142,2023-01-23,Classic Tirmaisu,Dessert,DST-01,2,38000,76000,Debit Card,Take Away
SUN-2236569,2023-09-11,New York Cheesecake,Dessert,DST-03,3,42000,126000,Unknown,Dine In
SUN-4248308,2023-06-18,Club Sandwich,Food,FOD-05,2,45000,90000,Digital Wallet,Online Order
SUN-5945009,2023-10-29,Nasi Goreng Kampung,Food,FOD-03,1,38000,38000,Digital Wallet,Take Away
SUN-5504806,2023-02-24,Espreso Single,Drinks,DRK-01,4,22000,88000,Debit Card,Online Order
SUN-3492402,2023-07-16,Iced Americano,Drinks,DRK-02,1,28000,28000,Digital Wallet,Dine In
SUN-6581990,2023-06-19,Cafe Latte,Drinks,DRK-03,4,32000,128000,Digital Wallet,Online Order
SUN-3075873,2023-10-15,Cafe Latte,Drinks,DRK-03,3,32000,96000,Digital Wallet,Online Order
SUN-3898807,,Buttermilk Fried Chicken,Food,FOD-01,1,48000,48000,Digital Wallet,Take Away
SUN-6554984,2023-10-18,Fudgy Brownies,Dessert,DST-02,3,25000,75000,Unknown,Dine In
SUN-3624444,2023-01-19,Creamy Maycha Latte,Drinks,DRK-05,3,35000,105000,Debit Card,Dine In
SUN-1733466,2023-02-10,New York Cheesecake,Dessert,DST-03,3,42000,126000,Cash,Take Away
SUN-5018106,2023-07-15,Cinnamon Roll,Dessert,DST-05,4,28000,112000,Digital Wallet,Dine In
SUN-3251006,2023-05-14,Choco Lava Cake,Dessert,DST-04,2,35000,70000,Digital Wallet,Unknown
SUN-4269964,2023-04-22,Espreso Single,Drinks,DRK-01,1,22000,22000,Digital Wallet,Dine In
SUN-9501786,2023-03-27,Choco Lava Cake,Dessert,DST-04,1,35000,35000,Digital Wallet,Take Away
SUN-1819694,2023-09-15,Creamy Maycha Latte,Drinks,DRK-05,4,35000,140000,Digital Wallet,Take Away
SUN-9667500,2023-01-13,Choco Lava Cake,Dessert,DST-04,3,35000,105000,Debit Card,Online Order
SUN-1172595,2023-07-24,Cinnamon Roll,Dessert,DST-05,4,28000,112000,Digital Wallet,Unknown
SUN-1811739,2023-09-17,Classic Tirmaisu,Dessert,DST-01,4,38000,152000,Cash,Take Away
SUN-3570435,2023-06-27,Cinnamon Roll,Dessert,DST-05,4,28000,112000,Debit Card,Take Away
SUN-8506539,2023-06-23,Grill Chicken Caesar Salad,Food,FOD-04,2,42000,84000,Cash,Dine In
SUN-9484725,2023-11-10,Classic Tirmaisu,Dessert,DST-01,3,38000,114000,Digital Wallet,Dine In
SUN-8847939,2023-01-08,Caramel Machiato,Drinks,DRK-04,2,38000,76000,Digital Wallet,Take Away
SUN-5485987,2023-01-19,Buttermilk Fried Chicken,Food,FOD-01,1,48000,48000,Unknown,Take Away
SUN-5863245,2023-09-21,New York Cheesecake,Dessert,DST-03,1,42000,42000,Debit Card,Online Order
SUN-9008600,2023-12-08,Choco Lava Cake,Dessert,DST-04,2,35000,70000,Digital Wallet,Take Away
SUN-9537372,2023-02-10,Club Sandwich,Food,FOD-05,1,45000,45000,Digital Wallet,Online Order
SUN-4480975,2023-01-31,Classic Tirmaisu,Dessert,DST-01,2,38000,76000,Debit Card,Online Order
SUN-3336524,2023-06-20,Iced Americano,Drinks,DRK-02,2,28000,56000,Debit Card,Take Away
SUN-2558775,2023-01-18,Creamy Maycha Latte,Drinks,DRK-05,2,35000,70000,Digital Wallet,Dine In
SUN-3122176,2023-08-10,New York Cheesecake,Dessert,DST-03,4,42000,168000,Digital Wallet,Online Order
SUN-9831755,2023-12-18,Cinnamon Roll,Dessert,DST-05,1,28000,28000,Digital Wallet,Online Order
SUN-2164860,2023-03-12,Fudgy Brownies,Dessert,DST-02,1,25000,25000,Debit Card,Take Away
SUN-4665474,2023-03-01,Nasi Goreng Kampung,Food,FOD-03,1,38000,38000,Unknown,Unknown
SUN-4921170,2023-12-12,Caramel Machiato,Drinks,DRK-04,4,38000,152000,Unknown,Dine In
SUN-4824495,2023-06-18,Grill Chicken Caesar Salad,Food,FOD-04,4,42000,168000,Cash,Take Away
SUN-1112655,2023-04-25,Cafe Latte,Drinks,DRK-03,4,32000,128000,Digital Wallet,Take Away
SUN-4319723,2023-05-14,Beef Carbonara Pasta,Food,FOD-02,1,52000,52000,Digital Wallet,Dine In
SUN-1725076,2023-01-23,Fudgy Brownies,Dessert,DST-02,1,25000,25000,Debit Card,Take Away
SUN-9456743,2023-04-09,Creamy Maycha Latte,Drinks,DRK-05,1,35000,35000,Debit Card,Take Away
SUN-2498169,2023-04-17,Creamy Maycha Latte,Drinks,DRK-05,2,35000,70000,Digital Wallet,Online Order
SUN-1452805,2023-07-07,Buttermilk Fried Chicken,Food,FOD-01,4,48000,192000,Debit Card,Online Order
SUN-5780247,2023-07-15,Iced Americano,Drinks,DRK-02,1,28000,28000,Digital Wallet,Take Away
SUN-7157799,2023-11-18,Grill Chicken Caesar Salad,Food,FOD-04,4,42000,168000,Unknown,Online Order
SUN-8765216,2023-11-04,Beef Carbonara Pasta,Food,FOD-02,2,52000,104000,Digital Wallet,Take Away
SUN-4318905,2023-06-04,Buttermilk Fried Chicken,Food,FOD-01,2,48000,96000,Digital Wallet,Online Order
SUN-3919173,2023-01-01,Caramel Machiato,Drinks,DRK-04,1,38000,38000,Digital Wallet,Online Order
SUN-6959570,2023-08-18,Club Sandwich,Food,FOD-05,1,45000,45000,Digital Wallet,Dine In
SUN-9016187,2023-03-12,Espreso Single,Drinks,DRK-01,1,22000,22000,Debit Card,Unknown
SUN-3701800,2023-12-15,Espreso Single,Drinks,DRK-01,2,22000,44000,Digital Wallet,Online Order
SUN-2130593,2023-09-09,Classic Tirmaisu,Dessert,DST-01,1,38000,38000,Unknown,Unknown
SUN-4667450,2023-06-14,Caramel Machiato,Drinks,DRK-04,3,38000,114000,Unknown,Unknown
SUN-1071704,2023-10-31,Choco Lava Cake,Dessert,DST-04,3,35000,105000,Unknown,Online Order
SUN-3909408,2023-04-29,Club Sandwich,Food,FOD-05,1,45000,45000,Digital Wallet,Take Away
SUN-2010608,2023-04-26,Classic Tirmaisu,Dessert,DST-01,4,38000,152000,Digital Wallet,Online Order
SUN-6866910,2023-06-26,Club Sandwich,Food,FOD-05,4,45000,180000,Cash,Dine In
SUN-9304063,2023-12-03,Creamy Maycha Latte,Drinks,DRK-05,4,35000,140000,Debit Card,Dine In
SUN-9841539,2023-10-18,Caramel Machiato,Drinks,DRK-04,3,38000,114000,Debit Card,Online Order
SUN-7835629,2023-07-31,Nasi Goreng Kampung,Food,FOD-03,4,38000,152000,Debit Card,Unknown
SUN-8568048,2023-09-09,Cafe Latte,Drinks,DRK-03,3,32000,96000,Cash,Dine In
SUN-8130318,2023-05-09,Cafe Latte,Drinks,DRK-03,4,32000,128000,Digital Wallet,Online Order
SUN-6774144,2023-12-18,Buttermilk Fried Chicken,Food,FOD-01,4,48000,192000,Digital Wallet,Dine In
SUN-7291504,2023-02-22,Grill Chicken Caesar Salad,Food,FOD-04,3,42000,126000,Digital Wallet,Take Away
SUN-3864093,2023-05-04,Creamy Maycha Latte,Drinks,DRK-05,2,35000,70000,Debit Card,Online Order
SUN-3430254,2023-03-27,Buttermilk Fried Chicken,Food,FOD-01,4,48000,192000,Cash,Take Away
SUN-3039369,2023-12-08,Creamy Maycha Latte,Drinks,DRK-05,3,35000,105000,Digital Wallet,Take Away
SUN-1702494,2023-05-06,New York Cheesecake,Dessert,DST-03,1,42000,42000,Debit Card,Online Order
SUN-9142433,2023-05-19,Fudgy Brownies,Dessert,DST-02,4,25000,100000,Cash,Take Away
SUN-1130865,2023-11-09,Classic Tirmaisu,Dessert,DST-01,1,38000,38000,Digital Wallet,Dine In
SUN-8097794,2023-01-06,Creamy Maycha Latte,Drinks,DRK-05,1,35000,35000,Digital Wallet,Take Away
SUN-3538295,2023-05-10,New York Cheesecake,Dessert,DST-03,3,42000,126000,Cash,Dine In
SUN-1999004,2023-08-24,Creamy Maycha Latte,Drinks,DRK-05,4,35000,140000,Debit Card,Take Away
SUN-1649505,2023-03-10,Buttermilk Fried Chicken,Food,FOD-01,3,48000,144000,Cash,Take Away
SUN-8098217,2023-12-09,Creamy Maycha Latte,Drinks,DRK-05,3,35000,105000,Debit Card,Take Away
SUN-9737417,2023-07-23,Creamy Maycha Latte,Drinks,DRK-05,3,35000,105000,Digital Wallet,Dine In
SUN-1877351,2023-03-29,Espreso Single,Drinks,DRK-01,3,22000,66000,Cash,Unknown
SUN-6442472,2023-09-30,Fudgy Brownies,Dessert,DST-02,2,25000,50000,Cash,Take Away
SUN-4831396,2023-11-25,Caramel Machiato,Drinks,DRK-04,2,38000,76000,Digital Wallet,Online Order
SUN-2939145,2023-07-19,Nasi Goreng Kampung,Food,FOD-03,4,38000,152000,Debit Card,Dine In
SUN-2422166,2023-11-03,Club Sandwich,Food,FOD-05,1,45000,45000,Cash,Unknown
SUN-1738562,2023-02-27,Fudgy Brownies,Dessert,DST-02,4,25000,100000,Debit Card,Take Away
SUN-8878124,2023-04-27,Buttermilk Fried Chicken,Food,FOD-01,2,48000,96000,Unknown,Online Order
SUN-6544057,2023-12-30,Espreso Single,Drinks,DRK-01,2,22000,44000,Digital Wallet,Online Order
SUN-2691840,2023-10-14,Grill Chicken Caesar Salad,Food,FOD-04,3,42000,126000,Digital Wallet,Online Order
SUN-7094993,2023-07-31,Club Sandwich,Food,FOD-05,2,45000,90000,Debit Card,Dine In
SUN-2063809,2023-04-29,Cinnamon Roll,Dessert,DST-05,4,28000,112000,Debit Card,Unknown
SUN-2004218,2023-09-21,Classic Tirmaisu,Dessert,DST-01,4,38000,152000,Cash,Take Away
SUN-2261670,2023-08-17,Classic Tirmaisu,Dessert,DST-01,3,38000,114000,Cash,Unknown
SUN-9949753,2023-12-02,Classic Tirmaisu,Dessert,DST-01,3,38000,114000,Digital Wallet,Unknown
SUN-9824117,2023-07-02,Fudgy Brownies,Dessert,DST-02,1,25000,25000,Debit Card,Online Order
SUN-6350792,2023-12-06,Espreso Single,Drinks,DRK-01,2,22000,44000,Digital Wallet,Dine In
SUN-5061081,2023-03-17,Beef Carbonara Pasta,Food,FOD-02,1,52000,52000,Debit Card,Online Order
SUN-9359638,2023-02-13,Creamy Maycha Latte,Drinks,DRK-05,4,35000,140000,Digital Wallet,Online Order
SUN-3293228,2023-06-06,Grill Chicken Caesar Salad,Food,FOD-04,1,42000,42000,Debit Card,Online Order
SUN-5057608,2023-08-25,Cinnamon Roll,Dessert,DST-05,1,28000,28000,Digital Wallet,Dine In
SUN-7747423,2023-05-27,Caramel Machiato,Drinks,DRK-04,3,38000,114000,Digital Wallet,Online Order
SUN-4434904,2023-10-17,Espreso Single,Drinks,DRK-01,,22000,,Unknown,Take Away
SUN-7082665,2023-01-29,New York Cheesecake,Dessert,DST-03,1,42000,42000,Debit Card,Online Order
SUN-9825031,2023-01-19,Caramel Machiato,Drinks,DRK-04,4,38000,152000,Debit Card,Online Order
SUN-4879780,2023-11-17,Grill Chicken Caesar Salad,Food,FOD-04,2,42000,84000,Unknown,Dine In
SUN-2074096,2023-10-26,Cinnamon Roll,Dessert,DST-05,4,28000,112000,Digital Wallet,Dine In
SUN-7629940,2023-04-18,Iced Americano,Drinks,DRK-02,4,28000,112000,Debit Card,Dine In
SUN-8845605,2023-04-20,Beef Carbonara Pasta,Food,FOD-02,4,52000,208000,Debit Card,Online Order
SUN-3749312,2023-04-28,Choco Lava Cake,Dessert,DST-04,1,35000,35000,Digital Wallet,Dine In
SUN-6727103,2023-07-01,Cinnamon Roll,Dessert,DST-05,3,28000,84000,Debit Card,Unknown
SUN-3366204,2023-12-15,Classic Tirmaisu,Dessert,DST-01,2,38000,76000,Unknown,Dine In
SUN-6584259,2023-07-19,Caramel Machiato,Drinks,DRK-04,1,38000,38000,Digital Wallet,Take Away
SUN-8029217,2023-05-26,Choco Lava Cake,Dessert,DST-04,2,35000,70000,Digital Wallet,Online Order
SUN-5802624,2023-05-01,Beef Carbonara Pasta,Food,FOD-02,3,52000,156000,Unknown,Online Order
SUN-2598581,2023-05-25,Buttermilk Fried Chicken,Food,FOD-01,4,48000,192000,Unknown,Online Order
SUN-5364181,2023-01-15,Buttermilk Fried Chicken,Food,FOD-01,2,48000,96000,Unknown,Unknown
SUN-4314302,2023-11-04,Cafe Latte,Drinks,DRK-03,2,32000,64000,Unknown,Dine In
SUN-5287019,2023-01-18,Choco Lava Cake,Dessert,DST-04,2,35000,70000,Debit Card,Take Away
SUN-7613736,2023-05-07,Espreso Single,Drinks,DRK-01,2,22000,44000,Digital Wallet,Dine In
SUN-6855362,2023-02-22,Caramel Machiato,Drinks,DRK-04,2,38000,76000,Cash,Unknown
SUN-3761717,2023-12-14,Creamy Maycha Latte,Drinks,DRK-05,1,35000,35000,Digital Wallet,Online Order
SUN-3447820,2023-10-16,Espreso Single,Drinks,DRK-01,3,22000,66000,Debit Card,Dine In
SUN-7705765,2023-06-23,Beef Carbonara Pasta,Food,FOD-02,4,52000,208000,Unknown,Dine In
SUN-1560322,2023-09-12,Cafe Latte,Drinks,DRK-03,2,32000,64000,Digital Wallet,Take Away
SUN-9955941,2023-05-19,Iced Americano,Drinks,DRK-02,2,28000,56000,Digital Wallet,Online Order
SUN-9492771,2023-12-28,Cafe Latte,Drinks,DRK-03,3,32000,96000,Debit Card,Online Order
SUN-3004067,2023-04-27,Nasi Goreng Kampung,Food,FOD-03,2,38000,76000,Digital Wallet,Online Order
SUN-5897414,2023-09-29,Nasi Goreng Kampung,Food,FOD-03,4,38000,152000,Digital Wallet,Online Order
SUN-2619238,2023-04-24,Iced Americano,Drinks,DRK-02,4,28000,112000,Unknown,Dine In
SUN-1793883,2023-12-23,Fudgy Brownies,Dessert,DST-02,4,25000,100000,Debit Card,Unknown
SUN-1422235,2023-12-22,New York Cheesecake,Dessert,DST-03,4,42000,168000,Cash,Take Away
SUN-6225824,2023-10-24,Cafe Latte,Drinks,DRK-03,2,32000,64000,Unknown,Take Away
SUN-1480426,2023-06-27,Cinnamon Roll,Dessert,DST-05,4,28000,112000,Digital Wallet,Online Order
SUN-9890630,2023-06-01,New York Cheesecake,Dessert,DST-03,1,42000,42000,Digital Wallet,Online Order
SUN-5312435,2023-01-25,Cinnamon Roll,Dessert,DST-05,1,28000,28000,Debit Card,Take Away
SUN-7802869,2023-12-19,Club Sandwich,Food,FOD-05,3,45000,135000,Digital Wallet,Unknown
SUN-7058820,2023-01-29,New York Cheesecake,Dessert,DST-03,4,42000,168000,Digital Wallet,Online Order
SUN-5893079,2023-03-04,Choco Lava Cake,Dessert,DST-04,4,35000,140000,Unknown,Take Away
SUN-6349614,2023-10-12,Caramel Machiato,Drinks,DRK-04,3,38000,114000,Debit Card,Online Order
SUN-7217569,2023-05-21,Beef Carbonara Pasta,Food,FOD-02,4,52000,208000,Debit Card,Dine In
SUN-9685827,2023-11-25,Buttermilk Fried Chicken,Food,FOD-01,2,48000,96000,Cash,Dine In
SUN-7295834,2023-02-08,Creamy Maycha Latte,Drinks,DRK-05,4,35000,140000,Digital Wallet,Take Away
SUN-8748633,2023-12-17,Espreso Single,Drinks,DRK-01,3,22000,66000,Digital Wallet,Take Away
SUN-2941704,2023-08-12,New York Cheesecake,Dessert,DST-03,1,42000,42000,Digital Wallet,Online Order
SUN-4828735,2023-01-27,Caramel Machiato,Drinks,DRK-04,4,38000,152000,Digital Wallet,Dine In
SUN-4776260,2023-09-12,Fudgy Brownies,Dessert,DST-02,4,25000,100000,Cash,Unknown
SUN-3974717,2023-04-03,Choco Lava Cake,Dessert,DST-04,4,35000,140000,Digital Wallet,Dine In
SUN-7241337,2023-10-27,Cafe Latte,Drinks,DRK-03,3,32000,96000,Cash,Take Away
SUN-9535820,2023-10-30,Grill Chicken Caesar Salad,Food,FOD-04,3,42000,126000,Digital Wallet,Online Order
SUN-8113599,2023-01-23,Nasi Goreng Kampung,Food,FOD-03,2,38000,76000,Digital Wallet,Take Away
SUN-7489463,2023-10-28,Classic Tirmaisu,Dessert,DST-01,2,38000,76000,Digital Wallet,Unknown
SUN-4342439,,Iced Americano,Drinks,DRK-02,4,28000,112000,Unknown,Take Away
SUN-9481199,2023-10-28,Nasi Goreng Kampung,Food,FOD-03,1,38000,38000,Debit Card,Take Away
SUN-2079844,2023-02-23,Cafe Latte,Drinks,DRK-03,4,32000,128000,Cash,Dine In
SUN-6063241,2023-03-04,Nasi Goreng Kampung,Food,FOD-03,3,38000,114000,Debit Card,Unknown
SUN-4166132,2023-01-21,Grill Chicken Caesar Salad,Food,FOD-04,3,42000,126000,Debit Card,Dine In
SUN-5578745,2023-10-06,Nasi Goreng Kampung,Food,FOD-03,2,38000,76000,Debit Card,Online Order
SUN-7954680,2023-04-20,Caramel Machiato,Drinks,DRK-04,4,38000,152000,Debit Card,Dine In
SUN-6362444,2023-09-28,Choco Lava Cake,Dessert,DST-04,4,35000,140000,Digital Wallet,Take Away
SUN-7456088,2023-09-28,Cinnamon Roll,Dessert,DST-05,4,28000,112000,Debit Card,Dine In
SUN-4734016,2023-11-27,Choco Lava Cake,Dessert,DST-04,2,35000,70000,Debit Card,Take Away
SUN-8520424,2023-08-12,Grill Chicken Caesar Salad,Food,FOD-04,3,42000,126000,Debit Card,Dine In
SUN-3564028,2023-06-12,New York Cheesecake,Dessert,DST-03,4,42000,168000,Debit Card,Take Away
SUN-3157216,2023-07-29,Espreso Single,Drinks,DRK-01,2,22000,44000,Debit Card,Dine In
SUN-5129041,2023-08-25,Club Sandwich,Food,FOD-05,4,45000,180000,Debit Card,Dine In
SUN-2499852,2023-01-23,Cinnamon Roll,Dessert,DST-05,4,28000,112000,Debit Card,Dine In
SUN-5503469,2023-03-15,Classic Tirmaisu,Dessert,DST-01,2,38000,76000,Digital Wallet,Dine In
SUN-4984221,2023-06-15,Cafe Latte,Drinks,DRK-03,3,32000,96000,Digital Wallet,Unknown
SUN-1509737,2023-09-29,Fudgy Brownies,Dessert,DST-02,2,25000,50000,Debit Card,Dine In
SUN-1169277,2023-06-29,Beef Carbonara Pasta,Food,FOD-02,4,52000,208000,Digital Wallet,Unknown
SUN-9819539,2023-01-07,Caramel Machiato,Drinks,DRK-04,2,38000,76000,Debit Card,Take Away
SUN-6312876,2023-06-21,Espreso Single,Drinks,DRK-01,4,22000,88000,Debit Card,Dine In
SUN-4401066,2023-11-09,Iced Americano,Drinks,DRK-02,1,28000,28000,Digital Wallet,Online Order
SUN-8775599,2023-10-26,Choco Lava Cake,Dessert,DST-04,4,35000,140000,Unknown,Dine In
SUN-2438010,2023-09-03,Classic Tirmaisu,Dessert,DST-01,4,38000,152000,Debit Card,Online Order
SUN-9770056,2023-04-09,Cinnamon Roll,Dessert,DST-05,1,28000,28000,Debit Card,Take Away
SUN-2247137,2023-04-25,Caramel Machiato,Drinks,DRK-04,1,38000,38000,Digital Wallet,Dine In
SUN-2492571,2023-05-25,New York Cheesecake,Dessert,DST-03,4,42000,168000,Debit Card,Dine In
SUN-3476256,2023-03-14,Club Sandwich,Food,FOD-05,2,45000,90000,Digital Wallet,Online Order
SUN-2476455,2023-01-26,Fudgy Brownies,Dessert,DST-02,3,25000,75000,Digital Wallet,Take Away
SUN-4576311,2023-06-22,Classic Tirmaisu,Dessert,DST-01,2,38000,76000,Cash,Dine In
SUN-9187284,2023-08-04,Caramel Machiato,Drinks,DRK-04,2,38000,76000,Unknown,Online Order
SUN-3220904,2023-09-28,Cinnamon Roll,Dessert,DST-05,3,28000,84000,Unknown,Unknown
SUN-1454164,2023-09-06,Fudgy Brownies,Dessert,DST-02,3,25000,75000,Digital Wallet,Online Order
SUN-4658176,2023-12-05,Creamy Maycha Latte,Drinks,DRK-05,2,35000,70000,Debit Card,Online Order
SUN-3221905,2023-03-01,Grill Chicken Caesar Salad,Food,FOD-04,3,42000,126000,Debit Card,Online Order
SUN-1190929,2023-12-18,Buttermilk Fried Chicken,Food,FOD-01,1,48000,48000,Cash,Dine In
SUN-9727122,2023-05-02,Creamy Maycha Latte,Drinks,DRK-05,1,35000,35000,Debit Card,Dine In
SUN-3064250,2023-07-17,New York Cheesecake,Dessert,DST-03,2,42000,84000,Digital Wallet,Take Away
SUN-4714560,2023-04-15,Cinnamon Roll,Dessert,DST-05,2,28000,56000,Cash,Take Away
SUN-9926551,2023-04-19,Fudgy Brownies,Dessert,DST-02,2,25000,50000,Debit Card,Unknown
SUN-2076210,2023-06-05,Caramel Machiato,Drinks,DRK-04,3,38000,114000,Unknown,Dine In
SUN-7838888,2023-02-15,Caramel Machiato,Drinks,DRK-04,2,38000,76000,Unknown,Dine In
SUN-8499773,2023-12-13,New York Cheesecake,Dessert,DST-03,4,42000,168000,Digital Wallet,Dine In
SUN-6517300,2023-09-23,Cinnamon Roll,Dessert,DST-05,2,28000,56000,Digital Wallet,Online Order
SUN-6956028,2023-05-22,Creamy Maycha Latte,Drinks,DRK-05,3,35000,105000,Debit Card,Dine In
SUN-7160304,2023-08-06,Caramel Machiato,Drinks,DRK-04,1,38000,38000,Debit Card,Dine In
SUN-2453785,2023-11-22,New York Cheesecake,Dessert,DST-03,2,42000,84000,Digital Wallet,Take Away
SUN-7514877,2023-03-22,Caramel Machiato,Drinks,DRK-04,4,38000,152000,Debit Card,Take Away
SUN-5272340,2023-09-10,Nasi Goreng Kampung,Food,FOD-03,2,38000,76000,Unknown,Take Away
SUN-5480807,2023-07-15,Classic Tirmaisu,Dessert,DST-01,1,38000,38000,Cash,Take Away
SUN-9601857,2023-08-24,Buttermilk Fried Chicken,Food,FOD-01,1,48000,48000,Debit Card,Dine In
SUN-4428651,2023-05-24,Espreso Single,Drinks,DRK-01,3,22000,66000,Digital Wallet,Dine In
SUN-8641841,2023-01-03,Fudgy Brownies,Dessert,DST-02,4,25000,100000,Digital Wallet,Dine In
SUN-4673236,2023-10-17,Creamy Maycha Latte,Drinks,DRK-05,4,35000,140000,Digital Wallet,Dine In
SUN-2064905,2023-06-06,Caramel Machiato,Drinks,DRK-04,1,38000,38000,Cash,Take Away
SUN-2859806,2023-01-31,Club Sandwich,Food,FOD-05,3,45000,135000,Cash,Take Away
SUN-9731416,2023-07-15,Espreso Single,Drinks,DRK-01,1,22000,22000,Debit Card,Take Away
SUN-7385014,2023-03-11,New York Cheesecake,Dessert,DST-03,3,42000,126000,Cash,Take Away
SUN-4054976,2023-11-19,Iced Americano,Drinks,DRK-02,2,28000,56000,Cash,Take Away
SUN-8079549,2023-03-07,Grill Chicken Caesar Salad,Food,FOD-04,1,42000,42000,Unknown,Take Away
SUN-9633116,2023-06-02,Grill Chicken Caesar Salad,Food,FOD-04,2,42000,84000,Cash,Unknown
SUN-5036708,2023-06-25,Fudgy Brownies,Dessert,DST-02,3,25000,75000,Debit Card,Online Order
SUN-7090574,2023-04-15,Iced Americano,Drinks,DRK-02,1,28000,28000,Digital Wallet,Dine In
SUN-2185842,2023-05-01,New York Cheesecake,Dessert,DST-03,4,42000,168000,Debit Card,Unknown
SUN-5825728,2023-11-13,New York Cheesecake,Dessert,DST-03,1,42000,42000,Debit Card,Take Away
SUN-3709240,2023-08-05,Classic Tirmaisu,Dessert,DST-01,4,38000,152000,Debit Card,Online Order
SUN-7855577,2023-01-12,New York Cheesecake,Dessert,DST-03,2,42000,84000,Unknown,Take Away
SUN-5562130,2023-06-27,Fudgy Brownies,Dessert,DST-02,2,25000,50000,Debit Card,Dine In
SUN-7858466,2023-01-09,Creamy Maycha Latte,Drinks,DRK-05,4,35000,140000,Cash,Dine In
SUN-7055442,2023-05-05,Choco Lava Cake,Dessert,DST-04,4,35000,140000,Digital Wallet,Online Order
SUN-2130210,2023-10-01,Creamy Maycha Latte,Drinks,DRK-05,2,35000,70000,Debit Card,Unknown
SUN-1249555,2023-09-08,Beef Carbonara Pasta,Food,FOD-02,1,52000,52000,Debit Card,Unknown
SUN-3711787,2023-03-19,Choco Lava Cake,Dessert,DST-04,3,35000,105000,Cash,Dine In
SUN-7024772,2023-07-29,Grill Chicken Caesar Salad,Food,FOD-04,4,42000,168000,Digital Wallet,Dine In
SUN-4348325,2023-10-16,Creamy Maycha Latte,Drinks,DRK-05,3,35000,105000,Digital Wallet,Unknown
SUN-6618390,2023-02-15,Cinnamon Roll,Dessert,DST-05,2,28000,56000,Digital Wallet,Online Order
SUN-7115354,2023-05-01,Cinnamon Roll,Dessert,DST-05,4,28000,112000,Debit Card,Dine In
SUN-2271455,2023-05-18,Classic Tirmaisu,Dessert,DST-01,4,38000,152000,Debit Card,Online Order
SUN-1265051,2023-01-21,Creamy Maycha Latte,Drinks,DRK-05,2,35000,70000,Digital Wallet,Online Order
SUN-1324279,2023-08-09,Buttermilk Fried Chicken,Food,FOD-01,4,48000,192000,Debit Card,Dine In
SUN-4801849,2023-10-29,Classic Tirmaisu,Dessert,DST-01,3,38000,114000,Digital Wallet,Online Order
SUN-3866819,2023-08-16,Cinnamon Roll,Dessert,DST-05,3,28000,84000,Debit Card,Unknown
SUN-2185299,2023-08-14,Nasi Goreng Kampung,Food,FOD-03,4,38000,152000,Digital Wallet,Unknown
SUN-2232979,2023-06-17,Nasi Goreng Kampung,Food,FOD-03,3,38000,114000,Digital Wallet,Online Order
SUN-8903867,2023-06-17,Fudgy Brownies,Dessert,DST-02,4,25000,100000,Debit Card,Online Order
SUN-1464468,2023-03-10,Cafe Latte,Drinks,DRK-03,1,32000,32000,Unknown,Unknown
SUN-8114577,2023-06-23,Classic Tirmaisu,Dessert,DST-01,2,38000,76000,Digital Wallet,Unknown
SUN-1240047,2023-10-30,Beef Carbonara Pasta,Food,FOD-02,4,52000,208000,Digital Wallet,Online Order
SUN-4559543,2023-08-25,Fudgy Brownies,Dessert,DST-02,4,25000,100000,Debit Card,Online Order
SUN-8174702,2023-07-12,Classic Tirmaisu,Dessert,DST-01,1,38000,38000,Debit Card,Online Order
SUN-8055806,2023-11-22,Caramel Machiato,Drinks,DRK-04,2,38000,76000,Debit Card,Online Order
SUN-8998448,2023-08-22,Buttermilk Fried Chicken,Food,FOD-01,3,48000,144000,Digital Wallet,Dine In
SUN-7030810,2023-02-17,Iced Americano,Drinks,DRK-02,3,28000,84000,Unknown,Online Order
SUN-4545749,2023-11-12,Nasi Goreng Kampung,Food,FOD-03,2,38000,76000,Debit Card,Dine In
SUN-1444555,2023-12-23,Beef Carbonara Pasta,Food,FOD-02,4,52000,208000,Unknown,Online Order
SUN-6439569,2023-01-17,Iced Americano,Drinks,DRK-02,2,28000,56000,Debit Card,Online Order
SUN-2960394,2023-11-11,Caramel Machiato,Drinks,DRK-04,3,38000,114000,Debit Card,Unknown
SUN-1626320,2023-02-13,Fudgy Brownies,Dessert,DST-02,2,25000,50000,Unknown,Online Order
SUN-4681090,2023-06-25,Classic Tirmaisu,Dessert,DST-01,1,38000,38000,Debit Card,Unknown
SUN-7078115,2023-09-24,Fudgy Brownies,Dessert,DST-02,,25000,,Digital Wallet,Take Away
SUN-5753678,2023-03-19,Cafe Latte,Drinks,DRK-03,2,32000,64000,Debit Card,Dine In
SUN-5489090,2023-02-07,Creamy Maycha Latte,Drinks,DRK-05,2,35000,70000,Debit Card,Online Order
SUN-9576409,2023-02-19,Cafe Latte,Drinks,DRK-03,2,32000,64000,Cash,Take Away
SUN-3346459,2023-01-02,Classic Tirmaisu,Dessert,DST-01,,38000,,Cash,Dine In
SUN-1414082,2023-03-02,Nasi Goreng Kampung,Food,FOD-03,1,38000,38000,Digital Wallet,Take Away
SUN-5868544,2023-12-23,Iced Americano,Drinks,DRK-02,2,28000,56000,Digital Wallet,Dine In
SUN-6022541,2023-08-24,Creamy Maycha Latte,Drinks,DRK-05,2,35000,70000,Debit Card,Take Away
SUN-9724002,2023-01-18,Iced Americano,Drinks,DRK-02,3,28000,84000,Digital Wallet,Dine In
SUN-9513465,2023-12-04,Nasi Goreng Kampung,Food,FOD-03,3,38000,114000,Digital Wallet,Take Away
SUN-3429942,2023-11-11,Club Sandwich,Food,FOD-05,2,45000,90000,Digital Wallet,Dine In
SUN-2458851,,Classic Tirmaisu,Dessert,DST-01,1,38000,38000,Debit Card,Take Away
SUN-6415194,2023-12-24,New York Cheesecake,Dessert,DST-03,3,42000,126000,Debit Card,Take Away
SUN-7844995,2023-01-25,Buttermilk Fried Chicken,Food,FOD-01,2,48000,96000,Unknown,Take Away
SUN-8394433,2023-05-23,Classic Tirmaisu,Dessert,DST-01,4,38000,152000,Unknown,Online Order
SUN-6424451,2023-08-09,Club Sandwich,Food,FOD-05,1,45000,45000,Unknown,Unknown
SUN-2846896,2023-08-15,Caramel Machiato,Drinks,DRK-04,2,38000,76000,Cash,Take Away
SUN-8776435,2023-09-28,Caramel Machiato,Drinks,DRK-04,1,38000,38000,Digital Wallet,Online Order
SUN-3425690,2023-02-11,Fudgy Brownies,Dessert,DST-02,2,25000,50000,Unknown,Take Away
SUN-6062137,2023-09-28,Choco Lava Cake,Dessert,DST-04,2,35000,70000,Debit Card,Online Order
SUN-1341627,2023-12-30,Nasi Goreng Kampung,Food,FOD-03,4,38000,152000,Debit Card,Take Away
SUN-8123792,2023-01-19,Buttermilk Fried Chicken,Food,FOD-01,1,48000,48000,Digital Wallet,Dine In
SUN-3237307,2023-11-23,Choco Lava Cake,Dessert,DST-04,3,35000,105000,Digital Wallet,Online Order
SUN-4153737,2023-08-30,Cafe Latte,Drinks,DRK-03,3,32000,96000,Digital Wallet,Online Order
SUN-8087958,2023-04-17,Grill Chicken Caesar Salad,Food,FOD-04,4,42000,168000,Digital Wallet,Online Order
SUN-8506807,2023-06-04,Club Sandwich,Food,FOD-05,2,45000,90000,Digital Wallet,Online Order
SUN-8356467,2023-01-28,Nasi Goreng Kampung,Food,FOD-03,2,38000,76000,Unknown,Take Away
SUN-6120638,2023-02-15,Classic Tirmaisu,Dessert,DST-01,4,38000,152000,Digital Wallet,Take Away
SUN-7507455,2023-10-11,Caramel Machiato,Drinks,DRK-04,4,38000,152000,Cash,Dine In
SUN-2404944,2023-05-06,Cinnamon Roll,Dessert,DST-05,1,28000,28000,Debit Card,Dine In
SUN-4785376,2023-12-31,Iced Americano,Drinks,DRK-02,2,28000,56000,Cash,Take Away
SUN-5074315,2023-02-06,Grill Chicken Caesar Salad,Food,FOD-04,2,42000,84000,Digital Wallet,Unknown
SUN-3251502,2023-02-23,Beef Carbonara Pasta,Food,FOD-02,2,52000,104000,Digital Wallet,Dine In
SUN-3499787,2023-10-22,Buttermilk Fried Chicken,Food,FOD-01,1,48000,48000,Debit Card,Take Away
SUN-3245002,2023-11-23,Club Sandwich,Food,FOD-05,3,45000,135000,Digital Wallet,Unknown
SUN-6199520,2023-09-07,Choco Lava Cake,Dessert,DST-04,4,35000,140000,Digital Wallet,Online Order
SUN-7164840,2023-11-11,Nasi Goreng Kampung,Food,FOD-03,,38000,,Debit Card,Take Away
SUN-4158260,2023-10-28,Caramel Machiato,Drinks,DRK-04,1,38000,38000,Cash,Dine In
SUN-1782143,2023-03-19,Buttermilk Fried Chicken,Food,FOD-01,4,48000,192000,Digital Wallet,Unknown
SUN-4282036,2023-12-08,Classic Tirmaisu,Dessert,DST-01,4,38000,152000,Debit Card,Dine In
SUN-1178168,2023-03-08,Espreso Single,Drinks,DRK-01,3,22000,66000,Digital Wallet,Take Away
SUN-3125041,2023-05-10,Creamy Maycha Latte,Drinks,DRK-05,3,35000,105000,Digital Wallet,Dine In
SUN-5190378,2023-03-15,Espreso Single,Drinks,DRK-01,3,22000,66000,Cash,Take Away
SUN-9967310,2023-10-21,Espreso Single,Drinks,DRK-01,1,22000,22000,Digital Wallet,Take Away
SUN-3273932,2023-04-13,Caramel Machiato,Drinks,DRK-04,4,38000,152000,Digital Wallet,Online Order
SUN-7377089,2023-08-27,Nasi Goreng Kampung,Food,FOD-03,1,38000,38000,Unknown,Take Away
SUN-6135601,2023-06-03,Club Sandwich,Food,FOD-05,,45000,,Debit Card,Unknown
SUN-6139018,2023-06-10,Cinnamon Roll,Dessert,DST-05,3,28000,84000,Digital Wallet,Take Away
SUN-8326223,2023-03-17,Nasi Goreng Kampung,Food,FOD-03,2,38000,76000,Debit Card,Dine In
SUN-7918135,2023-03-19,Buttermilk Fried Chicken,Food,FOD-01,3,48000,144000,Digital Wallet,Dine In
SUN-5063648,2023-04-28,Iced Americano,Drinks,DRK-02,3,28000,84000,Unknown,Online Order
SUN-1745094,2023-07-08,Iced Americano,Drinks,DRK-02,1,28000,28000,Digital Wallet,Dine In
SUN-8336905,2023-07-29,Iced Americano,Drinks,DRK-02,2,28000,56000,Digital Wallet,Dine In
SUN-6949972,2023-05-03,Iced Americano,Drinks,DRK-02,2,28000,56000,Digital Wallet,Take Away
SUN-8894810,2023-08-06,Cinnamon Roll,Dessert,DST-05,1,28000,28000,Digital Wallet,Online Order
SUN-4916802,2023-03-21,Grill Chicken Caesar Salad,Food,FOD-04,4,42000,168000,Digital Wallet,Dine In
SUN-8054892,2023-12-31,Classic Tirmaisu,Dessert,DST-01,4,38000,152000,Cash,Unknown
SUN-6043696,2023-06-17,Cinnamon Roll,Dessert,DST-05,1,28000,28000,Debit Card,Unknown
SUN-2384534,2023-02-25,Cafe Latte,Drinks,DRK-03,1,32000,32000,Debit Card,Take Away
SUN-3205747,2023-05-29,Caramel Machiato,Drinks,DRK-04,4,38000,152000,Digital Wallet,Unknown
SUN-9174345,2023-11-24,Nasi Goreng Kampung,Food,FOD-03,4,38000,152000,Digital Wallet,Online Order
SUN-2583821,2023-06-12,Classic Tirmaisu,Dessert,DST-01,4,38000,152000,Cash,Dine In
SUN-1132935,2023-03-30,Iced Americano,Drinks,DRK-02,1,28000,28000,Debit Card,Take Away
SUN-8412466,2023-02-05,Fudgy Brownies,Dessert,DST-02,1,25000,25000,Cash,Dine In
SUN-9484684,2023-03-17,Creamy Maycha Latte,Drinks,DRK-05,1,35000,35000,Debit Card,Take Away
SUN-5367359,2023-05-05,Fudgy Brownies,Dessert,DST-02,1,25000,25000,Debit Card,Unknown
SUN-4922325,2023-11-20,Iced Americano,Drinks,DRK-02,3,28000,84000,Cash,Unknown
SUN-9088221,2023-02-20,Creamy Maycha Latte,Drinks,DRK-05,4,35000,140000,Debit Card,Dine In
SUN-5554646,2023-07-28,Choco Lava Cake,Dessert,DST-04,2,35000,70000,Debit Card,Take Away
SUN-5065508,2023-07-01,Cafe Latte,Drinks,DRK-03,1,32000,32000,Debit Card,Unknown
SUN-4975758,2023-09-12,Iced Americano,Drinks,DRK-02,3,28000,84000,Digital Wallet,Dine In
SUN-9172235,2023-02-07,Grill Chicken Caesar Salad,Food,FOD-04,4,42000,168000,Debit Card,Dine In
SUN-9305930,2023-11-24,Caramel Machiato,Drinks,DRK-04,2,38000,76000,Cash,Take Away
SUN-5973017,2023-05-12,Cafe Latte,Drinks,DRK-03,1,32000,32000,Debit Card,Online Order
SUN-7997179,2023-10-07,Iced Americano,Drinks,DRK-02,,28000,,Digital Wallet,Online Order
SUN-7438885,2023-01-10,Creamy Maycha Latte,Drinks,DRK-05,1,35000,35000,Digital Wallet,Take Away
SUN-1157709,2023-10-03,Classic Tirmaisu,Dessert,DST-01,3,38000,114000,Debit Card,Online Order
SUN-5800999,2023-02-01,Beef Carbonara Pasta,Food,FOD-02,2,52000,104000,Debit Card,Online Order
SUN-3013289,2023-05-04,Iced Americano,Drinks,DRK-02,3,28000,84000,Cash,Take Away
SUN-1850963,2023-06-10,Caramel Machiato,Drinks,DRK-04,1,38000,38000,Cash,Take Away
SUN-2861507,2023-04-27,Buttermilk Fried Chicken,Food,FOD-01,2,48000,96000,Cash,Unknown
SUN-7123824,2023-06-19,Caramel Machiato,Drinks,DRK-04,3,38000,114000,Digital Wallet,Online Order
SUN-4461827,2023-07-02,New York Cheesecake,Dessert,DST-03,3,42000,126000,Cash,Dine In
SUN-2877004,2023-09-22,Beef Carbonara Pasta,Food,FOD-02,1,52000,52000,Debit Card,Online Order
SUN-2878196,2023-05-22,Grill Chicken Caesar Salad,Food,FOD-04,3,42000,126000,Digital Wallet,Dine In
SUN-7141717,2023-04-20,Cafe Latte,Drinks,DRK-03,4,32000,128000,Digital Wallet,Unknown
SUN-4843390,2023-03-11,Espreso Single,Drinks,DRK-01,1,22000,22000,Digital Wallet,Dine In
SUN-3701311,2023-12-01,Espreso Single,Drinks,DRK-01,4,22000,88000,Unknown,Dine In
SUN-3088614,2023-09-24,Choco Lava Cake,Dessert,DST-04,3,35000,105000,Cash,Take Away
SUN-6638161,2023-12-15,Fudgy Brownies,Dessert,DST-02,1,25000,25000,Unknown,Dine In
SUN-3948253,2023-10-10,Iced Americano,Drinks,DRK-02,1,28000,28000,Debit Card,Take Away
SUN-8311395,2023-04-09,Nasi Goreng Kampung,Food,FOD-03,4,38000,152000,Digital Wallet,Take Away
SUN-1093774,2023-11-30,Buttermilk Fried Chicken,Food,FOD-01,2,48000,96000,Debit Card,Take Away
SUN-6849727,2023-02-25,Espreso Single,Drinks,DRK-01,1,22000,22000,Digital Wallet,Dine In
SUN-2463636,2023-08-27,Fudgy Brownies,Dessert,DST-02,2,25000,50000,Digital Wallet,Dine In
SUN-9471140,2023-05-02,Espreso Single,Drinks,DRK-01,4,22000,88000,Digital Wallet,Online Order
SUN-1113651,2023-07-07,New York Cheesecake,Dessert,DST-03,1,42000,42000,Cash,Dine In
SUN-9498432,2023-09-09,Fudgy Brownies,Dessert,DST-02,3,25000,75000,Debit Card,Online Order
SUN-9246625,2023-05-12,Cafe Latte,Drinks,DRK-03,1,32000,32000,Debit Card,Take Away
SUN-7111959,2023-04-12,Fudgy Brownies,Dessert,DST-02,1,25000,25000,Digital Wallet,Online Order
SUN-4731767,2023-05-27,Fudgy Brownies,Dessert,DST-02,2,25000,50000,Debit Card,Unknown
SUN-4930707,2023-07-11,Beef Carbonara Pasta,Food,FOD-02,4,52000,208000,Debit Card,Online Order
SUN-3582935,2023-10-28,Choco Lava Cake,Dessert,DST-04,4,35000,140000,Cash,Dine In
SUN-4373397,2023-03-17,Caramel Machiato,Drinks,DRK-04,4,38000,152000,Cash,Dine In
SUN-7780028,2023-09-25,Choco Lava Cake,Dessert,DST-04,3,35000,105000,Debit Card,Dine In
SUN-3054774,2023-04-25,Cinnamon Roll,Dessert,DST-05,1,28000,28000,Cash,Dine In
SUN-9909240,2023-02-07,Nasi Goreng Kampung,Food,FOD-03,1,38000,38000,Debit Card,Online Order
SUN-8613190,2023-03-22,Cafe Latte,Drinks,DRK-03,1,32000,32000,Debit Card,Dine In
SUN-7282603,2023-08-05,Choco Lava Cake,Dessert,DST-04,,35000,,Unknown,Online Order
SUN-2325259,2023-12-09,Grill Chicken Caesar Salad,Food,FOD-04,1,42000,42000,Digital Wallet,Dine In
SUN-5764879,2023-11-23,Fudgy Brownies,Dessert,DST-02,1,25000,25000,Digital Wallet,Online Order
SUN-6447349,2023-12-16,New York Cheesecake,Dessert,DST-03,3,42000,126000,Digital Wallet,Online Order
SUN-6428131,2023-11-05,Caramel Machiato,Drinks,DRK-04,3,38000,114000,Debit Card,Dine In
SUN-1390772,2023-05-09,Creamy Maycha Latte,Drinks,DRK-05,2,35000,70000,Cash,Take Away
SUN-7576052,2023-05-19,Cafe Latte,Drinks,DRK-03,2,32000,64000,Debit Card,Online Order
SUN-7152415,2023-12-10,Buttermilk Fried Chicken,Food,FOD-01,3,48000,144000,Digital Wallet,Take Away
SUN-5190923,2023-10-28,New York Cheesecake,Dessert,DST-03,2,42000,84000,Debit Card,Take Away
SUN-7313974,2023-10-20,Caramel Machiato,Drinks,DRK-04,1,38000,38000,Cash,Unknown
SUN-3642316,2023-11-05,Choco Lava Cake,Dessert,DST-04,4,35000,140000,Debit Card,Take Away
SUN-8279918,2023-08-01,Cinnamon Roll,Dessert,DST-05,4,28000,112000,Digital Wallet,Dine In
SUN-5045065,2023-08-15,Buttermilk Fried Chicken,Food,FOD-01,3,48000,144000,Digital Wallet,Online Order
SUN-4089621,2023-02-02,Beef Carbonara Pasta,Food,FOD-02,4,52000,208000,Cash,Unknown
SUN-7450089,2023-11-17,Grill Chicken Caesar Salad,Food,FOD-04,2,42000,84000,Debit Card,Online Order
SUN-8880271,2023-12-21,Cafe Latte,Drinks,DRK-03,1,32000,32000,Unknown,Online Order
SUN-4831455,2023-02-23,Beef Carbonara Pasta,Food,FOD-02,3,52000,156000,Digital Wallet,Unknown
SUN-6117188,2023-07-23,Nasi Goreng Kampung,Food,FOD-03,1,38000,38000,Debit Card,Dine In
SUN-9857851,2023-12-09,Fudgy Brownies,Dessert,DST-02,2,25000,50000,Digital Wallet,Dine In
SUN-4145302,2023-09-07,Caramel Machiato,Drinks,DRK-04,2,38000,76000,Debit Card,Online Order
SUN-3795436,2023-11-06,Beef Carbonara Pasta,Food,FOD-02,2,52000,104000,Digital Wallet,Online Order
SUN-6757891,2023-11-18,Fudgy Brownies,Dessert,DST-02,4,25000,100000,Cash,Take Away
SUN-7465971,2023-05-28,Creamy Maycha Latte,Drinks,DRK-05,1,35000,35000,Debit Card,Take Away
SUN-9954705,2023-12-11,Choco Lava Cake,Dessert,DST-04,2,35000,70000,Digital Wallet,Unknown
SUN-3662325,2023-10-19,Espreso Single,Drinks,DRK-01,3,22000,66000,Cash,Dine In
SUN-6556735,2023-05-28,Fudgy Brownies,Dessert,DST-02,1,25000,25000,Cash,Take Away
SUN-2085796,2023-07-03,Cinnamon Roll,Dessert,DST-05,3,28000,84000,Digital Wallet,Dine In
SUN-6752469,2023-12-26,New York Cheesecake,Dessert,DST-03,1,42000,42000,Unknown,Online Order
SUN-8085744,2023-10-16,Choco Lava Cake,Dessert,DST-04,1,35000,35000,Debit Card,Online Order
SUN-6878481,2023-03-02,Cinnamon Roll,Dessert,DST-05,1,28000,28000,Debit Card,Unknown
SUN-1256726,2023-04-29,Fudgy Brownies,Dessert,DST-02,1,25000,25000,Cash,Unknown
SUN-5086803,2023-04-29,New York Cheesecake,Dessert,DST-03,2,42000,84000,Digital Wallet,Online Order
SUN-1829312,2023-08-28,Fudgy Brownies,Dessert,DST-02,4,25000,100000,Debit Card,Dine In
SUN-3083104,2023-07-22,Beef Carbonara Pasta,Food,FOD-02,,52000,,Unknown,Online Order
SUN-2505027,2023-01-26,New York Cheesecake,Dessert,DST-03,1,42000,42000,Debit Card,Dine In
SUN-8633280,2023-08-11,Iced Americano,Drinks,DRK-02,4,28000,112000,Debit Card,Online Order
SUN-7108912,2023-12-25,Cinnamon Roll,Dessert,DST-05,2,28000,56000,Unknown,Take Away
SUN-4100764,2023-08-14,Fudgy Brownies,Dessert,DST-02,1,25000,25000,Cash,Take Away
SUN-8439438,2023-09-18,Club Sandwich,Food,FOD-05,4,45000,180000,Digital Wallet,Unknown
SUN-1054115,2023-08-07,Iced Americano,Drinks,DRK-02,4,28000,112000,Unknown,Unknown
SUN-8440914,2023-11-27,Club Sandwich,Food,FOD-05,1,45000,45000,Digital Wallet,Take Away
SUN-4580092,2023-12-11,Creamy Maycha Latte,Drinks,DRK-05,4,35000,140000,Cash,Take Away
SUN-2492281,2023-08-29,New York Cheesecake,Dessert,DST-03,1,42000,42000,Debit Card,Take Away
SUN-7308250,2023-05-18,Espreso Single,Drinks,DRK-01,3,22000,66000,Debit Card,Online Order
SUN-7570356,2023-09-06,Beef Carbonara Pasta,Food,FOD-02,2,52000,104000,Debit Card,Online Order
SUN-3604665,2023-02-11,Nasi Goreng Kampung,Food,FOD-03,1,38000,38000,Debit Card,Online Order
SUN-6690226,2023-11-25,Grill Chicken Caesar Salad,Food,FOD-04,3,42000,126000,Unknown,Dine In
SUN-9737506,2023-04-20,Fudgy Brownies,Dessert,DST-02,4,25000,100000,Cash,Dine In
SUN-5022471,2023-12-30,Espreso Single,Drinks,DRK-01,2,22000,44000,Digital Wallet,Take Away
SUN-4089004,2023-01-08,Choco Lava Cake,Dessert,DST-04,4,35000,140000,Digital Wallet,Online Order
SUN-8137519,2023-05-16,Cinnamon Roll,Dessert,DST-05,1,28000,28000,Digital Wallet,Online Order
SUN-5017139,2023-12-11,Caramel Machiato,Drinks,DRK-04,3,38000,114000,Debit Card,Take Away
SUN-6254945,2023-04-19,Cafe Latte,Drinks,DRK-03,4,32000,128000,Debit Card,Take Away
SUN-5564541,2023-05-27,Beef Carbonara Pasta,Food,FOD-02,3,52000,156000,Debit Card,Online Order
SUN-6826387,2023-10-02,Espreso Single,Drinks,DRK-01,1,22000,22000,Unknown,Take Away
SUN-3309679,,New York Cheesecake,Dessert,DST-03,2,42000,84000,Digital Wallet,Online Order
SUN-9107775,2023-06-25,Club Sandwich,Food,FOD-05,2,45000,90000,Debit Card,Take Away
SUN-5464196,2023-02-28,Classic Tirmaisu,Dessert,DST-01,3,38000,114000,Cash,Dine In
SUN-6736731,2023-12-31,Nasi Goreng Kampung,Food,FOD-03,1,38000,38000,Debit Card,Dine In
SUN-7253286,2023-01-09,Caramel Machiato,Drinks,DRK-04,2,38000,76000,Cash,Take Away
SUN-2167650,2023-07-25,Cinnamon Roll,Dessert,DST-05,1,28000,28000,Debit Card,Unknown
SUN-7505161,2023-10-12,Nasi Goreng Kampung,Food,FOD-03,1,38000,38000,Debit Card,Unknown
SUN-5701427,2023-02-09,Nasi Goreng Kampung,Food,FOD-03,4,38000,152000,Digital Wallet,Online Order
SUN-5719272,2023-03-21,Buttermilk Fried Chicken,Food,FOD-01,1,48000,48000,Digital Wallet,Dine In
SUN-3962024,2023-01-17,Caramel Machiato,Drinks,DRK-04,1,38000,38000,Digital Wallet,Online Order
SUN-6196510,2023-07-01,Caramel Machiato,Drinks,DRK-04,2,38000,76000,Digital Wallet,Dine In
SUN-8747783,2023-10-01,Choco Lava Cake,Dessert,DST-04,1,35000,35000,Digital Wallet,Online Order
SUN-2857606,2023-02-02,New York Cheesecake,Dessert,DST-03,2,42000,84000,Unknown,Unknown
SUN-4728257,2023-05-07,Choco Lava Cake,Dessert,DST-04,3,35000,105000,Debit Card,Unknown
SUN-1099437,2023-12-02,Espreso Single,Drinks,DRK-01,1,22000,22000,Digital Wallet,Online Order
SUN-3801677,2023-04-12,Espreso Single,Drinks,DRK-01,4,22000,88000,Unknown,Unknown
SUN-6406676,2023-08-29,Beef Carbonara Pasta,Food,FOD-02,3,52000,156000,Cash,Take Away
SUN-7789533,2023-09-04,Cinnamon Roll,Dessert,DST-05,3,28000,84000,Unknown,Unknown
SUN-7697463,2023-04-28,Classic Tirmaisu,Dessert,DST-01,1,38000,38000,Cash,Take Away
SUN-3196968,2023-03-30,Club Sandwich,Food,FOD-05,1,45000,45000,Debit Card,Take Away
SUN-2975529,2023-12-01,Cinnamon Roll,Dessert,DST-05,2,28000,56000,Debit Card,Take Away
SUN-6573442,2023-05-17,New York Cheesecake,Dessert,DST-03,1,42000,42000,Digital Wallet,Online Order
SUN-1682518,2023-12-13,Fudgy Brownies,Dessert,DST-02,2,25000,50000,Cash,Dine In
SUN-9029702,2023-05-19,Espreso Single,Drinks,DRK-01,2,22000,44000,Digital Wallet,Dine In
SUN-6396595,2023-08-27,Grill Chicken Caesar Salad,Food,FOD-04,1,42000,42000,Unknown,Dine In
SUN-6736698,2023-10-12,New York Cheesecake,Dessert,DST-03,1,42000,42000,Digital Wallet,Online Order
SUN-3663675,2023-07-12,Cafe Latte,Drinks,DRK-03,3,32000,96000,Cash,Unknown
SUN-7459286,2023-09-20,Beef Carbonara Pasta,Food,FOD-02,2,52000,104000,Unknown,Online Order
SUN-5591520,2023-03-15,Club Sandwich,Food,FOD-05,1,45000,45000,Unknown,Unknown
SUN-7026543,2023-12-03,Cinnamon Roll,Dessert,DST-05,1,28000,28000,Cash,Take Away
SUN-4157527,2023-06-02,Club Sandwich,Food,FOD-05,2,45000,90000,Debit Card,Unknown
SUN-1707657,2023-04-12,Fudgy Brownies,Dessert,DST-02,4,25000,100000,Unknown,Take Away
SUN-2680790,2023-10-03,Iced Americano,Drinks,DRK-02,4,28000,112000,Debit Card,Dine In
SUN-3857644,2023-12-30,Espreso Single,Drinks,DRK-01,4,22000,88000,Debit Card,Take Away
SUN-4852027,2023-03-21,Cinnamon Roll,Dessert,DST-05,4,28000,112000,Digital Wallet,Online Order
SUN-4970598,2023-07-17,Nasi Goreng Kampung,Food,FOD-03,1,38000,38000,Cash,Unknown
SUN-5606569,2023-09-19,Buttermilk Fried Chicken,Food,FOD-01,1,48000,48000,Cash,Dine In
SUN-8040758,2023-05-13,Cafe Latte,Drinks,DRK-03,2,32000,64000,Digital Wallet,Dine In
SUN-6252434,2023-07-14,Cinnamon Roll,Dessert,DST-05,2,28000,56000,Cash,Take Away
SUN-5468825,2023-12-10,Classic Tirmaisu,Dessert,DST-01,4,38000,152000,Debit Card,Unknown
SUN-8960315,2023-11-20,Iced Americano,Drinks,DRK-02,3,28000,84000,Unknown,Dine In
SUN-7539438,2023-03-06,Classic Tirmaisu,Dessert,DST-01,3,38000,114000,Debit Card,Online Order
SUN-7906434,2023-05-04,Caramel Machiato,Drinks,DRK-04,1,38000,38000,Cash,Take Away
SUN-4250657,2023-12-17,Fudgy Brownies,Dessert,DST-02,,25000,,Unknown,Dine In
SUN-2847327,2023-06-26,Caramel Machiato,Drinks,DRK-04,2,38000,76000,Digital Wallet,Take Away
SUN-9664436,,Fudgy Brownies,Dessert,DST-02,2,25000,50000,Digital Wallet,Online Order
SUN-1834582,2023-06-19,Cafe Latte,Drinks,DRK-03,4,32000,128000,Cash,Take Away
SUN-2558150,2023-02-28,Beef Carbonara Pasta,Food,FOD-02,4,52000,208000,Debit Card,Dine In
SUN-9376727,2023-07-19,Classic Tirmaisu,Dessert,DST-01,4,38000,152000,Debit Card,Online Order
SUN-3911052,2023-07-17,Fudgy Brownies,Dessert,DST-02,3,25000,75000,Debit Card,Take Away
SUN-9587764,2023-04-13,Fudgy Brownies,Dessert,DST-02,4,25000,100000,Cash,Dine In
SUN-4171445,2023-04-09,Beef Carbonara Pasta,Food,FOD-02,4,52000,208000,Cash,Take Away
SUN-5826168,2023-12-10,Beef Carbonara Pasta,Food,FOD-02,1,52000,52000,Debit Card,Online Order
SUN-1976155,2023-09-24,Iced Americano,Drinks,DRK-02,2,28000,56000,Cash,Dine In
SUN-4567597,2023-08-18,Grill Chicken Caesar Salad,Food,FOD-04,3,42000,126000,Debit Card,Online Order
SUN-8514309,2023-08-05,New York Cheesecake,Dessert,DST-03,3,42000,126000,Cash,Dine In
SUN-1376267,2023-11-29,Beef Carbonara Pasta,Food,FOD-02,2,52000,104000,Cash,Take Away
SUN-9073168,2023-04-02,Grill Chicken Caesar Salad,Food,FOD-04,4,42000,168000,Digital Wallet,Online Order
SUN-3654263,2023-10-21,New York Cheesecake,Dessert,DST-03,4,42000,168000,Cash,Take Away
SUN-1868081,2023-06-14,Fudgy Brownies,Dessert,DST-02,3,25000,75000,Debit Card,Dine In
SUN-6626670,2023-02-12,Espreso Single,Drinks,DRK-01,2,22000,44000,Digital Wallet,Online Order
SUN-7105077,2023-01-06,Espreso Single,Drinks,DRK-01,1,22000,22000,Digital Wallet,Unknown
SUN-1611948,2023-06-01,Buttermilk Fried Chicken,Food,FOD-01,,48000,,Unknown,Take Away
SUN-9145709,2023-11-27,Cinnamon Roll,Dessert,DST-05,4,28000,112000,Unknown,Online Order
SUN-8045269,2023-08-11,Beef Carbonara Pasta,Food,FOD-02,3,52000,156000,Debit Card,Take Away
SUN-7188435,2023-01-19,Cinnamon Roll,Dessert,DST-05,1,28000,28000,Debit Card,Dine In
SUN-7174040,2023-07-24,Cinnamon Roll,Dessert,DST-05,2,28000,56000,Cash,Dine In
SUN-3452924,2023-04-27,Beef Carbonara Pasta,Food,FOD-02,2,52000,104000,Debit Card,Dine In
SUN-4646056,2023-04-19,Choco Lava Cake,Dessert,DST-04,3,35000,105000,Digital Wallet,Online Order
SUN-9134788,2023-11-27,Fudgy Brownies,Dessert,DST-02,2,25000,50000,Digital Wallet,Take Away
SUN-2429510,2023-10-16,Iced Americano,Drinks,DRK-02,2,28000,56000,Debit Card,Take Away
SUN-1369681,2023-07-09,Choco Lava Cake,Dessert,DST-04,4,35000,140000,Debit Card,Take Away
SUN-5002746,2023-08-16,Cinnamon Roll,Dessert,DST-05,3,28000,84000,Digital Wallet,Unknown
SUN-3162645,2023-07-18,Creamy Maycha Latte,Drinks,DRK-05,2,35000,70000,Cash,Dine In
SUN-9339821,2023-01-02,Espreso Single,Drinks,DRK-01,2,22000,44000,Cash,Take Away
SUN-6771527,2023-08-26,Beef Carbonara Pasta,Food,FOD-02,1,52000,52000,Cash,Dine In
SUN-5601318,2023-11-10,Iced Americano,Drinks,DRK-02,3,28000,84000,Unknown,Online Order
SUN-8065626,2023-09-13,Creamy Maycha Latte,Drinks,DRK-05,4,35000,140000,Digital Wallet,Online Order
SUN-5470432,2023-08-16,Choco Lava Cake,Dessert,DST-04,2,35000,70000,Unknown,Online Order
SUN-7644116,2023-04-28,New York Cheesecake,Dessert,DST-03,3,42000,126000,Unknown,Dine In
SUN-8264712,2023-08-14,Buttermilk Fried Chicken,Food,FOD-01,3,48000,144000,Debit Card,Online Order
SUN-1583806,2023-02-13,New York Cheesecake,Dessert,DST-03,4,42000,168000,Digital Wallet,Dine In
SUN-6164249,2023-09-17,Grill Chicken Caesar Salad,Food,FOD-04,2,42000,84000,Unknown,Take Away
SUN-4253163,2023-08-15,Grill Chicken Caesar Salad,Food,FOD-04,4,42000,168000,Debit Card,Dine In
SUN-1093753,2023-06-25,Caramel Machiato,Drinks,DRK-04,2,38000,76000,Digital Wallet,Online Order
SUN-5141853,2023-06-21,Beef Carbonara Pasta,Food,FOD-02,2,52000,104000,Unknown,Online Order
SUN-7858384,2023-08-19,Caramel Machiato,Drinks,DRK-04,4,38000,152000,Cash,Take Away
SUN-6599934,2023-08-12,Classic Tirmaisu,Dessert,DST-01,1,38000,38000,Cash,Unknown
SUN-4152248,2023-07-29,Classic Tirmaisu,Dessert,DST-01,2,38000,76000,Digital Wallet,Online Order
SUN-2813229,2023-12-16,Caramel Machiato,Drinks,DRK-04,2,38000,76000,Debit Card,Dine In
SUN-1824747,2023-09-04,Club Sandwich,Food,FOD-05,1,45000,45000,Cash,Unknown
SUN-9025696,2023-07-27,Grill Chicken Caesar Salad,Food,FOD-04,1,42000,42000,Digital Wallet,Online Order
SUN-9848326,2023-05-09,New York Cheesecake,Dessert,DST-03,3,42000,126000,Cash,Dine In
SUN-2325942,2023-03-13,Cafe Latte,Drinks,DRK-03,3,32000,96000,Digital Wallet,Online Order
SUN-1020584,2023-01-13,Club Sandwich,Food,FOD-05,1,45000,45000,Cash,Dine In
SUN-6752783,2023-05-04,Creamy Maycha Latte,Drinks,DRK-05,1,35000,35000,Digital Wallet,Dine In
SUN-2052140,2023-09-19,New York Cheesecake,Dessert,DST-03,3,42000,126000,Cash,Dine In
SUN-8884104,2023-11-17,Cafe Latte,Drinks,DRK-03,3,32000,96000,Cash,Take Away
SUN-3993676,2023-07-14,Creamy Maycha Latte,Drinks,DRK-05,1,35000,35000,Cash,Dine In
SUN-8944618,2023-04-06,Fudgy Brownies,Dessert,DST-02,4,25000,100000,Digital Wallet,Take Away
SUN-1867581,2023-09-06,Choco Lava Cake,Dessert,DST-04,2,35000,70000,Debit Card,Take Away
SUN-6510888,2023-04-22,Caramel Machiato,Drinks,DRK-04,2,38000,76000,Debit Card,Take Away
SUN-8912092,2023-06-18,Beef Carbonara Pasta,Food,FOD-02,3,52000,156000,Unknown,Take Away
SUN-1349799,2023-12-11,Caramel Machiato,Drinks,DRK-04,4,38000,152000,Debit Card,Online Order
SUN-2898342,2023-11-28,Buttermilk Fried Chicken,Food,FOD-01,2,48000,96000,Digital Wallet,Take Away
SUN-9008061,2023-06-24,Caramel Machiato,Drinks,DRK-04,1,38000,38000,Cash,Dine In
SUN-2585689,2023-03-16,Nasi Goreng Kampung,Food,FOD-03,2,38000,76000,Digital Wallet,Dine In
SUN-4555268,2023-09-07,Classic Tirmaisu,Dessert,DST-01,3,38000,114000,Debit Card,Online Order
SUN-8407420,2023-12-28,Classic Tirmaisu,Dessert,DST-01,3,38000,114000,Digital Wallet,Online Order
SUN-5740726,2023-12-07,Caramel Machiato,Drinks,DRK-04,4,38000,152000,Digital Wallet,Unknown
SUN-5209434,2023-05-28,Espreso Single,Drinks,DRK-01,2,22000,44000,Cash,Dine In
SUN-2433730,2023-11-09,Club Sandwich,Food,FOD-05,1,45000,45000,Digital Wallet,Unknown
SUN-8917807,2023-12-18,Classic Tirmaisu,Dessert,DST-01,2,38000,76000,Debit Card,Unknown
SUN-5811344,2023-01-09,Grill Chicken Caesar Salad,Food,FOD-04,4,42000,168000,Digital Wallet,Online Order
SUN-4329335,2023-12-11,Cinnamon Roll,Dessert,DST-05,3,28000,84000,Debit Card,Take Away
SUN-9631181,2023-07-02,Creamy Maycha Latte,Drinks,DRK-05,,35000,,Debit Card,Dine In
SUN-3088182,2023-03-29,Choco Lava Cake,Dessert,DST-04,3,35000,105000,Digital Wallet,Unknown
SUN-7789975,2023-09-07,Beef Carbonara Pasta,Food,FOD-02,3,52000,156000,Digital Wallet,Unknown
SUN-7759163,2023-12-13,Choco Lava Cake,Dessert,DST-04,4,35000,140000,Debit Card,Dine In
SUN-5023204,2023-02-20,Grill Chicken Caesar Salad,Food,FOD-04,4,42000,168000,Debit Card,Unknown
SUN-5128502,2023-11-04,Grill Chicken Caesar Salad,Food,FOD-04,4,42000,168000,Cash,Take Away
SUN-2245724,2023-03-07,Classic Tirmaisu,Dessert,DST-01,3,38000,114000,Debit Card,Unknown
SUN-8643557,2023-02-10,Nasi Goreng Kampung,Food,FOD-03,3,38000,114000,Digital Wallet,Online Order
SUN-7277784,2023-10-10,Classic Tirmaisu,Dessert,DST-01,1,38000,38000,Debit Card,Dine In
SUN-3259298,2023-04-10,Classic Tirmaisu,Dessert,DST-01,3,38000,114000,Unknown,Online Order
SUN-3265169,2023-09-27,Nasi Goreng Kampung,Food,FOD-03,2,38000,76000,Debit Card,Unknown
SUN-3604444,2023-11-13,Iced Americano,Drinks,DRK-02,4,28000,112000,Digital Wallet,Take Away
SUN-6520828,2023-12-25,Espreso Single,Drinks,DRK-01,4,22000,88000,Unknown,Dine In
SUN-1113482,2023-10-14,Choco Lava Cake,Dessert,DST-04,3,35000,105000,Digital Wallet,Unknown
SUN-8976644,2023-01-21,Cafe Latte,Drinks,DRK-03,4,32000,128000,Debit Card,Online Order
SUN-3071960,2023-08-30,Grill Chicken Caesar Salad,Food,FOD-04,1,42000,42000,Unknown,Unknown
SUN-4023991,2023-01-19,Classic Tirmaisu,Dessert,DST-01,,38000,,Cash,Dine In
SUN-2491648,2023-06-25,Iced Americano,Drinks,DRK-02,2,28000,56000,Debit Card,Take Away
SUN-2682013,2023-12-28,Caramel Machiato,Drinks,DRK-04,1,38000,38000,Unknown,Dine In
SUN-1083386,2023-03-31,Buttermilk Fried Chicken,Food,FOD-01,1,48000,48000,Debit Card,Online Order
SUN-4111834,2023-09-15,Cafe Latte,Drinks,DRK-03,4,32000,128000,Digital Wallet,Unknown
SUN-7208060,2023-03-19,Classic Tirmaisu,Dessert,DST-01,4,38000,152000,Unknown,Online Order
SUN-3445445,2023-02-05,Fudgy Brownies,Dessert,DST-02,2,25000,50000,Cash,Dine In
SUN-9066761,2023-11-25,Beef Carbonara Pasta,Food,FOD-02,2,52000,104000,Unknown,Unknown
SUN-9481019,2023-08-30,Choco Lava Cake,Dessert,DST-04,3,35000,105000,Cash,Dine In
SUN-8220958,2023-11-14,Club Sandwich,Food,FOD-05,1,45000,45000,Unknown,Take Away
SUN-6578753,2023-08-25,Grill Chicken Caesar Salad,Food,FOD-04,2,42000,84000,Debit Card,Unknown
SUN-4829042,2023-07-23,Choco Lava Cake,Dessert,DST-04,2,35000,70000,Debit Card,Dine In
SUN-3399279,2023-09-08,Classic Tirmaisu,Dessert,DST-01,4,38000,152000,Digital Wallet,Take Away
SUN-3009189,2023-01-29,Cafe Latte,Drinks,DRK-03,1,32000,32000,Debit Card,Online Order
SUN-5204604,2023-10-30,Beef Carbonara Pasta,Food,FOD-02,1,52000,52000,Cash,Dine In
SUN-3774310,2023-04-11,Cafe Latte,Drinks,DRK-03,1,32000,32000,Debit Card,Dine In
SUN-4326300,2023-09-24,Creamy Maycha Latte,Drinks,DRK-05,3,35000,105000,Unknown,Take Away
SUN-1954428,2023-03-24,Beef Carbonara Pasta,Food,FOD-02,1,52000,52000,Digital Wallet,Unknown
SUN-7180719,2023-07-21,Beef Carbonara Pasta,Food,FOD-02,4,52000,208000,Digital Wallet,Online Order
SUN-4253943,2023-09-13,Club Sandwich,Food,FOD-05,2,45000,90000,Cash,Take Away
SUN-3216048,2023-05-18,Caramel Machiato,Drinks,DRK-04,3,38000,114000,Digital Wallet,Take Away
SUN-9147244,2023-02-15,New York Cheesecake,Dessert,DST-03,3,42000,126000,Digital Wallet,Take Away
SUN-5785560,2023-03-14,New York Cheesecake,Dessert,DST-03,3,42000,126000,Unknown,Unknown
SUN-4012893,2023-01-02,New York Cheesecake,Dessert,DST-03,4,42000,168000,Digital Wallet,Online Order
SUN-1994897,2023-12-26,Classic Tirmaisu,Dessert,DST-01,2,38000,76000,Debit Card,Online Order
SUN-3640734,2023-04-13,Grill Chicken Caesar Salad,Food,FOD-04,3,42000,126000,Digital Wallet,Take Away
SUN-2596323,2023-06-13,Cafe Latte,Drinks,DRK-03,2,32000,64000,Debit Card,Unknown
SUN-8334513,2023-01-18,Nasi Goreng Kampung,Food,FOD-03,3,38000,114000,Debit Card,Take Away
SUN-1965890,2023-04-10,Cafe Latte,Drinks,DRK-03,2,32000,64000,Cash,Dine In
SUN-1893296,2023-04-04,Creamy Maycha Latte,Drinks,DRK-05,1,35000,35000,Unknown,Dine In
SUN-5537095,2023-08-26,Caramel Machiato,Drinks,DRK-04,2,38000,76000,Debit Card,Online Order
SUN-6414246,2023-10-13,Fudgy Brownies,Dessert,DST-02,3,25000,75000,Digital Wallet,Dine In
SUN-8514911,2023-09-04,Espreso Single,Drinks,DRK-01,3,22000,66000,Digital Wallet,Online Order
SUN-1333065,2023-12-29,Nasi Goreng Kampung,Food,FOD-03,3,38000,114000,Unknown,Dine In
SUN-5162831,2023-08-06,Grill Chicken Caesar Salad,Food,FOD-04,3,42000,126000,Debit Card,Online Order
SUN-5877504,2023-12-29,Grill Chicken Caesar Salad,Food,FOD-04,3,42000,126000,Debit Card,Unknown
SUN-6469700,2023-11-17,Espreso Single,Drinks,DRK-01,2,22000,44000,Debit Card,Take Away
SUN-4803335,2023-08-21,Creamy Maycha Latte,Drinks,DRK-05,1,35000,35000,Unknown,Online Order
SUN-2456156,2023-08-10,Cafe Latte,Drinks,DRK-03,3,32000,96000,Digital Wallet,Dine In
SUN-5551354,2023-02-15,Cinnamon Roll,Dessert,DST-05,1,28000,28000,Debit Card,Online Order
SUN-5739102,2023-05-20,Club Sandwich,Food,FOD-05,4,45000,180000,Debit Card,Dine In
SUN-1555094,2023-10-13,Espreso Single,Drinks,DRK-01,4,22000,88000,Digital Wallet,Dine In
SUN-2161600,2023-02-03,Buttermilk Fried Chicken,Food,FOD-01,2,48000,96000,Digital Wallet,Dine In
SUN-3231922,2023-08-12,Espreso Single,Drinks,DRK-01,1,22000,22000,Digital Wallet,Online Order
SUN-3820400,2023-02-14,Caramel Machiato,Drinks,DRK-04,4,38000,152000,Digital Wallet,Dine In
SUN-5407590,2023-12-25,New York Cheesecake,Dessert,DST-03,3,42000,126000,Cash,Take Away
SUN-7292466,2023-06-30,Buttermilk Fried Chicken,Food,FOD-01,1,48000,48000,Debit Card,Take Away
SUN-2120377,2023-07-19,Caramel Machiato,Drinks,DRK-04,3,38000,114000,Unknown,Online Order
SUN-1322301,2023-04-06,Grill Chicken Caesar Salad,Food,FOD-04,3,42000,126000,Digital Wallet,Online Order
SUN-2413237,2023-10-22,Iced Americano,Drinks,DRK-02,1,28000,28000,Unknown,Unknown
SUN-7851775,2023-02-22,Beef Carbonara Pasta,Food,FOD-02,2,52000,104000,Debit Card,Dine In
SUN-6862098,2023-02-17,Caramel Machiato,Drinks,DRK-04,2,38000,76000,Debit Card,Online Order
SUN-3289612,2023-10-31,Beef Carbonara Pasta,Food,FOD-02,2,52000,104000,Digital Wallet,Take Away
SUN-6007289,2023-05-01,Cinnamon Roll,Dessert,DST-05,1,28000,28000,Debit Card,Online Order
SUN-6544123,2023-06-15,Beef Carbonara Pasta,Food,FOD-02,3,52000,156000,Digital Wallet,Dine In
SUN-9081303,2023-10-08,Choco Lava Cake,Dessert,DST-04,1,35000,35000,Cash,Unknown
SUN-7334754,2023-09-23,Classic Tirmaisu,Dessert,DST-01,2,38000,76000,Unknown,Online Order
SUN-9262862,2023-10-23,Buttermilk Fried Chicken,Food,FOD-01,1,48000,48000,Unknown,Online Order
SUN-4830165,2023-11-07,New York Cheesecake,Dessert,DST-03,2,42000,84000,Digital Wallet,Unknown
SUN-5958721,2023-10-12,New York Cheesecake,Dessert,DST-03,4,42000,168000,Cash,Take Away
SUN-6521885,2023-01-20,Caramel Machiato,Drinks,DRK-04,4,38000,152000,Digital Wallet,Dine In
SUN-9626693,2023-10-04,Buttermilk Fried Chicken,Food,FOD-01,4,48000,192000,Debit Card,Online Order
SUN-2615183,2023-12-16,Nasi Goreng Kampung,Food,FOD-03,3,38000,114000,Digital Wallet,Take Away
SUN-6387360,2023-04-20,Fudgy Brownies,Dessert,DST-02,4,25000,100000,Debit Card,Take Away
SUN-3500374,2023-07-22,Buttermilk Fried Chicken,Food,FOD-01,1,48000,48000,Cash,Take Away
SUN-4636012,2023-05-03,New York Cheesecake,Dessert,DST-03,3,42000,126000,Debit Card,Take Away
SUN-8329714,2023-05-01,Club Sandwich,Food,FOD-05,2,45000,90000,Digital Wallet,Unknown
SUN-2206124,2023-12-08,Beef Carbonara Pasta,Food,FOD-02,3,52000,156000,Debit Card,Online Order
SUN-3385734,2023-06-27,Cinnamon Roll,Dessert,DST-05,1,28000,28000,Debit Card,Unknown
SUN-6803093,2023-09-02,Club Sandwich,Food,FOD-05,3,45000,135000,Digital Wallet,Take Away
SUN-6440969,2023-03-23,Creamy Maycha Latte,Drinks,DRK-05,3,35000,105000,Debit Card,Online Order
SUN-2740004,2023-10-15,Grill Chicken Caesar Salad,Food,FOD-04,1,42000,42000,Digital Wallet,Take Away
SUN-9568088,2023-05-02,Club Sandwich,Food,FOD-05,1,45000,45000,Unknown,Online Order
SUN-9669472,2023-04-02,Caramel Machiato,Drinks,DRK-04,1,38000,38000,Digital Wallet,Online Order
SUN-4975765,2023-08-11,Espreso Single,Drinks,DRK-01,3,22000,66000,Unknown,Take Away
SUN-9565207,2023-12-26,Grill Chicken Caesar Salad,Food,FOD-04,1,42000,42000,Cash,Dine In
SUN-4285414,2023-03-12,Caramel Machiato,Drinks,DRK-04,4,38000,152000,Digital Wallet,Online Order
SUN-1856156,2023-09-05,Beef Carbonara Pasta,Food,FOD-02,1,52000,52000,Cash,Take Away
SUN-4180614,2023-06-14,Grill Chicken Caesar Salad,Food,FOD-04,1,42000,42000,Cash,Dine In
SUN-9439152,2023-02-21,Buttermilk Fried Chicken,Food,FOD-01,4,48000,192000,Debit Card,Online Order
SUN-7703346,2023-04-14,Iced Americano,Drinks,DRK-02,3,28000,84000,Unknown,Online Order
SUN-6164437,2023-02-02,Cinnamon Roll,Dessert,DST-05,4,28000,112000,Debit Card,Take Away
SUN-3234025,2023-10-12,Buttermilk Fried Chicken,Food,FOD-01,4,48000,192000,Debit Card,Take Away
SUN-4425843,2023-05-13,Choco Lava Cake,Dessert,DST-04,1,35000,35000,Debit Card,Take Away
SUN-9458897,2023-03-29,Club Sandwich,Food,FOD-05,2,45000,90000,Digital Wallet,Unknown
SUN-2796332,2023-07-20,New York Cheesecake,Dessert,DST-03,2,42000,84000,Debit Card,Dine In
SUN-7579014,2023-09-24,Nasi Goreng Kampung,Food,FOD-03,4,38000,152000,Debit Card,Unknown
SUN-3192914,2023-12-22,Classic Tirmaisu,Dessert,DST-01,3,38000,114000,Digital Wallet,Take Away
SUN-6137218,2023-01-05,Nasi Goreng Kampung,Food,FOD-03,3,38000,114000,Cash,Dine In
SUN-1575617,2023-06-27,Creamy Maycha Latte,Drinks,DRK-05,2,35000,70000,Cash,Dine In
SUN-1324378,2023-06-10,Beef Carbonara Pasta,Food,FOD-02,4,52000,208000,Digital Wallet,Dine In
SUN-2222432,2023-05-14,Cafe Latte,Drinks,DRK-03,1,32000,32000,Cash,Unknown
SUN-7239748,2023-06-22,Creamy Maycha Latte,Drinks,DRK-05,1,35000,35000,Debit Card,Unknown
SUN-1082823,2023-11-27,Cinnamon Roll,Dessert,DST-05,1,28000,28000,Debit Card,Dine In
SUN-8765190,2023-05-29,Espreso Single,Drinks,DRK-01,1,22000,22000,Digital Wallet,Online Order
SUN-2665284,2023-12-19,Espreso Single,Drinks,DRK-01,2,22000,44000,Debit Card,Dine In
SUN-4631630,2023-07-09,Beef Carbonara Pasta,Food,FOD-02,1,52000,52000,Unknown,Online Order
SUN-1849912,2023-06-13,Caramel Machiato,Drinks,DRK-04,3,38000,114000,Debit Card,Online Order
SUN-1931580,2023-11-05,Cinnamon Roll,Dessert,DST-05,4,28000,112000,Digital Wallet,Dine In
SUN-2243815,2023-11-06,Buttermilk Fried Chicken,Food,FOD-01,4,48000,192000,Digital Wallet,Online Order
SUN-2157619,2023-07-10,Creamy Maycha Latte,Drinks,DRK-05,4,35000,140000,Digital Wallet,Dine In
SUN-3358929,2023-06-26,Grill Chicken Caesar Salad,Food,FOD-04,2,42000,84000,Debit Card,Online Order
SUN-4166141,2023-10-26,Classic Tirmaisu,Dessert,DST-01,4,38000,152000,Debit Card,Online Order
SUN-1508756,2023-04-23,Iced Americano,Drinks,DRK-02,4,28000,112000,Cash,Unknown
SUN-8636376,2023-09-24,New York Cheesecake,Dessert,DST-03,2,42000,84000,Digital Wallet,Take Away
SUN-2112390,2023-06-30,Fudgy Brownies,Dessert,DST-02,2,25000,50000,Debit Card,Unknown
SUN-7326570,2023-03-13,Beef Carbonara Pasta,Food,FOD-02,3,52000,156000,Digital Wallet,Take Away
SUN-3065869,2023-10-28,Fudgy Brownies,Dessert,DST-02,4,25000,100000,Cash,Unknown
SUN-1010104,2023-04-19,Espreso Single,Drinks,DRK-01,3,22000,66000,Cash,Dine In
SUN-2491690,2023-08-11,Beef Carbonara Pasta,Food,FOD-02,4,52000,208000,Digital Wallet,Dine In
SUN-1447157,2023-02-27,Buttermilk Fried Chicken,Food,FOD-01,3,48000,144000,Debit Card,Online Order
SUN-5241071,2023-08-20,Beef Carbonara Pasta,Food,FOD-02,,52000,,Debit Card,Take Away
SUN-8747059,2023-10-12,Cafe Latte,Drinks,DRK-03,4,32000,128000,Debit Card,Online Order
SUN-4815771,2023-10-03,Caramel Machiato,Drinks,DRK-04,2,38000,76000,Cash,Take Away
SUN-5473042,2023-02-05,Buttermilk Fried Chicken,Food,FOD-01,3,48000,144000,Cash,Dine In
SUN-6404021,2023-03-16,Creamy Maycha Latte,Drinks,DRK-05,1,35000,35000,Debit Card,Online Order
SUN-3925700,2023-11-09,Choco Lava Cake,Dessert,DST-04,1,35000,35000,Debit Card,Unknown
SUN-5959317,2023-08-28,Cafe Latte,Drinks,DRK-03,3,32000,96000,Cash,Dine In
SUN-7685069,2023-07-22,Choco Lava Cake,Dessert,DST-04,2,35000,70000,Unknown,Unknown
SUN-8403577,,Buttermilk Fried Chicken,Food,FOD-01,3,48000,144000,Cash,Dine In
SUN-9108197,2023-06-07,Iced Americano,Drinks,DRK-02,3,28000,84000,Digital Wallet,Online Order
SUN-5816031,,Classic Tirmaisu,Dessert,DST-01,4,38000,152000,Unknown,Unknown
SUN-7646489,2023-07-25,Unknown,Unknown,Unknown,2,38000,76000,Cash,Take Away
SUN-4669143,2023-04-10,Cafe Latte,Drinks,DRK-03,2,32000,64000,Digital Wallet,Online Order
SUN-8670304,2023-07-16,Fudgy Brownies,Dessert,DST-02,3,25000,75000,Unknown,Online Order
SUN-4515031,2023-09-22,Cafe Latte,Drinks,DRK-03,1,32000,32000,Debit Card,Online Order
SUN-6543387,2023-08-15,Choco Lava Cake,Dessert,DST-04,4,35000,140000,Debit Card,Dine In
SUN-6261352,2023-02-22,Caramel Machiato,Drinks,DRK-04,2,38000,76000,Digital Wallet,Take Away
SUN-2251907,2023-07-18,Choco Lava Cake,Dessert,DST-04,1,35000,35000,Debit Card,Dine In
SUN-6706542,2023-03-01,New York Cheesecake,Dessert,DST-03,2,42000,84000,Debit Card,Take Away
SUN-3024774,2023-04-22,Classic Tirmaisu,Dessert,DST-01,2,38000,76000,Cash,Dine In
SUN-5165806,2023-08-06,Iced Americano,Drinks,DRK-02,4,28000,112000,Digital Wallet,Online Order
SUN-8011261,2023-11-24,Buttermilk Fried Chicken,Food,FOD-01,3,48000,144000,Digital Wallet,Take Away
SUN-8963871,2023-03-05,Creamy Maycha Latte,Drinks,DRK-05,1,35000,35000,Digital Wallet,Dine In
SUN-9551004,2023-08-14,Cinnamon Roll,Dessert,DST-05,3,28000,84000,Digital Wallet,Dine In
SUN-3388083,2023-11-28,Buttermilk Fried Chicken,Food,FOD-01,2,48000,96000,Unknown,Online Order
SUN-9229643,2023-12-30,Nasi Goreng Kampung,Food,FOD-03,4,38000,152000,Digital Wallet,Online Order
SUN-4882140,2023-10-23,Buttermilk Fried Chicken,Food,FOD-01,4,48000,192000,Cash,Take Away
SUN-1951478,2023-02-17,Beef Carbonara Pasta,Food,FOD-02,2,52000,104000,Debit Card,Take Away
SUN-4548203,2023-09-10,Fudgy Brownies,Dessert,DST-02,2,25000,50000,Digital Wallet,Online Order
SUN-7192875,2023-12-10,Cafe Latte,Drinks,DRK-03,1,32000,32000,Unknown,Online Order
SUN-3483685,2023-09-16,Creamy Maycha Latte,Drinks,DRK-05,2,35000,70000,Debit Card,Dine In
SUN-3783149,2023-08-17,Caramel Machiato,Drinks,DRK-04,4,38000,152000,Unknown,Online Order
SUN-9314175,2023-06-03,Choco Lava Cake,Dessert,DST-04,1,35000,35000,Digital Wallet,Take Away
SUN-9218530,2023-09-05,Fudgy Brownies,Dessert,DST-02,2,25000,50000,Debit Card,Online Order
SUN-8264352,2023-09-16,Cinnamon Roll,Dessert,DST-05,3,28000,84000,Cash,Unknown
SUN-9424579,2023-12-10,Fudgy Brownies,Dessert,DST-02,4,25000,100000,Cash,Take Away
SUN-1267103,2023-04-23,Creamy Maycha Latte,Drinks,DRK-05,1,35000,35000,Unknown,Take Away
SUN-5122147,2023-01-23,Nasi Goreng Kampung,Food,FOD-03,1,38000,38000,Debit Card,Online Order
SUN-4707436,2023-10-29,Nasi Goreng Kampung,Food,FOD-03,2,38000,76000,Debit Card,Dine In
SUN-3969913,2023-03-10,Fudgy Brownies,Dessert,DST-02,2,25000,50000,Digital Wallet,Online Order
SUN-7721734,2023-06-21,Cafe Latte,Drinks,DRK-03,1,32000,32000,Debit Card,Take Away
SUN-9001227,2023-07-28,Iced Americano,Drinks,DRK-02,2,28000,56000,Debit Card,Take Away
SUN-3682623,2023-06-10,Beef Carbonara Pasta,Food,FOD-02,4,52000,208000,Cash,Take Away
SUN-6008498,2023-04-19,New York Cheesecake,Dessert,DST-03,2,42000,84000,Unknown,Take Away
SUN-6140966,2023-07-18,Creamy Maycha Latte,Drinks,DRK-05,1,35000,35000,Unknown,Unknown
SUN-3310918,2023-01-07,Caramel Machiato,Drinks,DRK-04,1,38000,38000,Debit Card,Take Away
SUN-2679415,2023-07-27,Choco Lava Cake,Dessert,DST-04,2,35000,70000,Unknown,Online Order
SUN-5095798,2023-04-17,Cafe Latte,Drinks,DRK-03,2,32000,64000,Digital Wallet,Take Away
SUN-9787661,2023-03-18,Classic Tirmaisu,Dessert,DST-01,1,38000,38000,Unknown,Dine In
SUN-5934095,2023-09-10,Choco Lava Cake,Dessert,DST-04,1,35000,35000,Digital Wallet,Take Away
SUN-7685310,2023-07-29,Buttermilk Fried Chicken,Food,FOD-01,2,48000,96000,Unknown,Dine In
SUN-7122893,2023-09-07,Choco Lava Cake,Dessert,DST-04,2,35000,70000,Unknown,Take Away
SUN-3759736,2023-07-18,Choco Lava Cake,Dessert,DST-04,4,35000,140000,Digital Wallet,Dine In
SUN-8160709,2023-01-09,Fudgy Brownies,Dessert,DST-02,2,25000,50000,Digital Wallet,Dine In
SUN-7650589,2023-12-31,Cinnamon Roll,Dessert,DST-05,4,28000,112000,Debit Card,Online Order
SUN-6391620,2023-04-29,Fudgy Brownies,Dessert,DST-02,3,25000,75000,Digital Wallet,Unknown
SUN-1295967,2023-05-23,Choco Lava Cake,Dessert,DST-04,3,35000,105000,Cash,Dine In
SUN-6049415,2023-11-09,Beef Carbonara Pasta,Food,FOD-02,1,52000,52000,Digital Wallet,Take Away
SUN-1909231,2023-07-03,Beef Carbonara Pasta,Food,FOD-02,,52000,,Unknown,Online Order
SUN-5654069,2023-08-27,Creamy Maycha Latte,Drinks,DRK-05,4,35000,140000,Debit Card,Dine In
SUN-8448473,2023-08-12,Iced Americano,Drinks,DRK-02,3,28000,84000,Digital Wallet,Unknown
SUN-6519484,2023-08-15,Cinnamon Roll,Dessert,DST-05,1,28000,28000,Cash,Unknown
SUN-7594465,2023-11-02,Classic Tirmaisu,Dessert,DST-01,3,38000,114000,Digital Wallet,Take Away
SUN-7369690,2023-12-22,Buttermilk Fried Chicken,Food,FOD-01,2,48000,96000,Cash,Unknown
SUN-6765692,2023-06-22,Creamy Maycha Latte,Drinks,DRK-05,1,35000,35000,Debit Card,Online Order
SUN-9894612,2023-04-30,Fudgy Brownies,Dessert,DST-02,4,25000,100000,Cash,Take Away
SUN-5492067,2023-09-23,Choco Lava Cake,Dessert,DST-04,2,35000,70000,Debit Card,Online Order
SUN-1346616,2023-01-31,Nasi Goreng Kampung,Food,FOD-03,4,38000,152000,Cash,Dine In
SUN-8391831,2023-12-04,Caramel Machiato,Drinks,DRK-04,2,38000,76000,Unknown,Dine In
SUN-4786928,2023-08-15,Cinnamon Roll,Dessert,DST-05,4,28000,112000,Digital Wallet,Online Order
SUN-4948098,2023-10-19,Iced Americano,Drinks,DRK-02,1,28000,28000,Debit Card,Take Away
SUN-9429401,2023-08-22,Club Sandwich,Food,FOD-05,3,45000,135000,Debit Card,Take Away
SUN-8994831,2023-06-08,Classic Tirmaisu,Dessert,DST-01,1,38000,38000,Unknown,Dine In
SUN-8352350,2023-07-20,Fudgy Brownies,Dessert,DST-02,4,25000,100000,Unknown,Dine In
SUN-1774738,2023-04-05,New York Cheesecake,Dessert,DST-03,2,42000,84000,Unknown,Unknown
SUN-2797247,2023-12-15,Buttermilk Fried Chicken,Food,FOD-01,2,48000,96000,Cash,Take Away
SUN-5182332,2023-10-02,Grill Chicken Caesar Salad,Food,FOD-04,1,42000,42000,Digital Wallet,Dine In
SUN-2840770,2023-09-06,Caramel Machiato,Drinks,DRK-04,4,38000,152000,Unknown,Take Away
SUN-7218469,2023-04-02,Cafe Latte,Drinks,DRK-03,1,32000,32000,Unknown,Take Away
SUN-3891513,2023-01-25,Iced Americano,Drinks,DRK-02,1,28000,28000,Cash,Take Away
SUN-2022195,2023-11-24,Iced Americano,Drinks,DRK-02,1,28000,28000,Digital Wallet,Online Order
SUN-6411052,2023-08-25,Espreso Single,Drinks,DRK-01,3,22000,66000,Debit Card,Online Order
SUN-2773767,2023-04-15,New York Cheesecake,Dessert,DST-03,2,42000,84000,Debit Card,Take Away
SUN-2537283,2023-01-25,Choco Lava Cake,Dessert,DST-04,1,35000,35000,Cash,Dine In
SUN-4366286,2023-04-21,Creamy Maycha Latte,Drinks,DRK-05,4,35000,140000,Digital Wallet,Unknown
SUN-9662380,2023-07-28,Creamy Maycha Latte,Drinks,DRK-05,2,35000,70000,Debit Card,Unknown
SUN-8658462,2023-01-15,Choco Lava Cake,Dessert,DST-04,2,35000,70000,Debit Card,Dine In
SUN-1398196,2023-07-03,Grill Chicken Caesar Salad,Food,FOD-04,1,42000,42000,Digital Wallet,Take Away
SUN-9317366,2023-08-22,Creamy Maycha Latte,Drinks,DRK-05,4,35000,140000,Debit Card,Unknown
SUN-3904430,2023-01-02,Buttermilk Fried Chicken,Food,FOD-01,1,48000,48000,Debit Card,Dine In
SUN-4892168,2023-06-29,Caramel Machiato,Drinks,DRK-04,2,38000,76000,Cash,Unknown
SUN-7485431,2023-03-13,New York Cheesecake,Dessert,DST-03,1,42000,42000,Cash,Dine In
SUN-8788791,2023-04-27,Classic Tirmaisu,Dessert,DST-01,4,38000,152000,Debit Card,Unknown
SUN-1995167,2023-06-02,Cinnamon Roll,Dessert,DST-05,2,28000,56000,Debit Card,Take Away
SUN-6231021,2023-01-01,Iced Americano,Drinks,DRK-02,4,28000,112000,Unknown,Take Away
SUN-8690463,2023-04-27,Club Sandwich,Food,FOD-05,4,45000,180000,Digital Wallet,Dine In
SUN-8506533,2023-02-24,Classic Tirmaisu,Dessert,DST-01,3,38000,114000,Digital Wallet,Online Order
SUN-8896224,2023-02-18,Fudgy Brownies,Dessert,DST-02,1,25000,25000,Cash,Take Away
SUN-9779967,2023-07-31,Caramel Machiato,Drinks,DRK-04,2,38000,76000,Debit Card,Online Order
SUN-5860505,2023-08-14,Espreso Single,Drinks,DRK-01,1,22000,22000,Cash,Dine In
SUN-4217423,2023-12-19,Nasi Goreng Kampung,Food,FOD-03,1,38000,38000,Unknown,Unknown
SUN-1584657,2023-12-11,Creamy Maycha Latte,Drinks,DRK-05,1,35000,35000,Unknown,Online Order
SUN-3721536,2023-03-07,Caramel Machiato,Drinks,DRK-04,4,38000,152000,Cash,Unknown
SUN-6984594,2023-01-15,Buttermilk Fried Chicken,Food,FOD-01,2,48000,96000,Debit Card,Online Order
SUN-4924245,2023-11-23,Buttermilk Fried Chicken,Food,FOD-01,1,48000,48000,Digital Wallet,Take Away
SUN-2582617,2023-10-09,Club Sandwich,Food,FOD-05,2,45000,90000,Unknown,Dine In
SUN-2831050,2023-11-05,Nasi Goreng Kampung,Food,FOD-03,3,38000,114000,Cash,Take Away
SUN-5490705,2023-05-09,Nasi Goreng Kampung,Food,FOD-03,3,38000,114000,Debit Card,Dine In
SUN-5544024,2023-03-29,Nasi Goreng Kampung,Food,FOD-03,,38000,,Cash,Dine In
SUN-7316025,2023-04-10,Club Sandwich,Food,FOD-05,3,45000,135000,Cash,Take Away
SUN-8621713,2023-01-31,Choco Lava Cake,Dessert,DST-04,2,35000,70000,Cash,Dine In
SUN-9465993,2023-10-17,Creamy Maycha Latte,Drinks,DRK-05,2,35000,70000,Digital Wallet,Dine In
SUN-1550425,2023-04-30,New York Cheesecake,Dessert,DST-03,3,42000,126000,Digital Wallet,Dine In
SUN-9951372,2023-12-07,Choco Lava Cake,Dessert,DST-04,2,35000,70000,Cash,Dine In
SUN-1724733,2023-03-20,New York Cheesecake,Dessert,DST-03,1,42000,42000,Debit Card,Take Away
SUN-2975786,2023-12-25,Nasi Goreng Kampung,Food,FOD-03,4,38000,152000,Debit Card,Unknown
SUN-8606942,2023-04-11,Nasi Goreng Kampung,Food,FOD-03,4,38000,152000,Debit Card,Dine In
SUN-3660045,2023-12-07,Beef Carbonara Pasta,Food,FOD-02,1,52000,52000,Cash,Dine In
SUN-7224109,2023-03-25,Buttermilk Fried Chicken,Food,FOD-01,3,48000,144000,Cash,Unknown
SUN-1193804,2023-02-15,Cafe Latte,Drinks,DRK-03,3,32000,96000,Cash,Take Away
SUN-7710282,2023-11-19,Beef Carbonara Pasta,Food,FOD-02,4,52000,208000,Debit Card,Online Order
SUN-9891491,2023-01-05,Cinnamon Roll,Dessert,DST-05,1,28000,28000,Digital Wallet,Dine In
SUN-2980317,2023-01-23,Cinnamon Roll,Dessert,DST-05,4,28000,112000,Digital Wallet,Dine In
SUN-2668327,2023-09-30,Creamy Maycha Latte,Drinks,DRK-05,3,35000,105000,Digital Wallet,Dine In
SUN-5146276,2023-01-05,Beef Carbonara Pasta,Food,FOD-02,4,52000,208000,Digital Wallet,Online Order
SUN-3792678,2023-10-06,Espreso Single,Drinks,DRK-01,2,22000,44000,Digital Wallet,Take Away
SUN-2897481,2023-09-07,Iced Americano,Drinks,DRK-02,1,28000,28000,Digital Wallet,Dine In
SUN-2922194,2023-02-24,Nasi Goreng Kampung,Food,FOD-03,4,38000,152000,Debit Card,Dine In
SUN-1806727,2023-08-28,Cinnamon Roll,Dessert,DST-05,3,28000,84000,Digital Wallet,Dine In
SUN-5200146,2023-07-29,Nasi Goreng Kampung,Food,FOD-03,4,38000,152000,Unknown,Unknown
SUN-2992808,2023-12-07,New York Cheesecake,Dessert,DST-03,2,42000,84000,Digital Wallet,Take Away
SUN-6302351,2023-08-24,Espreso Single,Drinks,DRK-01,2,22000,44000,Debit Card,Dine In
SUN-2071532,2023-03-31,Caramel Machiato,Drinks,DRK-04,4,38000,152000,Cash,Take Away
SUN-4785705,2023-05-20,Fudgy Brownies,Dessert,DST-02,2,25000,50000,Debit Card,Take Away
SUN-2861782,2023-11-04,Classic Tirmaisu,Dessert,DST-01,4,38000,152000,Digital Wallet,Dine In
SUN-2651695,2023-03-03,Iced Americano,Drinks,DRK-02,4,28000,112000,Cash,Unknown
SUN-1318240,,Unknown,Unknown,Unknown,4,42000,168000,Cash,Take Away
SUN-5904566,2023-05-05,Fudgy Brownies,Dessert,DST-02,4,25000,100000,Digital Wallet,Take Away
SUN-2368715,2023-04-08,Club Sandwich,Food,FOD-05,2,45000,90000,Digital Wallet,Online Order
SUN-9753825,2023-04-13,Beef Carbonara Pasta,Food,FOD-02,4,52000,208000,Debit Card,Dine In
SUN-2131601,2023-08-27,Cinnamon Roll,Dessert,DST-05,2,28000,56000,Digital Wallet,Dine In
SUN-5124840,2023-01-03,Caramel Machiato,Drinks,DRK-04,2,38000,76000,Digital Wallet,Online Order
SUN-5434868,2023-08-30,Buttermilk Fried Chicken,Food,FOD-01,3,48000,144000,Debit Card,Take Away
SUN-9676132,2023-04-11,Espreso Single,Drinks,DRK-01,4,22000,88000,Digital Wallet,Dine In
SUN-1751210,2023-12-25,Grill Chicken Caesar Salad,Food,FOD-04,1,42000,42000,Unknown,Online Order
SUN-2349932,2023-04-01,Buttermilk Fried Chicken,Food,FOD-01,4,48000,192000,Unknown,Take Away
SUN-8709856,2023-02-06,New York Cheesecake,Dessert,DST-03,3,42000,126000,Digital Wallet,Unknown
SUN-5513510,2023-09-04,Caramel Machiato,Drinks,DRK-04,3,38000,114000,Unknown,Take Away
SUN-5833336,2023-12-13,Nasi Goreng Kampung,Food,FOD-03,3,38000,114000,Debit Card,Take Away
SUN-3392264,2023-08-21,Club Sandwich,Food,FOD-05,1,45000,45000,Unknown,Unknown
SUN-1552593,2023-05-22,Caramel Machiato,Drinks,DRK-04,1,38000,38000,Unknown,Take Away
SUN-3244078,2023-09-04,Classic Tirmaisu,Dessert,DST-01,2,38000,76000,Debit Card,Online Order
SUN-4173109,2023-01-20,Creamy Maycha Latte,Drinks,DRK-05,4,35000,140000,Debit Card,Take Away
SUN-2437618,2023-04-17,Buttermilk Fried Chicken,Food,FOD-01,2,48000,96000,Digital Wallet,Unknown
SUN-2110691,2023-04-13,Grill Chicken Caesar Salad,Food,FOD-04,2,42000,84000,Debit Card,Take Away
SUN-6307645,2023-08-06,Cinnamon Roll,Dessert,DST-05,2,28000,56000,Digital Wallet,Unknown
SUN-3858270,2023-03-09,Nasi Goreng Kampung,Food,FOD-03,1,38000,38000,Digital Wallet,Online Order
SUN-8059657,2023-02-13,Club Sandwich,Food,FOD-05,,45000,,Debit Card,Online Order
SUN-9882652,2023-03-05,Iced Americano,Drinks,DRK-02,4,28000,112000,Digital Wallet,Online Order
SUN-3100386,2023-10-07,Classic Tirmaisu,Dessert,DST-01,3,38000,114000,Debit Card,Dine In
SUN-8312312,2023-08-21,Nasi Goreng Kampung,Food,FOD-03,1,38000,38000,Cash,Dine In
SUN-3047362,2023-12-10,Cinnamon Roll,Dessert,DST-05,2,28000,56000,Cash,Dine In
SUN-7252853,2023-08-13,Caramel Machiato,Drinks,DRK-04,,38000,,Debit Card,Take Away
SUN-1669139,2023-10-07,Cafe Latte,Drinks,DRK-03,2,32000,64000,Debit Card,Dine In
SUN-1062485,2023-09-19,Cinnamon Roll,Dessert,DST-05,1,28000,28000,Debit Card,Online Order
SUN-5280017,2023-09-24,Classic Tirmaisu,Dessert,DST-01,1,38000,38000,Debit Card,Online Order
SUN-9847379,2023-04-03,Cinnamon Roll,Dessert,DST-05,1,28000,28000,Cash,Take Away
SUN-3137093,2023-07-28,Fudgy Brownies,Dessert,DST-02,3,25000,75000,Unknown,Dine In
SUN-6050805,2023-07-07,Nasi Goreng Kampung,Food,FOD-03,3,38000,114000,Debit Card,Unknown
SUN-9826942,2023-10-06,Choco Lava Cake,Dessert,DST-04,3,35000,105000,Digital Wallet,Take Away
SUN-2026303,2023-03-03,Iced Americano,Drinks,DRK-02,2,28000,56000,Unknown,Take Away
SUN-6440082,2023-06-19,Fudgy Brownies,Dessert,DST-02,1,25000,25000,Cash,Dine In
SUN-4374733,2023-09-13,Caramel Machiato,Drinks,DRK-04,3,38000,114000,Unknown,Online Order
SUN-4670020,2023-04-05,Espreso Single,Drinks,DRK-01,4,22000,88000,Cash,Dine In
SUN-9810074,2023-01-28,Cinnamon Roll,Dessert,DST-05,1,28000,28000,Unknown,Take Away
SUN-3721455,2023-10-12,Cafe Latte,Drinks,DRK-03,3,32000,96000,Digital Wallet,Online Order
SUN-3916047,2023-06-16,Espreso Single,Drinks,DRK-01,4,22000,88000,Unknown,Online Order
SUN-2216468,2023-07-08,Caramel Machiato,Drinks,DRK-04,3,38000,114000,Debit Card,Online Order
SUN-2860580,2023-03-13,New York Cheesecake,Dessert,DST-03,2,42000,84000,Debit Card,Take Away
SUN-1705700,2023-12-04,Caramel Machiato,Drinks,DRK-04,2,38000,76000,Cash,Take Away
SUN-8789757,2023-07-18,Espreso Single,Drinks,DRK-01,3,22000,66000,Digital Wallet,Dine In
SUN-2217186,2023-08-03,Creamy Maycha Latte,Drinks,DRK-05,3,35000,105000,Debit Card,Unknown
SUN-4137081,2023-06-25,Club Sandwich,Food,FOD-05,1,45000,45000,Debit Card,Unknown
SUN-1686857,2023-07-14,Fudgy Brownies,Dessert,DST-02,1,25000,25000,Unknown,Dine In
SUN-2527539,2023-10-16,Buttermilk Fried Chicken,Food,FOD-01,4,48000,192000,Debit Card,Unknown
SUN-7432039,2023-01-15,Classic Tirmaisu,Dessert,DST-01,2,38000,76000,Debit Card,Unknown
SUN-2274698,2023-08-14,Cafe Latte,Drinks,DRK-03,3,32000,96000,Cash,Unknown
SUN-6850790,2023-03-22,Fudgy Brownies,Dessert,DST-02,2,25000,50000,Digital Wallet,Dine In
SUN-6662586,2023-12-21,Club Sandwich,Food,FOD-05,4,45000,180000,Cash,Unknown
SUN-8901170,2023-09-20,Classic Tirmaisu,Dessert,DST-01,4,38000,152000,Cash,Dine In
SUN-5644625,2023-03-24,New York Cheesecake,Dessert,DST-03,1,42000,42000,Debit Card,Online Order
SUN-5440824,2023-06-10,Caramel Machiato,Drinks,DRK-04,4,38000,152000,Debit Card,Dine In
SUN-4972440,2023-03-23,Club Sandwich,Food,FOD-05,4,45000,180000,Cash,Dine In
SUN-6037835,2023-12-04,Creamy Maycha Latte,Drinks,DRK-05,3,35000,105000,Digital Wallet,Dine In
SUN-5989535,2023-12-15,Espreso Single,Drinks,DRK-01,4,22000,88000,Digital Wallet,Unknown
SUN-3880482,2023-08-13,Fudgy Brownies,Dessert,DST-02,1,25000,25000,Debit Card,Take Away
SUN-4924877,2023-12-25,Club Sandwich,Food,FOD-05,4,45000,180000,Unknown,Dine In
SUN-9486672,2023-04-07,New York Cheesecake,Dessert,DST-03,1,42000,42000,Debit Card,Dine In
SUN-2195366,2023-08-22,Beef Carbonara Pasta,Food,FOD-02,4,52000,208000,Cash,Dine In
SUN-2935924,2023-03-31,Nasi Goreng Kampung,Food,FOD-03,2,38000,76000,Unknown,Dine In
SUN-4611558,2023-01-23,Iced Americano,Drinks,DRK-02,1,28000,28000,Debit Card,Dine In
SUN-8224057,2023-04-17,New York Cheesecake,Dessert,DST-03,1,42000,42000,Debit Card,Online Order
SUN-7153531,2023-06-07,Fudgy Brownies,Dessert,DST-02,1,25000,25000,Debit Card,Online Order
SUN-4406940,2023-03-21,Cinnamon Roll,Dessert,DST-05,1,28000,28000,Debit Card,Online Order
SUN-3696174,2023-04-10,Cinnamon Roll,Dessert,DST-05,4,28000,112000,Digital Wallet,Online Order
SUN-5786815,2023-07-14,New York Cheesecake,Dessert,DST-03,3,42000,126000,Cash,Unknown
SUN-1680072,2023-06-30,Club Sandwich,Food,FOD-05,4,45000,180000,Cash,Take Away
SUN-7255949,2023-01-31,Espreso Single,Drinks,DRK-01,3,22000,66000,Unknown,Dine In
SUN-7582061,2023-11-05,Espreso Single,Drinks,DRK-01,1,22000,22000,Debit Card,Online Order
SUN-7340068,2023-07-31,Iced Americano,Drinks,DRK-02,3,28000,84000,Debit Card,Online Order
SUN-7046344,2023-01-10,Club Sandwich,Food,FOD-05,2,45000,90000,Digital Wallet,Online Order
SUN-1440834,2023-06-06,New York Cheesecake,Dessert,DST-03,4,42000,168000,Digital Wallet,Online Order
SUN-6585292,2023-02-13,Fudgy Brownies,Dessert,DST-02,3,25000,75000,Debit Card,Dine In
SUN-8079827,2023-11-17,Cinnamon Roll,Dessert,DST-05,2,28000,56000,Debit Card,Dine In
SUN-3797009,2023-06-13,Iced Americano,Drinks,DRK-02,4,28000,112000,Digital Wallet,Take Away
SUN-2487279,2023-11-22,Classic Tirmaisu,Dessert,DST-01,1,38000,38000,Debit Card,Online Order
SUN-8184242,2023-10-02,Beef Carbonara Pasta,Food,FOD-02,4,52000,208000,Debit Card,Take Away
SUN-3770322,2023-04-19,Cafe Latte,Drinks,DRK-03,1,32000,32000,Digital Wallet,Online Order
SUN-1782776,2023-01-17,Classic Tirmaisu,Dessert,DST-01,2,38000,76000,Digital Wallet,Dine In
SUN-3692631,2023-03-11,Choco Lava Cake,Dessert,DST-04,2,35000,70000,Digital Wallet,Unknown
SUN-6339292,2023-12-11,Grill Chicken Caesar Salad,Food,FOD-04,1,42000,42000,Digital Wallet,Take Away
SUN-6918248,2023-06-04,Nasi Goreng Kampung,Food,FOD-03,1,38000,38000,Debit Card,Unknown
SUN-6674412,2023-06-26,Buttermilk Fried Chicken,Food,FOD-01,1,48000,48000,Cash,Dine In
SUN-4177855,2023-07-04,Cinnamon Roll,Dessert,DST-05,1,28000,28000,Debit Card,Take Away
SUN-9340231,2023-02-02,Cinnamon Roll,Dessert,DST-05,2,28000,56000,Debit Card,Take Away
SUN-4936628,2023-09-17,Espreso Single,Drinks,DRK-01,1,22000,22000,Debit Card,Online Order
SUN-9999301,2023-02-02,Creamy Maycha Latte,Drinks,DRK-05,2,35000,70000,Unknown,Online Order
SUN-7198114,2023-12-21,Buttermilk Fried Chicken,Food,FOD-01,1,48000,48000,Digital Wallet,Unknown
SUN-8066877,2023-02-04,Caramel Machiato,Drinks,DRK-04,2,38000,76000,Debit Card,Online Order
SUN-2501500,2023-11-23,Buttermilk Fried Chicken,Food,FOD-01,3,48000,144000,Unknown,Dine In
SUN-4118604,2023-05-27,Cafe Latte,Drinks,DRK-03,2,32000,64000,Unknown,Take Away
SUN-1880396,,Espreso Single,Drinks,DRK-01,2,22000,44000,Debit Card,Dine In
SUN-1428329,2023-05-21,Choco Lava Cake,Dessert,DST-04,2,35000,70000,Unknown,Take Away
SUN-7625977,2023-07-20,Grill Chicken Caesar Salad,Food,FOD-04,4,42000,168000,Debit Card,Online Order
SUN-7973765,2023-08-16,Creamy Maycha Latte,Drinks,DRK-05,4,35000,140000,Digital Wallet,Take Away
SUN-8772653,2023-08-01,Choco Lava Cake,Dessert,DST-04,3,35000,105000,Digital Wallet,Unknown
SUN-2760479,2023-06-21,Cinnamon Roll,Dessert,DST-05,1,28000,28000,Debit Card,Dine In
SUN-6861653,2023-11-17,Nasi Goreng Kampung,Food,FOD-03,2,38000,76000,Unknown,Dine In
SUN-1259063,2023-03-07,Iced Americano,Drinks,DRK-02,1,28000,28000,Cash,Dine In
SUN-7374508,2023-02-08,Fudgy Brownies,Dessert,DST-02,1,25000,25000,Digital Wallet,Dine In
SUN-4220531,2023-02-21,Buttermilk Fried Chicken,Food,FOD-01,1,48000,48000,Unknown,Dine In
SUN-8601914,2023-10-25,Choco Lava Cake,Dessert,DST-04,3,35000,105000,Cash,Take Away
SUN-7426690,2023-05-27,Caramel Machiato,Drinks,DRK-04,1,38000,38000,Digital Wallet,Unknown
SUN-3058684,2023-04-06,Creamy Maycha Latte,Drinks,DRK-05,4,35000,140000,Debit Card,Online Order
SUN-4798689,2023-09-30,Buttermilk Fried Chicken,Food,FOD-01,4,48000,192000,Debit Card,Take Away
SUN-7497080,2023-02-09,Grill Chicken Caesar Salad,Food,FOD-04,2,42000,84000,Digital Wallet,Unknown
SUN-2002025,2023-08-24,Caramel Machiato,Drinks,DRK-04,1,38000,38000,Digital Wallet,Online Order
SUN-7559437,2023-12-24,Cafe Latte,Drinks,DRK-03,4,32000,128000,Unknown,Take Away
SUN-5719162,2023-11-05,Buttermilk Fried Chicken,Food,FOD-01,2,48000,96000,Debit Card,Take Away
SUN-1770902,2023-05-07,Cinnamon Roll,Dessert,DST-05,2,28000,56000,Digital Wallet,Online Order
SUN-3348411,2023-08-15,New York Cheesecake,Dessert,DST-03,1,42000,42000,Digital Wallet,Dine In
SUN-4211775,2023-09-30,Choco Lava Cake,Dessert,DST-04,2,35000,70000,Digital Wallet,Take Away
SUN-5020520,2023-12-24,Cinnamon Roll,Dessert,DST-05,1,28000,28000,Digital Wallet,Dine In
SUN-2501897,2023-05-13,New York Cheesecake,Dessert,DST-03,3,42000,126000,Debit Card,Take Away
SUN-2417873,2023-07-26,Nasi Goreng Kampung,Food,FOD-03,4,38000,152000,Unknown,Dine In
SUN-5134257,2023-04-17,Cinnamon Roll,Dessert,DST-05,4,28000,112000,Unknown,Take Away
SUN-5813854,2023-05-05,Beef Carbonara Pasta,Food,FOD-02,4,52000,208000,Cash,Unknown
SUN-6617239,2023-07-18,Fudgy Brownies,Dessert,DST-02,1,25000,25000,Debit Card,Unknown
SUN-4684272,2023-08-11,Espreso Single,Drinks,DRK-01,3,22000,66000,Cash,Dine In
SUN-7316982,2023-03-27,Cinnamon Roll,Dessert,DST-05,4,28000,112000,Unknown,Dine In
SUN-7785825,2023-09-17,Cafe Latte,Drinks,DRK-03,1,32000,32000,Digital Wallet,Take Away
SUN-5708372,2023-03-31,New York Cheesecake,Dessert,DST-03,2,42000,84000,Debit Card,Take Away
SUN-4165572,2023-04-09,Fudgy Brownies,Dessert,DST-02,4,25000,100000,Digital Wallet,Online Order
SUN-9015249,2023-01-19,Creamy Maycha Latte,Drinks,DRK-05,2,35000,70000,Digital Wallet,Unknown
SUN-5078412,2023-11-19,Fudgy Brownies,Dessert,DST-02,3,25000,75000,Cash,Unknown
SUN-3950950,2023-09-18,Espreso Single,Drinks,DRK-01,3,22000,66000,Unknown,Take Away
SUN-9002776,2023-05-23,Espreso Single,Drinks,DRK-01,2,22000,44000,Debit Card,Online Order
SUN-7394435,2023-12-03,Cafe Latte,Drinks,DRK-03,4,32000,128000,Unknown,Take Away
SUN-3286636,2023-08-07,Espreso Single,Drinks,DRK-01,3,22000,66000,Cash,Unknown
SUN-2497938,2023-01-02,Nasi Goreng Kampung,Food,FOD-03,1,38000,38000,Unknown,Take Away
SUN-7677505,2023-02-10,Classic Tirmaisu,Dessert,DST-01,2,38000,76000,Debit Card,Dine In
SUN-6389464,2023-04-16,Nasi Goreng Kampung,Food,FOD-03,2,38000,76000,Cash,Take Away
SUN-7496054,2023-02-19,Club Sandwich,Food,FOD-05,4,45000,180000,Unknown,Unknown
SUN-7667320,2023-11-14,Nasi Goreng Kampung,Food,FOD-03,3,38000,114000,Cash,Take Away
SUN-6028912,2023-10-02,Iced Americano,Drinks,DRK-02,3,28000,84000,Unknown,Online Order
SUN-4378536,2023-08-08,Espreso Single,Drinks,DRK-01,2,22000,44000,Cash,Dine In
SUN-8964282,2023-06-20,Cafe Latte,Drinks,DRK-03,4,32000,128000,Unknown,Online Order
SUN-4060279,2023-02-16,Cinnamon Roll,Dessert,DST-05,4,28000,112000,Cash,Dine In
SUN-2807789,2023-10-22,Nasi Goreng Kampung,Food,FOD-03,1,38000,38000,Digital Wallet,Dine In
SUN-8046149,2023-03-29,Grill Chicken Caesar Salad,Food,FOD-04,3,42000,126000,Digital Wallet,Dine In
SUN-2272193,2023-05-14,Choco Lava Cake,Dessert,DST-04,1,35000,35000,Cash,Dine In
SUN-5318936,2023-03-17,Beef Carbonara Pasta,Food,FOD-02,1,52000,52000,Cash,Take Away
SUN-4849474,2023-05-23,Classic Tirmaisu,Dessert,DST-01,2,38000,76000,Digital Wallet,Online Order
SUN-1956803,2023-01-13,Grill Chicken Caesar Salad,Food,FOD-04,1,42000,42000,Cash,Dine In
SUN-2823825,2023-08-31,Grill Chicken Caesar Salad,Food,FOD-04,1,42000,42000,Debit Card,Online Order
SUN-8815301,2023-02-16,Cafe Latte,Drinks,DRK-03,2,32000,64000,Debit Card,Online Order
SUN-7872347,2023-11-02,Classic Tirmaisu,Dessert,DST-01,1,38000,38000,Debit Card,Online Order
SUN-6896663,2023-02-16,Cinnamon Roll,Dessert,DST-05,3,28000,84000,Unknown,Take Away
SUN-5423157,2023-03-17,Choco Lava Cake,Dessert,DST-04,4,35000,140000,Cash,Take Away
SUN-1722350,2023-07-03,Beef Carbonara Pasta,Food,FOD-02,2,52000,104000,Debit Card,Unknown
SUN-6435931,2023-02-07,Choco Lava Cake,Dessert,DST-04,2,35000,70000,Digital Wallet,Online Order
SUN-6420587,2023-10-08,Nasi Goreng Kampung,Food,FOD-03,4,38000,152000,Debit Card,Unknown
SUN-4359340,2023-04-16,Fudgy Brownies,Dessert,DST-02,4,25000,100000,Unknown,Take Away
SUN-4604080,2023-07-09,Choco Lava Cake,Dessert,DST-04,3,35000,105000,Debit Card,Online Order
SUN-3881351,2023-11-22,Buttermilk Fried Chicken,Food,FOD-01,2,48000,96000,Debit Card,Dine In
SUN-8929921,2023-08-28,Club Sandwich,Food,FOD-05,4,45000,180000,Cash,Dine In
SUN-1917674,2023-06-29,Fudgy Brownies,Dessert,DST-02,1,25000,25000,Unknown,Take Away
SUN-1848095,2023-11-19,Iced Americano,Drinks,DRK-02,4,28000,112000,Digital Wallet,Online Order
SUN-6267022,2023-06-29,Beef Carbonara Pasta,Food,FOD-02,3,52000,156000,Digital Wallet,Online Order
SUN-4738140,2023-10-13,Cafe Latte,Drinks,DRK-03,3,32000,96000,Digital Wallet,Online Order
SUN-8398510,2023-10-19,Caramel Machiato,Drinks,DRK-04,4,38000,152000,Unknown,Dine In
SUN-6759112,2023-02-06,Choco Lava Cake,Dessert,DST-04,2,35000,70000,Debit Card,Take Away
SUN-9142790,2023-08-06,Beef Carbonara Pasta,Food,FOD-02,1,52000,52000,Unknown,Online Order
SUN-9831131,2023-01-10,Fudgy Brownies,Dessert,DST-02,1,25000,25000,Debit Card,Unknown
SUN-2039368,2023-06-07,Cinnamon Roll,Dessert,DST-05,1,28000,28000,Digital Wallet,Online Order
SUN-6613149,2023-12-06,Cafe Latte,Drinks,DRK-03,3,32000,96000,Unknown,Online Order
SUN-3380532,2023-05-18,Beef Carbonara Pasta,Food,FOD-02,1,52000,52000,Debit Card,Unknown
SUN-8955160,2023-04-06,Espreso Single,Drinks,DRK-01,3,22000,66000,Unknown,Take Away
SUN-9507968,2023-08-22,Choco Lava Cake,Dessert,DST-04,4,35000,140000,Debit Card,Unknown
SUN-4937175,2023-11-12,Cafe Latte,Drinks,DRK-03,3,32000,96000,Cash,Dine In
SUN-7924558,2023-10-30,Creamy Maycha Latte,Drinks,DRK-05,1,35000,35000,Debit Card,Dine In
SUN-8082886,2023-03-05,Club Sandwich,Food,FOD-05,4,45000,180000,Digital Wallet,Take Away
SUN-1749829,2023-11-07,Creamy Maycha Latte,Drinks,DRK-05,4,35000,140000,Unknown,Dine In
SUN-3824082,2023-11-17,Classic Tirmaisu,Dessert,DST-01,2,38000,76000,Debit Card,Dine In
SUN-4311981,2023-03-26,Buttermilk Fried Chicken,Food,FOD-01,4,48000,192000,Digital Wallet,Online Order
SUN-3857125,2023-06-10,Buttermilk Fried Chicken,Food,FOD-01,3,48000,144000,Digital Wallet,Take Away
SUN-8202153,2023-06-21,Cafe Latte,Drinks,DRK-03,4,32000,128000,Debit Card,Take Away
SUN-3264590,2023-01-11,Iced Americano,Drinks,DRK-02,3,28000,84000,Unknown,Online Order
SUN-1653062,2023-05-20,Caramel Machiato,Drinks,DRK-04,4,38000,152000,Debit Card,Dine In
SUN-8831310,2023-12-27,Choco Lava Cake,Dessert,DST-04,2,35000,70000,Digital Wallet,Dine In
SUN-5297829,2023-05-15,Espreso Single,Drinks,DRK-01,1,22000,22000,Digital Wallet,Online Order
SUN-8043952,2023-02-12,Choco Lava Cake,Dessert,DST-04,2,35000,70000,Digital Wallet,Online Order
SUN-8911391,2023-04-15,Beef Carbonara Pasta,Food,FOD-02,2,52000,104000,Unknown,Online Order
SUN-8452779,2023-01-09,Fudgy Brownies,Dessert,DST-02,2,25000,50000,Debit Card,Dine In
SUN-6288840,2023-08-08,Creamy Maycha Latte,Drinks,DRK-05,4,35000,140000,Debit Card,Online Order
SUN-7782371,2023-10-20,Cafe Latte,Drinks,DRK-03,3,32000,96000,Digital Wallet,Dine In
SUN-1245262,2023-07-16,Cafe Latte,Drinks,DRK-03,1,32000,32000,Unknown,Unknown
SUN-8689457,2023-04-30,Beef Carbonara Pasta,Food,FOD-02,2,52000,104000,Digital Wallet,Take Away
SUN-2182422,2023-12-22,Nasi Goreng Kampung,Food,FOD-03,4,38000,152000,Cash,Take Away
SUN-2644152,2023-01-12,Beef Carbonara Pasta,Food,FOD-02,2,52000,104000,Debit Card,Online Order
SUN-3366878,2023-04-10,Club Sandwich,Food,FOD-05,4,45000,180000,Debit Card,Online Order
SUN-5694862,2023-01-05,Club Sandwich,Food,FOD-05,1,45000,45000,Debit Card,Online Order
SUN-5014981,2023-12-24,Beef Carbonara Pasta,Food,FOD-02,4,52000,208000,Debit Card,Take Away
SUN-3461736,2023-05-29,Choco Lava Cake,Dessert,DST-04,4,35000,140000,Debit Card,Dine In
SUN-5116997,2023-03-26,Club Sandwich,Food,FOD-05,1,45000,45000,Digital Wallet,Dine In
SUN-6443871,2023-02-08,Nasi Goreng Kampung,Food,FOD-03,3,38000,114000,Unknown,Unknown
SUN-6546050,2023-11-29,Iced Americano,Drinks,DRK-02,1,28000,28000,Cash,Take Away
SUN-3285898,2023-05-09,Cinnamon Roll,Dessert,DST-05,4,28000,112000,Debit Card,Take Away
SUN-5285702,2023-03-18,Nasi Goreng Kampung,Food,FOD-03,2,38000,76000,Digital Wallet,Online Order
SUN-2650423,2023-09-08,Grill Chicken Caesar Salad,Food,FOD-04,4,42000,168000,Digital Wallet,Online Order
SUN-3047015,2023-02-25,Club Sandwich,Food,FOD-05,4,45000,180000,Unknown,Take Away
SUN-5614469,2023-12-14,Grill Chicken Caesar Salad,Food,FOD-04,2,42000,84000,Debit Card,Online Order
SUN-4136815,2023-10-27,Choco Lava Cake,Dessert,DST-04,3,35000,105000,Digital Wallet,Online Order
SUN-9098213,2023-04-18,Nasi Goreng Kampung,Food,FOD-03,3,38000,114000,Debit Card,Online Order
SUN-4263760,2023-05-07,New York Cheesecake,Dessert,DST-03,4,42000,168000,Digital Wallet,Online Order
SUN-3591145,2023-07-30,Club Sandwich,Food,FOD-05,4,45000,180000,Digital Wallet,Dine In
SUN-8157102,2023-01-05,Choco Lava Cake,Dessert,DST-04,2,35000,70000,Debit Card,Take Away
SUN-6416297,2023-09-14,Espreso Single,Drinks,DRK-01,1,22000,22000,Debit Card,Dine In
SUN-7753849,2023-09-17,Fudgy Brownies,Dessert,DST-02,3,25000,75000,Cash,Dine In
SUN-8285997,2023-10-17,Cafe Latte,Drinks,DRK-03,2,32000,64000,Debit Card,Online Order
SUN-4793519,2023-01-20,Creamy Maycha Latte,Drinks,DRK-05,3,35000,105000,Digital Wallet,Unknown
SUN-1921765,2023-06-30,Classic Tirmaisu,Dessert,DST-01,3,38000,114000,Digital Wallet,Unknown
SUN-2980341,2023-03-08,Choco Lava Cake,Dessert,DST-04,2,35000,70000,Digital Wallet,Take Away
SUN-1647486,2023-10-16,Choco Lava Cake,Dessert,DST-04,1,35000,35000,Debit Card,Take Away
SUN-9767250,2023-12-30,Espreso Single,Drinks,DRK-01,1,22000,22000,Digital Wallet,Unknown
SUN-9639336,2023-06-18,Classic Tirmaisu,Dessert,DST-01,1,38000,38000,Cash,Take Away
SUN-8183332,2023-02-07,Grill Chicken Caesar Salad,Food,FOD-04,2,42000,84000,Unknown,Online Order
SUN-1310616,2023-09-29,Caramel Machiato,Drinks,DRK-04,1,38000,38000,Digital Wallet,Online Order
SUN-1051397,2023-06-27,New York Cheesecake,Dessert,DST-03,2,42000,84000,Debit Card,Dine In
SUN-8740164,2023-08-20,Fudgy Brownies,Dessert,DST-02,4,25000,100000,Unknown,Online Order
SUN-8749643,2023-03-08,Grill Chicken Caesar Salad,Food,FOD-04,2,42000,84000,Debit Card,Online Order
SUN-2661116,2023-06-19,Fudgy Brownies,Dessert,DST-02,4,25000,100000,Digital Wallet,Take Away
SUN-8994978,2023-05-15,Cinnamon Roll,Dessert,DST-05,1,28000,28000,Cash,Take Away
SUN-7435291,2023-11-14,Club Sandwich,Food,FOD-05,4,45000,180000,Digital Wallet,Dine In
SUN-1046513,2023-02-11,Cinnamon Roll,Dessert,DST-05,4,28000,112000,Cash,Unknown
SUN-8568031,2023-04-25,Nasi Goreng Kampung,Food,FOD-03,2,38000,76000,Cash,Take Away
SUN-8552657,2023-06-08,Caramel Machiato,Drinks,DRK-04,4,38000,152000,Unknown,Unknown
SUN-3501526,2023-05-12,Classic Tirmaisu,Dessert,DST-01,1,38000,38000,Digital Wallet,Online Order
SUN-6377034,2023-10-18,New York Cheesecake,Dessert,DST-03,1,42000,42000,Cash,Unknown
SUN-8457940,2023-06-26,Choco Lava Cake,Dessert,DST-04,3,35000,105000,Debit Card,Unknown
SUN-2835996,2023-05-18,Club Sandwich,Food,FOD-05,3,45000,135000,Digital Wallet,Online Order
SUN-3482219,2023-01-23,Cinnamon Roll,Dessert,DST-05,2,28000,56000,Unknown,Online Order
SUN-8273360,2023-01-06,Iced Americano,Drinks,DRK-02,1,28000,28000,Debit Card,Online Order
SUN-4336907,2023-08-04,Beef Carbonara Pasta,Food,FOD-02,2,52000,104000,Unknown,Unknown
SUN-4799128,2023-06-17,Choco Lava Cake,Dessert,DST-04,2,35000,70000,Debit Card,Unknown
SUN-9550687,2023-01-09,Cafe Latte,Drinks,DRK-03,1,32000,32000,Unknown,Unknown
SUN-9172479,2023-11-10,Choco Lava Cake,Dessert,DST-04,3,35000,105000,Unknown,Dine In
SUN-4916313,2023-11-13,Iced Americano,Drinks,DRK-02,1,28000,28000,Unknown,Unknown
SUN-2327934,2023-10-28,Club Sandwich,Food,FOD-05,2,45000,90000,Unknown,Online Order
SUN-1910446,2023-05-08,Fudgy Brownies,Dessert,DST-02,1,25000,25000,Debit Card,Unknown
SUN-5521062,2023-06-29,Fudgy Brownies,Dessert,DST-02,2,25000,50000,Unknown,Online Order
SUN-5985665,2023-11-21,Iced Americano,Drinks,DRK-02,4,28000,112000,Debit Card,Unknown
SUN-5289586,2023-03-03,Creamy Maycha Latte,Drinks,DRK-05,3,35000,105000,Digital Wallet,Dine In
SUN-4716408,2023-02-24,Classic Tirmaisu,Dessert,DST-01,,38000,,Digital Wallet,Unknown
SUN-9867770,2023-02-04,Classic Tirmaisu,Dessert,DST-01,2,38000,76000,Debit Card,Dine In
SUN-2440490,2023-09-19,Creamy Maycha Latte,Drinks,DRK-05,3,35000,105000,Debit Card,Online Order
SUN-9667452,2023-01-12,Caramel Machiato,Drinks,DRK-04,3,38000,114000,Digital Wallet,Dine In
SUN-2725928,2023-08-02,Espreso Single,Drinks,DRK-01,2,22000,44000,Digital Wallet,Unknown
SUN-4769656,2023-11-26,Buttermilk Fried Chicken,Food,FOD-01,1,48000,48000,Cash,Take Away
SUN-3559287,2023-07-26,Espreso Single,Drinks,DRK-01,4,22000,88000,Debit Card,Online Order
SUN-6068519,2023-01-09,Beef Carbonara Pasta,Food,FOD-02,2,52000,104000,Digital Wallet,Online Order
SUN-3471952,2023-11-27,Grill Chicken Caesar Salad,Food,FOD-04,2,42000,84000,Cash,Unknown
SUN-6555125,2023-10-12,Cinnamon Roll,Dessert,DST-05,1,28000,28000,Digital Wallet,Take Away
SUN-5861486,2023-02-01,Cafe Latte,Drinks,DRK-03,1,32000,32000,Debit Card,Online Order
SUN-5657782,2023-10-14,Fudgy Brownies,Dessert,DST-02,2,25000,50000,Debit Card,Dine In
SUN-7930639,2023-12-01,Caramel Machiato,Drinks,DRK-04,2,38000,76000,Unknown,Online Order
SUN-9650400,2023-10-22,Fudgy Brownies,Dessert,DST-02,3,25000,75000,Digital Wallet,Take Away
SUN-1145865,2023-04-13,Nasi Goreng Kampung,Food,FOD-03,3,38000,114000,Debit Card,Online Order
SUN-1618746,2023-10-24,Buttermilk Fried Chicken,Food,FOD-01,1,48000,48000,Digital Wallet,Dine In
SUN-3208668,2023-04-03,Beef Carbonara Pasta,Food,FOD-02,3,52000,156000,Debit Card,Take Away
SUN-2015270,2023-02-14,Club Sandwich,Food,FOD-05,2,45000,90000,Debit Card,Online Order
SUN-1429637,2023-09-07,New York Cheesecake,Dessert,DST-03,4,42000,168000,Unknown,Online Order
SUN-1542393,2023-03-28,Buttermilk Fried Chicken,Food,FOD-01,3,48000,144000,Debit Card,Online Order
SUN-4533521,2023-05-31,Classic Tirmaisu,Dessert,DST-01,3,38000,114000,Digital Wallet,Dine In
SUN-3169133,2023-03-28,Fudgy Brownies,Dessert,DST-02,2,25000,50000,Unknown,Take Away
SUN-8776886,2023-02-18,Nasi Goreng Kampung,Food,FOD-03,1,38000,38000,Debit Card,Dine In
SUN-4344087,2023-05-31,Club Sandwich,Food,FOD-05,4,45000,180000,Debit Card,Unknown
SUN-7413237,2023-07-23,Beef Carbonara Pasta,Food,FOD-02,2,52000,104000,Digital Wallet,Take Away
SUN-5321591,2023-07-24,Cinnamon Roll,Dessert,DST-05,2,28000,56000,Unknown,Dine In
SUN-8829423,2023-11-16,Classic Tirmaisu,Dessert,DST-01,4,38000,152000,Unknown,Take Away
SUN-3933327,2023-09-05,Buttermilk Fried Chicken,Food,FOD-01,4,48000,192000,Cash,Unknown
SUN-6756719,2023-01-04,Club Sandwich,Food,FOD-05,4,45000,180000,Debit Card,Dine In
SUN-4462528,2023-01-23,Classic Tirmaisu,Dessert,DST-01,4,38000,152000,Debit Card,Dine In
SUN-4976507,2023-05-27,Caramel Machiato,Drinks,DRK-04,4,38000,152000,Digital Wallet,Take Away
SUN-6251862,2023-05-18,Beef Carbonara Pasta,Food,FOD-02,3,52000,156000,Digital Wallet,Dine In
SUN-4330324,2023-03-07,Cafe Latte,Drinks,DRK-03,1,32000,32000,Debit Card,Dine In
SUN-8473288,2023-12-10,Espreso Single,Drinks,DRK-01,4,22000,88000,Digital Wallet,Dine In
SUN-3586645,2023-09-16,Club Sandwich,Food,FOD-05,3,45000,135000,Debit Card,Take Away
SUN-6283893,2023-02-15,Classic Tirmaisu,Dessert,DST-01,2,38000,76000,Digital Wallet,Online Order
SUN-5240884,2023-10-15,Espreso Single,Drinks,DRK-01,,22000,,Digital Wallet,Take Away
SUN-6571671,2023-06-03,Iced Americano,Drinks,DRK-02,,28000,,Debit Card,Take Away
SUN-3924952,2023-02-21,Beef Carbonara Pasta,Food,FOD-02,2,52000,104000,Debit Card,Online Order
SUN-1818493,,Nasi Goreng Kampung,Food,FOD-03,2,38000,76000,Debit Card,Take Away
SUN-7600414,2023-11-05,Fudgy Brownies,Dessert,DST-02,1,25000,25000,Cash,Take Away
SUN-4724655,2023-04-01,Club Sandwich,Food,FOD-05,1,45000,45000,Unknown,Dine In
SUN-3169187,2023-04-24,Iced Americano,Drinks,DRK-02,1,28000,28000,Unknown,Take Away
SUN-4071280,2023-05-22,Creamy Maycha Latte,Drinks,DRK-05,3,35000,105000,Digital Wallet,Dine In
SUN-7799396,2023-10-01,Creamy Maycha Latte,Drinks,DRK-05,3,35000,105000,Digital Wallet,Online Order
SUN-6129983,2023-09-30,Fudgy Brownies,Dessert,DST-02,2,25000,50000,Cash,Unknown
SUN-3385584,2023-02-17,Beef Carbonara Pasta,Food,FOD-02,4,52000,208000,Cash,Take Away
SUN-8464473,2023-01-26,New York Cheesecake,Dessert,DST-03,2,42000,84000,Unknown,Online Order
SUN-4071074,2023-06-22,Caramel Machiato,Drinks,DRK-04,4,38000,152000,Cash,Take Away
SUN-1131445,2023-08-25,Grill Chicken Caesar Salad,Food,FOD-04,4,42000,168000,Unknown,Take Away
SUN-7407406,2023-08-25,Cinnamon Roll,Dessert,DST-05,4,28000,112000,Digital Wallet,Dine In
SUN-9157633,2023-08-30,Buttermilk Fried Chicken,Food,FOD-01,4,48000,192000,Digital Wallet,Take Away
SUN-3036217,2023-06-30,Classic Tirmaisu,Dessert,DST-01,4,38000,152000,Digital Wallet,Take Away
SUN-7908061,2023-06-09,Nasi Goreng Kampung,Food,FOD-03,2,38000,76000,Debit Card,Online Order
SUN-8412800,2023-09-09,New York Cheesecake,Dessert,DST-03,1,42000,42000,Unknown,Unknown
SUN-2163503,2023-06-25,Caramel Machiato,Drinks,DRK-04,2,38000,76000,Debit Card,Dine In
SUN-3615315,2023-10-10,Classic Tirmaisu,Dessert,DST-01,4,38000,152000,Debit Card,Take Away
SUN-6740094,2023-07-20,Iced Americano,Drinks,DRK-02,4,28000,112000,Digital Wallet,Online Order
SUN-2366813,2023-12-05,New York Cheesecake,Dessert,DST-03,4,42000,168000,Digital Wallet,Dine In
SUN-5081044,2023-04-20,Club Sandwich,Food,FOD-05,1,45000,45000,Digital Wallet,Online Order
SUN-2701250,2023-08-25,Iced Americano,Drinks,DRK-02,2,28000,56000,Debit Card,Unknown
SUN-8023243,2023-08-29,Classic Tirmaisu,Dessert,DST-01,1,38000,38000,Debit Card,Online Order
SUN-7952097,2023-03-06,Cafe Latte,Drinks,DRK-03,2,32000,64000,Digital Wallet,Take Away
SUN-3073457,2023-12-15,Nasi Goreng Kampung,Food,FOD-03,3,38000,114000,Digital Wallet,Unknown
SUN-5769464,2023-10-08,Caramel Machiato,Drinks,DRK-04,1,38000,38000,Digital Wallet,Online Order
SUN-2463585,2023-09-28,Classic Tirmaisu,Dessert,DST-01,4,38000,152000,Unknown,Dine In
SUN-1771149,2023-06-04,Nasi Goreng Kampung,Food,FOD-03,2,38000,76000,Debit Card,Online Order
SUN-4636458,2023-12-26,New York Cheesecake,Dessert,DST-03,3,42000,126000,Digital Wallet,Online Order
SUN-1450112,2023-09-12,Cinnamon Roll,Dessert,DST-05,3,28000,84000,Cash,Take Away
SUN-5224200,2023-06-08,Nasi Goreng Kampung,Food,FOD-03,2,38000,76000,Digital Wallet,Take Away
SUN-8630303,2023-09-09,New York Cheesecake,Dessert,DST-03,1,42000,42000,Debit Card,Unknown
SUN-4041001,2023-10-12,Iced Americano,Drinks,DRK-02,2,28000,56000,Unknown,Take Away
SUN-1033895,2023-11-20,Iced Americano,Drinks,DRK-02,4,28000,112000,Debit Card,Dine In
SUN-5489427,2023-07-31,Classic Tirmaisu,Dessert,DST-01,2,38000,76000,Digital Wallet,Take Away
SUN-4695790,2023-08-04,Classic Tirmaisu,Dessert,DST-01,2,38000,76000,Unknown,Take Away
SUN-9858926,2023-05-06,Creamy Maycha Latte,Drinks,DRK-05,4,35000,140000,Cash,Take Away
SUN-4874543,2023-03-25,Creamy Maycha Latte,Drinks,DRK-05,1,35000,35000,Cash,Take Away
SUN-1126720,2023-01-24,Cinnamon Roll,Dessert,DST-05,4,28000,112000,Debit Card,Dine In
SUN-6955393,2023-05-29,Caramel Machiato,Drinks,DRK-04,1,38000,38000,Digital Wallet,Take Away
SUN-9159147,2023-05-13,Caramel Machiato,Drinks,DRK-04,4,38000,152000,Debit Card,Take Away
SUN-8786616,2023-08-15,Cafe Latte,Drinks,DRK-03,4,32000,128000,Digital Wallet,Online Order
SUN-5191506,2023-07-01,Classic Tirmaisu,Dessert,DST-01,1,38000,38000,Digital Wallet,Online Order
SUN-3485496,2023-07-28,Nasi Goreng Kampung,Food,FOD-03,4,38000,152000,Debit Card,Dine In
SUN-8986249,2023-10-05,Choco Lava Cake,Dessert,DST-04,3,35000,105000,Debit Card,Dine In
SUN-4478447,2023-03-12,Grill Chicken Caesar Salad,Food,FOD-04,4,42000,168000,Cash,Take Away
SUN-9166845,2023-11-05,Nasi Goreng Kampung,Food,FOD-03,1,38000,38000,Unknown,Take Away
SUN-5251603,2023-10-28,Caramel Machiato,Drinks,DRK-04,3,38000,114000,Debit Card,Online Order
SUN-2407730,2023-10-21,Choco Lava Cake,Dessert,DST-04,4,35000,140000,Cash,Dine In
SUN-5303360,2023-07-31,New York Cheesecake,Dessert,DST-03,3,42000,126000,Cash,Dine In
SUN-4251937,2023-06-27,Buttermilk Fried Chicken,Food,FOD-01,1,48000,48000,Cash,Take Away
SUN-1497252,2023-07-30,Iced Americano,Drinks,DRK-02,1,28000,28000,Cash,Dine In
SUN-7837641,2023-02-16,Cafe Latte,Drinks,DRK-03,1,32000,32000,Debit Card,Dine In
SUN-7296591,2023-03-16,Classic Tirmaisu,Dessert,DST-01,2,38000,76000,Cash,Unknown
SUN-9067508,2023-08-07,Choco Lava Cake,Dessert,DST-04,1,35000,35000,Cash,Dine In
SUN-4549326,2023-06-29,Creamy Maycha Latte,Drinks,DRK-05,3,35000,105000,Digital Wallet,Online Order
SUN-1282465,2023-09-17,Caramel Machiato,Drinks,DRK-04,3,38000,114000,Unknown,Unknown
SUN-1470240,2023-04-09,Beef Carbonara Pasta,Food,FOD-02,4,52000,208000,Digital Wallet,Take Away
SUN-7215666,2023-09-30,Choco Lava Cake,Dessert,DST-04,2,35000,70000,Unknown,Online Order
SUN-3633511,2023-05-03,Club Sandwich,Food,FOD-05,2,45000,90000,Unknown,Online Order
SUN-4894132,2023-10-28,Creamy Maycha Latte,Drinks,DRK-05,3,35000,105000,Debit Card,Dine In
SUN-1090002,2023-05-05,Cinnamon Roll,Dessert,DST-05,1,28000,28000,Debit Card,Dine In
SUN-1699677,2023-04-17,Grill Chicken Caesar Salad,Food,FOD-04,1,42000,42000,Cash,Dine In
SUN-5883152,2023-08-10,Nasi Goreng Kampung,Food,FOD-03,2,38000,76000,Cash,Dine In
SUN-8346215,2023-06-12,New York Cheesecake,Dessert,DST-03,4,42000,168000,Debit Card,Dine In
SUN-4486837,2023-05-17,Espreso Single,Drinks,DRK-01,1,22000,22000,Digital Wallet,Dine In
SUN-6893640,2023-04-28,Buttermilk Fried Chicken,Food,FOD-01,4,48000,192000,Digital Wallet,Dine In
SUN-8172598,2023-11-25,Buttermilk Fried Chicken,Food,FOD-01,3,48000,144000,Digital Wallet,Online Order
SUN-9292713,2023-01-17,Iced Americano,Drinks,DRK-02,3,28000,84000,Debit Card,Online Order
SUN-6915804,2023-10-02,Caramel Machiato,Drinks,DRK-04,1,38000,38000,Digital Wallet,Take Away
SUN-3487272,2023-05-05,Nasi Goreng Kampung,Food,FOD-03,1,38000,38000,Digital Wallet,Dine In
SUN-7803515,2023-12-24,Fudgy Brownies,Dessert,DST-02,3,25000,75000,Debit Card,Dine In
SUN-9459312,2023-09-15,New York Cheesecake,Dessert,DST-03,3,42000,126000,Digital Wallet,Unknown
SUN-1397855,2023-08-12,Classic Tirmaisu,Dessert,DST-01,2,38000,76000,Cash,Take Away
SUN-8280122,2023-05-08,Classic Tirmaisu,Dessert,DST-01,4,38000,152000,Digital Wallet,Take Away
SUN-7254084,2023-06-07,Grill Chicken Caesar Salad,Food,FOD-04,4,42000,168000,Debit Card,Take Away
SUN-9573912,2023-03-25,Iced Americano,Drinks,DRK-02,1,28000,28000,Digital Wallet,Take Away
SUN-7904131,2023-05-24,Caramel Machiato,Drinks,DRK-04,2,38000,76000,Cash,Take Away
SUN-1480129,2023-10-26,Cinnamon Roll,Dessert,DST-05,2,28000,56000,Debit Card,Take Away
SUN-9451323,2023-01-14,Beef Carbonara Pasta,Food,FOD-02,2,52000,104000,Digital Wallet,Unknown
SUN-6412404,2023-08-25,Fudgy Brownies,Dessert,DST-02,2,25000,50000,Cash,Dine In
SUN-2620859,2023-09-15,Nasi Goreng Kampung,Food,FOD-03,3,38000,114000,Digital Wallet,Dine In
SUN-6596656,2023-11-16,Cinnamon Roll,Dessert,DST-05,4,28000,112000,Cash,Dine In
SUN-8373795,2023-04-26,Cinnamon Roll,Dessert,DST-05,4,28000,112000,Debit Card,Online Order
SUN-8939675,2023-10-09,Buttermilk Fried Chicken,Food,FOD-01,4,48000,192000,Cash,Take Away
SUN-4255170,2023-01-09,Creamy Maycha Latte,Drinks,DRK-05,1,35000,35000,Unknown,Take Away
SUN-5440242,2023-07-12,Nasi Goreng Kampung,Food,FOD-03,4,38000,152000,Digital Wallet,Take Away
SUN-4729381,2023-11-30,Cinnamon Roll,Dessert,DST-05,4,28000,112000,Debit Card,Online Order
SUN-4720987,2023-09-14,Buttermilk Fried Chicken,Food,FOD-01,3,48000,144000,Digital Wallet,Dine In
SUN-9750369,2023-03-28,New York Cheesecake,Dessert,DST-03,2,42000,84000,Debit Card,Dine In
SUN-5781905,2023-05-10,Cafe Latte,Drinks,DRK-03,3,32000,96000,Debit Card,Take Away
SUN-8285222,2023-02-04,Club Sandwich,Food,FOD-05,3,45000,135000,Debit Card,Take Away
SUN-2279873,2023-07-05,Caramel Machiato,Drinks,DRK-04,1,38000,38000,Unknown,Take Away
SUN-1540701,2023-09-27,Club Sandwich,Food,FOD-05,2,45000,90000,Debit Card,Online Order
SUN-5764932,2023-02-18,Beef Carbonara Pasta,Food,FOD-02,4,52000,208000,Digital Wallet,Take Away
SUN-2947298,2023-10-09,Beef Carbonara Pasta,Food,FOD-02,2,52000,104000,Digital Wallet,Online Order
SUN-6829564,2023-04-18,Caramel Machiato,Drinks,DRK-04,2,38000,76000,Debit Card,Dine In
SUN-9798098,2023-10-09,Cinnamon Roll,Dessert,DST-05,3,28000,84000,Cash,Take Away
SUN-3094339,2023-10-15,New York Cheesecake,Dessert,DST-03,3,42000,126000,Digital Wallet,Dine In
SUN-8382820,2023-08-13,Nasi Goreng Kampung,Food,FOD-03,3,38000,114000,Cash,Take Away
SUN-5054562,2023-06-09,Fudgy Brownies,Dessert,DST-02,1,25000,25000,Digital Wallet,Unknown
SUN-8604342,2023-01-10,Buttermilk Fried Chicken,Food,FOD-01,4,48000,192000,Cash,Take Away
SUN-2742648,2023-03-22,Caramel Machiato,Drinks,DRK-04,3,38000,114000,Digital Wallet,Dine In
SUN-7214418,2023-07-15,Creamy Maycha Latte,Drinks,DRK-05,2,35000,70000,Digital Wallet,Online Order
SUN-3065633,2023-01-01,Beef Carbonara Pasta,Food,FOD-02,2,52000,104000,Cash,Dine In
SUN-8852452,2023-12-17,Fudgy Brownies,Dessert,DST-02,4,25000,100000,Digital Wallet,Online Order
SUN-9548907,2023-09-01,Espreso Single,Drinks,DRK-01,3,22000,66000,Digital Wallet,Take Away
SUN-7659698,2023-06-16,Choco Lava Cake,Dessert,DST-04,4,35000,140000,Debit Card,Unknown
SUN-9663362,2023-12-07,Caramel Machiato,Drinks,DRK-04,1,38000,38000,Digital Wallet,Take Away
SUN-8596480,2023-04-19,Nasi Goreng Kampung,Food,FOD-03,4,38000,152000,Cash,Take Away
SUN-5317471,2023-07-24,Espreso Single,Drinks,DRK-01,1,22000,22000,Debit Card,Dine In
SUN-6625908,2023-07-23,Caramel Machiato,Drinks,DRK-04,2,38000,76000,Digital Wallet,Dine In
SUN-3527264,2023-11-10,Club Sandwich,Food,FOD-05,2,45000,90000,Unknown,Dine In
SUN-1708543,2023-08-19,Creamy Maycha Latte,Drinks,DRK-05,2,35000,70000,Unknown,Online Order
SUN-7225061,2023-05-06,New York Cheesecake,Dessert,DST-03,3,42000,126000,Unknown,Dine In
SUN-7391743,2023-04-19,Caramel Machiato,Drinks,DRK-04,4,38000,152000,Debit Card,Online Order
SUN-7957831,2023-02-08,Choco Lava Cake,Dessert,DST-04,1,35000,35000,Debit Card,Online Order
SUN-2933123,2023-10-10,Cafe Latte,Drinks,DRK-03,1,32000,32000,Unknown,Dine In
SUN-6047198,2023-10-09,New York Cheesecake,Dessert,DST-03,1,42000,42000,Debit Card,Dine In
SUN-5194966,2023-11-04,Cafe Latte,Drinks,DRK-03,2,32000,64000,Debit Card,Online Order
SUN-4513321,2023-10-22,Beef Carbonara Pasta,Food,FOD-02,3,52000,156000,Debit Card,Online Order
SUN-8515925,2023-01-09,Grill Chicken Caesar Salad,Food,FOD-04,4,42000,168000,Unknown,Dine In
SUN-3244523,2023-12-25,Buttermilk Fried Chicken,Food,FOD-01,4,48000,192000,Digital Wallet,Take Away
SUN-1502044,2023-02-06,Grill Chicken Caesar Salad,Food,FOD-04,1,42000,42000,Digital Wallet,Dine In
SUN-4398888,2023-07-14,Caramel Machiato,Drinks,DRK-04,4,38000,152000,Unknown,Take Away
SUN-7767036,2023-07-02,Cinnamon Roll,Dessert,DST-05,3,28000,84000,Unknown,Dine In
SUN-3070749,2023-11-10,Iced Americano,Drinks,DRK-02,4,28000,112000,Unknown,Take Away
SUN-4291585,2023-01-22,Cafe Latte,Drinks,DRK-03,2,32000,64000,Cash,Take Away
SUN-3004700,2023-08-30,Nasi Goreng Kampung,Food,FOD-03,4,38000,152000,Unknown,Dine In
SUN-9028420,2023-03-13,Iced Americano,Drinks,DRK-02,2,28000,56000,Unknown,Dine In
SUN-5114189,2023-07-03,Caramel Machiato,Drinks,DRK-04,1,38000,38000,Digital Wallet,Dine In
SUN-2450062,2023-11-15,Creamy Maycha Latte,Drinks,DRK-05,3,35000,105000,Debit Card,Online Order
SUN-5804961,2023-01-14,Caramel Machiato,Drinks,DRK-04,3,38000,114000,Digital Wallet,Online Order
SUN-9542085,2023-12-31,New York Cheesecake,Dessert,DST-03,4,42000,168000,Digital Wallet,Take Away
SUN-9748454,2023-01-17,Cafe Latte,Drinks,DRK-03,1,32000,32000,Digital Wallet,Online Order
SUN-1581850,2023-11-04,Club Sandwich,Food,FOD-05,3,45000,135000,Cash,Dine In
SUN-7553845,2023-01-31,Buttermilk Fried Chicken,Food,FOD-01,4,48000,192000,Unknown,Dine In
SUN-5419266,2023-03-02,Espreso Single,Drinks,DRK-01,1,22000,22000,Debit Card,Online Order
SUN-6269194,2023-02-04,Beef Carbonara Pasta,Food,FOD-02,2,52000,104000,Debit Card,Online Order
SUN-7257516,2023-10-21,Club Sandwich,Food,FOD-05,4,45000,180000,Unknown,Take Away
SUN-6983754,2023-05-16,New York Cheesecake,Dessert,DST-03,4,42000,168000,Debit Card,Dine In
SUN-1418664,2023-08-01,Club Sandwich,Food,FOD-05,4,45000,180000,Unknown,Dine In
SUN-8249701,2023-01-18,Beef Carbonara Pasta,Food,FOD-02,4,52000,208000,Unknown,Online Order
SUN-6333200,2023-12-30,Caramel Machiato,Drinks,DRK-04,2,38000,76000,Unknown,Dine In
SUN-1809692,2023-08-25,Grill Chicken Caesar Salad,Food,FOD-04,2,42000,84000,Digital Wallet,Dine In
SUN-8137230,2023-04-14,New York Cheesecake,Dessert,DST-03,4,42000,168000,Digital Wallet,Online Order
SUN-7034054,2023-05-04,Choco Lava Cake,Dessert,DST-04,4,35000,140000,Debit Card,Take Away
SUN-5329096,2023-11-25,Iced Americano,Drinks,DRK-02,1,28000,28000,Debit Card,Online Order
SUN-5095599,2023-08-27,Cinnamon Roll,Dessert,DST-05,2,28000,56000,Digital Wallet,Take Away
SUN-4483329,2023-01-06,Cafe Latte,Drinks,DRK-03,2,32000,64000,Debit Card,Unknown
SUN-1138178,2023-09-01,Cinnamon Roll,Dessert,DST-05,4,28000,112000,Debit Card,Dine In
SUN-8230459,2023-03-23,Iced Americano,Drinks,DRK-02,2,28000,56000,Cash,Dine In
SUN-7810649,2023-08-10,Buttermilk Fried Chicken,Food,FOD-01,4,48000,192000,Debit Card,Dine In
SUN-7573512,2023-11-27,New York Cheesecake,Dessert,DST-03,2,42000,84000,Digital Wallet,Dine In
SUN-4506764,2023-06-07,Espreso Single,Drinks,DRK-01,4,22000,88000,Debit Card,Take Away
SUN-3754470,2023-07-06,New York Cheesecake,Dessert,DST-03,3,42000,126000,Digital Wallet,Dine In
SUN-9406272,2023-10-21,Nasi Goreng Kampung,Food,FOD-03,2,38000,76000,Digital Wallet,Online Order
SUN-1756138,2023-03-18,Iced Americano,Drinks,DRK-02,4,28000,112000,Debit Card,Dine In
SUN-5886347,2023-09-04,New York Cheesecake,Dessert,DST-03,1,42000,42000,Cash,Unknown
SUN-9152893,2023-09-13,Buttermilk Fried Chicken,Food,FOD-01,1,48000,48000,Digital Wallet,Take Away
SUN-7604869,2023-01-05,New York Cheesecake,Dessert,DST-03,1,42000,42000,Unknown,Online Order
SUN-8887676,,Choco Lava Cake,Dessert,DST-04,2,35000,70000,Cash,Dine In
SUN-4391699,2023-11-25,Grill Chicken Caesar Salad,Food,FOD-04,3,42000,126000,Debit Card,Online Order
SUN-9124101,2023-08-04,Beef Carbonara Pasta,Food,FOD-02,3,52000,156000,Digital Wallet,Unknown
SUN-9317445,2023-12-21,Creamy Maycha Latte,Drinks,DRK-05,3,35000,105000,Debit Card,Dine In
SUN-1923572,2023-06-01,Fudgy Brownies,Dessert,DST-02,1,25000,25000,Digital Wallet,Online Order
SUN-4942159,2023-12-05,New York Cheesecake,Dessert,DST-03,,42000,,Debit Card,Online Order
SUN-2971708,2023-01-30,Cafe Latte,Drinks,DRK-03,4,32000,128000,Debit Card,Take Away
SUN-6443849,2023-10-03,Caramel Machiato,Drinks,DRK-04,4,38000,152000,Cash,Unknown
SUN-5727529,2023-01-24,Cafe Latte,Drinks,DRK-03,1,32000,32000,Digital Wallet,Online Order
SUN-4279717,2023-08-18,Iced Americano,Drinks,DRK-02,1,28000,28000,Cash,Dine In
SUN-6859969,2023-11-30,Iced Americano,Drinks,DRK-02,1,28000,28000,Digital Wallet,Unknown
SUN-6586536,2023-05-21,Caramel Machiato,Drinks,DRK-04,2,38000,76000,Debit Card,Online Order
SUN-1983385,2023-11-14,Iced Americano,Drinks,DRK-02,1,28000,28000,Cash,Dine In
SUN-6043933,2023-01-09,Cinnamon Roll,Dessert,DST-05,2,28000,56000,Debit Card,Dine In
SUN-3689109,2023-06-17,Fudgy Brownies,Dessert,DST-02,1,25000,25000,Debit Card,Online Order
SUN-1175410,2023-09-13,Iced Americano,Drinks,DRK-02,1,28000,28000,Debit Card,Unknown
SUN-3243700,2023-03-29,Espreso Single,Drinks,DRK-01,4,22000,88000,Debit Card,Take Away
SUN-9105451,2023-11-14,Grill Chicken Caesar Salad,Food,FOD-04,1,42000,42000,Debit Card,Dine In
SUN-5511817,2023-02-18,Fudgy Brownies,Dessert,DST-02,2,25000,50000,Digital Wallet,Online Order
SUN-6981457,2023-06-12,Beef Carbonara Pasta,Food,FOD-02,3,52000,156000,Unknown,Dine In
SUN-1325429,2023-12-16,Caramel Machiato,Drinks,DRK-04,2,38000,76000,Digital Wallet,Dine In
SUN-5813382,2023-11-23,Cafe Latte,Drinks,DRK-03,4,32000,128000,Digital Wallet,Unknown
SUN-5765847,2023-07-17,Club Sandwich,Food,FOD-05,3,45000,135000,Debit Card,Dine In
SUN-8624639,2023-12-28,Nasi Goreng Kampung,Food,FOD-03,3,38000,114000,Debit Card,Online Order
SUN-2834665,2023-01-03,Classic Tirmaisu,Dessert,DST-01,4,38000,152000,Debit Card,Online Order
SUN-8731100,2023-05-08,Caramel Machiato,Drinks,DRK-04,1,38000,38000,Digital Wallet,Take Away
SUN-1621064,2023-08-17,Beef Carbonara Pasta,Food,FOD-02,4,52000,208000,Unknown,Dine In
SUN-5070350,2023-05-19,Caramel Machiato,Drinks,DRK-04,1,38000,38000,Cash,Take Away
SUN-7856861,2023-10-04,Choco Lava Cake,Dessert,DST-04,2,35000,70000,Debit Card,Dine In
SUN-7934658,2023-11-19,Iced Americano,Drinks,DRK-02,1,28000,28000,Debit Card,Dine In
SUN-2050428,2023-04-21,Caramel Machiato,Drinks,DRK-04,2,38000,76000,Debit Card,Unknown
SUN-5881378,2023-05-23,Beef Carbonara Pasta,Food,FOD-02,1,52000,52000,Debit Card,Unknown
SUN-3967778,2023-12-24,Cafe Latte,Drinks,DRK-03,1,32000,32000,Cash,Dine In
SUN-7405896,2023-03-07,Classic Tirmaisu,Dessert,DST-01,4,38000,152000,Cash,Dine In
SUN-5362193,2023-01-22,Espreso Single,Drinks,DRK-01,1,22000,22000,Digital Wallet,Unknown
SUN-3841933,2023-06-22,New York Cheesecake,Dessert,DST-03,2,42000,84000,Cash,Take Away
SUN-1340384,2023-02-10,Club Sandwich,Food,FOD-05,3,45000,135000,Cash,Take Away
SUN-1492087,2023-07-18,Choco Lava Cake,Dessert,DST-04,2,35000,70000,Unknown,Unknown
SUN-8124778,2023-08-09,Nasi Goreng Kampung,Food,FOD-03,2,38000,76000,Digital Wallet,Dine In
SUN-9579501,2023-02-11,Creamy Maycha Latte,Drinks,DRK-05,4,35000,140000,Digital Wallet,Unknown
SUN-3881873,2023-06-18,Cafe Latte,Drinks,DRK-03,4,32000,128000,Debit Card,Online Order
SUN-9757149,2023-04-07,Nasi Goreng Kampung,Food,FOD-03,3,38000,114000,Unknown,Dine In
SUN-3182846,2023-05-15,Caramel Machiato,Drinks,DRK-04,2,38000,76000,Digital Wallet,Online Order
SUN-2530413,2023-08-15,Grill Chicken Caesar Salad,Food,FOD-04,3,42000,126000,Cash,Dine In
SUN-9055856,2023-09-12,Beef Carbonara Pasta,Food,FOD-02,4,52000,208000,Digital Wallet,Dine In
SUN-6201512,2023-05-16,Creamy Maycha Latte,Drinks,DRK-05,1,35000,35000,Debit Card,Dine In
SUN-3934185,2023-12-06,Cafe Latte,Drinks,DRK-03,3,32000,96000,Cash,Dine In
SUN-5851243,2023-07-12,Grill Chicken Caesar Salad,Food,FOD-04,4,42000,168000,Digital Wallet,Take Away
SUN-6099061,2023-11-11,Nasi Goreng Kampung,Food,FOD-03,3,38000,114000,Unknown,Take Away
SUN-6760686,2023-09-01,Iced Americano,Drinks,DRK-02,3,28000,84000,Digital Wallet,Take Away
SUN-6656175,2023-09-23,New York Cheesecake,Dessert,DST-03,2,42000,84000,Digital Wallet,Unknown
SUN-9687356,2023-12-30,Creamy Maycha Latte,Drinks,DRK-05,4,35000,140000,Cash,Dine In
SUN-6977349,2023-04-16,Espreso Single,Drinks,DRK-01,4,22000,88000,Cash,Unknown
SUN-8995195,2023-07-08,Club Sandwich,Food,FOD-05,3,45000,135000,Digital Wallet,Unknown
SUN-8756970,2023-04-21,Beef Carbonara Pasta,Food,FOD-02,,52000,,Debit Card,Unknown
SUN-2511881,2023-09-17,Espreso Single,Drinks,DRK-01,3,22000,66000,Unknown,Take Away
SUN-1568581,2023-03-07,Espreso Single,Drinks,DRK-01,4,22000,88000,Debit Card,Take Away
SUN-1596071,2023-05-22,Creamy Maycha Latte,Drinks,DRK-05,1,35000,35000,Cash,Unknown
SUN-2792140,2023-11-16,Club Sandwich,Food,FOD-05,4,45000,180000,Debit Card,Online Order
SUN-9180238,2023-05-07,Cinnamon Roll,Dessert,DST-05,1,28000,28000,Unknown,Dine In
SUN-4181976,2023-09-05,Club Sandwich,Food,FOD-05,3,45000,135000,Unknown,Dine In
SUN-3865997,2023-07-05,Cinnamon Roll,Dessert,DST-05,4,28000,112000,Cash,Dine In
SUN-1539843,2023-07-30,Grill Chicken Caesar Salad,Food,FOD-04,3,42000,126000,Debit Card,Online Order
SUN-8892337,2023-06-25,Cafe Latte,Drinks,DRK-03,2,32000,64000,Digital Wallet,Take Away
SUN-5239928,2023-01-26,Classic Tirmaisu,Dessert,DST-01,1,38000,38000,Cash,Dine In
SUN-5857012,2023-12-10,Espreso Single,Drinks,DRK-01,1,22000,22000,Debit Card,Online Order
SUN-5362936,2023-11-06,Club Sandwich,Food,FOD-05,1,45000,45000,Digital Wallet,Take Away
SUN-1906853,2023-01-09,Choco Lava Cake,Dessert,DST-04,4,35000,140000,Cash,Dine In
SUN-3862859,2023-02-22,Cafe Latte,Drinks,DRK-03,4,32000,128000,Digital Wallet,Take Away
SUN-4544043,2023-08-10,Grill Chicken Caesar Salad,Food,FOD-04,2,42000,84000,Cash,Dine In
SUN-4944234,2023-07-05,Fudgy Brownies,Dessert,DST-02,4,25000,100000,Digital Wallet,Unknown
SUN-4064435,2023-05-11,Creamy Maycha Latte,Drinks,DRK-05,4,35000,140000,Cash,Dine In
SUN-2054255,2023-12-08,Cinnamon Roll,Dessert,DST-05,4,28000,112000,Debit Card,Take Away
SUN-7426823,2023-01-23,Beef Carbonara Pasta,Food,FOD-02,2,52000,104000,Digital Wallet,Online Order
SUN-9568509,2023-05-11,Nasi Goreng Kampung,Food,FOD-03,1,38000,38000,Digital Wallet,Online Order
SUN-1308394,2023-11-12,Buttermilk Fried Chicken,Food,FOD-01,1,48000,48000,Digital Wallet,Take Away
SUN-2139955,2023-06-17,Buttermilk Fried Chicken,Food,FOD-01,3,48000,144000,Digital Wallet,Dine In
SUN-8546351,2023-03-25,Beef Carbonara Pasta,Food,FOD-02,1,52000,52000,Cash,Take Away
SUN-9375093,2023-12-11,Espreso Single,Drinks,DRK-01,4,22000,88000,Debit Card,Unknown
SUN-5634871,2023-10-31,Classic Tirmaisu,Dessert,DST-01,3,38000,114000,Unknown,Dine In
SUN-2830860,2023-04-19,Nasi Goreng Kampung,Food,FOD-03,4,38000,152000,Debit Card,Online Order
SUN-6579166,2023-02-18,Buttermilk Fried Chicken,Food,FOD-01,4,48000,192000,Digital Wallet,Dine In
SUN-6814075,2023-06-15,Cafe Latte,Drinks,DRK-03,4,32000,128000,Digital Wallet,Online Order
SUN-6551278,2023-12-03,Classic Tirmaisu,Dessert,DST-01,2,38000,76000,Digital Wallet,Dine In
SUN-1341818,2023-05-20,Choco Lava Cake,Dessert,DST-04,3,35000,105000,Cash,Dine In
SUN-6963699,2023-09-27,Caramel Machiato,Drinks,DRK-04,3,38000,114000,Debit Card,Online Order
SUN-6294879,2023-05-29,Grill Chicken Caesar Salad,Food,FOD-04,3,42000,126000,Cash,Take Away
SUN-9559494,2023-09-16,Fudgy Brownies,Dessert,DST-02,3,25000,75000,Unknown,Dine In
SUN-4392560,2023-06-07,Espreso Single,Drinks,DRK-01,1,22000,22000,Unknown,Unknown
SUN-8804829,2023-10-23,New York Cheesecake,Dessert,DST-03,4,42000,168000,Cash,Take Away
SUN-8245105,2023-12-28,Grill Chicken Caesar Salad,Food,FOD-04,2,42000,84000,Cash,Take Away
SUN-5379028,2023-01-31,Iced Americano,Drinks,DRK-02,1,28000,28000,Digital Wallet,Dine In
SUN-6606107,2023-10-21,Nasi Goreng Kampung,Food,FOD-03,4,38000,152000,Digital Wallet,Take Away
SUN-5033833,2023-02-15,Classic Tirmaisu,Dessert,DST-01,4,38000,152000,Debit Card,Dine In
SUN-1512574,2023-01-15,Fudgy Brownies,Dessert,DST-02,2,25000,50000,Digital Wallet,Online Order
SUN-9605633,2023-10-13,Iced Americano,Drinks,DRK-02,3,28000,84000,Digital Wallet,Dine In
SUN-3843727,2023-08-11,Nasi Goreng Kampung,Food,FOD-03,2,38000,76000,Digital Wallet,Unknown
SUN-4917405,2023-10-09,Creamy Maycha Latte,Drinks,DRK-05,3,35000,105000,Debit Card,Take Away
SUN-4582996,2023-01-05,Choco Lava Cake,Dessert,DST-04,1,35000,35000,Cash,Dine In
SUN-4019563,2023-11-29,Choco Lava Cake,Dessert,DST-04,3,35000,105000,Digital Wallet,Online Order
SUN-9404082,2023-01-29,Nasi Goreng Kampung,Food,FOD-03,2,38000,76000,Unknown,Dine In
SUN-4694090,2023-03-05,Nasi Goreng Kampung,Food,FOD-03,3,38000,114000,Unknown,Unknown
SUN-6764997,2023-08-01,Club Sandwich,Food,FOD-05,2,45000,90000,Cash,Dine In
SUN-8595516,2023-04-18,Espreso Single,Drinks,DRK-01,4,22000,88000,Cash,Dine In
SUN-1219124,2023-08-15,Choco Lava Cake,Dessert,DST-04,3,35000,105000,Debit Card,Dine In
SUN-1962725,2023-03-30,Creamy Maycha Latte,Drinks,DRK-05,1,35000,35000,Debit Card,Unknown
SUN-7354768,2023-03-04,Espreso Single,Drinks,DRK-01,4,22000,88000,Digital Wallet,Dine In
SUN-6339417,2023-10-22,Choco Lava Cake,Dessert,DST-04,4,35000,140000,Digital Wallet,Dine In
SUN-6399742,2023-05-28,Club Sandwich,Food,FOD-05,4,45000,180000,Debit Card,Dine In
SUN-4676745,2023-10-30,Choco Lava Cake,Dessert,DST-04,4,35000,140000,Digital Wallet,Unknown
SUN-4104662,2023-05-12,Choco Lava Cake,Dessert,DST-04,3,35000,105000,Debit Card,Online Order
SUN-3286486,2023-06-17,Iced Americano,Drinks,DRK-02,3,28000,84000,Debit Card,Online Order
SUN-2122861,2023-09-14,Club Sandwich,Food,FOD-05,3,45000,135000,Debit Card,Online Order
SUN-1730937,2023-11-07,Cinnamon Roll,Dessert,DST-05,3,28000,84000,Debit Card,Online Order
SUN-6035348,2023-06-03,Cinnamon Roll,Dessert,DST-05,2,28000,56000,Debit Card,Dine In
SUN-8726418,2023-01-01,Iced Americano,Drinks,DRK-02,3,28000,84000,Cash,Dine In
SUN-4736370,2023-05-21,New York Cheesecake,Dessert,DST-03,2,42000,84000,Digital Wallet,Dine In
SUN-3397510,2023-11-08,Classic Tirmaisu,Dessert,DST-01,3,38000,114000,Debit Card,Unknown
SUN-7426686,2023-10-29,Buttermilk Fried Chicken,Food,FOD-01,4,48000,192000,Debit Card,Dine In
SUN-2716033,2023-03-08,Cinnamon Roll,Dessert,DST-05,2,28000,56000,Debit Card,Online Order
SUN-9794818,2023-09-02,Iced Americano,Drinks,DRK-02,3,28000,84000,Debit Card,Take Away
SUN-3501210,2023-12-25,Fudgy Brownies,Dessert,DST-02,2,25000,50000,Unknown,Unknown
SUN-4004064,2023-02-10,Classic Tirmaisu,Dessert,DST-01,2,38000,76000,Unknown,Online Order
SUN-2503437,2023-07-05,Creamy Maycha Latte,Drinks,DRK-05,3,35000,105000,Cash,Unknown
SUN-1312883,2023-07-17,Fudgy Brownies,Dessert,DST-02,1,25000,25000,Digital Wallet,Dine In
SUN-3680642,2023-03-13,Classic Tirmaisu,Dessert,DST-01,4,38000,152000,Debit Card,Take Away
SUN-4611013,2023-03-24,Grill Chicken Caesar Salad,Food,FOD-04,1,42000,42000,Cash,Dine In
SUN-9112765,2023-10-07,Fudgy Brownies,Dessert,DST-02,1,25000,25000,Digital Wallet,Unknown
SUN-5266136,2023-04-09,Club Sandwich,Food,FOD-05,4,45000,180000,Debit Card,Online Order
SUN-5005581,2023-04-03,Choco Lava Cake,Dessert,DST-04,2,35000,70000,Digital Wallet,Dine In
SUN-7529790,2023-08-12,Beef Carbonara Pasta,Food,FOD-02,1,52000,52000,Debit Card,Dine In
SUN-9218140,2023-12-21,Iced Americano,Drinks,DRK-02,2,28000,56000,Cash,Take Away
SUN-3976631,2023-11-12,Creamy Maycha Latte,Drinks,DRK-05,1,35000,35000,Debit Card,Online Order
SUN-8457231,2023-03-22,Espreso Single,Drinks,DRK-01,3,22000,66000,Digital Wallet,Online Order
SUN-9238443,2023-05-11,Iced Americano,Drinks,DRK-02,4,28000,112000,Cash,Take Away
SUN-4837143,2023-12-15,Beef Carbonara Pasta,Food,FOD-02,4,52000,208000,Cash,Dine In
SUN-7043632,2023-07-10,Classic Tirmaisu,Dessert,DST-01,4,38000,152000,Cash,Dine In
SUN-6426220,2023-04-04,Beef Carbonara Pasta,Food,FOD-02,4,52000,208000,Unknown,Dine In
SUN-4819548,2023-01-29,Buttermilk Fried Chicken,Food,FOD-01,2,48000,96000,Debit Card,Dine In
SUN-9729709,2023-03-23,Fudgy Brownies,Dessert,DST-02,1,25000,25000,Digital Wallet,Dine In
SUN-9979631,2023-10-10,Cafe Latte,Drinks,DRK-03,3,32000,96000,Cash,Take Away
SUN-6995342,2023-08-15,Creamy Maycha Latte,Drinks,DRK-05,4,35000,140000,Debit Card,Online Order
SUN-8567662,2023-03-05,Caramel Machiato,Drinks,DRK-04,1,38000,38000,Cash,Dine In
SUN-9219051,2023-10-25,Classic Tirmaisu,Dessert,DST-01,1,38000,38000,Unknown,Dine In
SUN-8268801,2023-05-26,Iced Americano,Drinks,DRK-02,3,28000,84000,Debit Card,Take Away
SUN-7681338,2023-06-26,Grill Chicken Caesar Salad,Food,FOD-04,2,42000,84000,Cash,Dine In
SUN-6524723,2023-04-11,Cinnamon Roll,Dessert,DST-05,2,28000,56000,Unknown,Online Order
SUN-5373068,2023-09-02,Club Sandwich,Food,FOD-05,2,45000,90000,Debit Card,Online Order
SUN-7198535,2023-07-09,Nasi Goreng Kampung,Food,FOD-03,3,38000,114000,Unknown,Take Away
SUN-8503109,2023-08-11,Caramel Machiato,Drinks,DRK-04,3,38000,114000,Digital Wallet,Online Order
SUN-4422636,2023-04-20,Fudgy Brownies,Dessert,DST-02,4,25000,100000,Debit Card,Unknown
SUN-5494953,2023-05-10,Beef Carbonara Pasta,Food,FOD-02,4,52000,208000,Debit Card,Online Order
SUN-3291490,2023-06-20,Nasi Goreng Kampung,Food,FOD-03,1,38000,38000,Debit Card,Unknown
SUN-1358137,2023-04-20,Espreso Single,Drinks,DRK-01,2,22000,44000,Digital Wallet,Online Order
SUN-4294164,2023-06-10,Creamy Maycha Latte,Drinks,DRK-05,4,35000,140000,Debit Card,Online Order
SUN-9731521,2023-11-26,Buttermilk Fried Chicken,Food,FOD-01,2,48000,96000,Debit Card,Online Order
SUN-5670122,2023-08-12,New York Cheesecake,Dessert,DST-03,4,42000,168000,Cash,Dine In
SUN-9512940,2023-10-19,Espreso Single,Drinks,DRK-01,1,22000,22000,Debit Card,Dine In
SUN-1633731,,Buttermilk Fried Chicken,Food,FOD-01,2,48000,96000,Digital Wallet,Take Away
SUN-6423507,2023-08-03,Club Sandwich,Food,FOD-05,3,45000,135000,Digital Wallet,Online Order
SUN-3766143,2023-07-14,Club Sandwich,Food,FOD-05,4,45000,180000,Digital Wallet,Take Away
SUN-7045577,2023-12-10,Iced Americano,Drinks,DRK-02,4,28000,112000,Cash,Take Away
SUN-3964068,2023-09-29,Cinnamon Roll,Dessert,DST-05,2,28000,56000,Cash,Take Away
SUN-6165664,2023-02-11,Caramel Machiato,Drinks,DRK-04,1,38000,38000,Cash,Take Away
SUN-1314891,2023-11-24,Nasi Goreng Kampung,Food,FOD-03,3,38000,114000,Unknown,Dine In
SUN-9799436,2023-03-26,Nasi Goreng Kampung,Food,FOD-03,4,38000,152000,Digital Wallet,Unknown
SUN-5922958,2023-06-17,Caramel Machiato,Drinks,DRK-04,1,38000,38000,Debit Card,Online Order
SUN-9589137,2023-01-13,Club Sandwich,Food,FOD-05,1,45000,45000,Cash,Dine In
SUN-4430748,2023-01-12,New York Cheesecake,Dessert,DST-03,4,42000,168000,Digital Wallet,Dine In
SUN-8876502,2023-04-24,New York Cheesecake,Dessert,DST-03,2,42000,84000,Debit Card,Take Away
SUN-7246413,2023-10-07,Club Sandwich,Food,FOD-05,4,45000,180000,Debit Card,Dine In
SUN-9871601,2023-08-01,Buttermilk Fried Chicken,Food,FOD-01,1,48000,48000,Digital Wallet,Online Order
SUN-6022672,2023-06-17,Caramel Machiato,Drinks,DRK-04,4,38000,152000,Cash,Take Away
SUN-4033396,2023-03-17,Nasi Goreng Kampung,Food,FOD-03,1,38000,38000,Cash,Dine In
SUN-3745856,2023-10-13,Choco Lava Cake,Dessert,DST-04,4,35000,140000,Cash,Dine In
SUN-4448612,2023-11-27,Cafe Latte,Drinks,DRK-03,3,32000,96000,Digital Wallet,Take Away
SUN-8989242,2023-11-08,Buttermilk Fried Chicken,Food,FOD-01,1,48000,48000,Digital Wallet,Online Order
SUN-5291385,2023-06-15,Creamy Maycha Latte,Drinks,DRK-05,1,35000,35000,Digital Wallet,Take Away
SUN-6253616,2023-01-29,Espreso Single,Drinks,DRK-01,2,22000,44000,Debit Card,Take Away
SUN-5666906,2023-11-24,Cafe Latte,Drinks,DRK-03,4,32000,128000,Debit Card,Online Order
SUN-9350234,2023-05-26,Buttermilk Fried Chicken,Food,FOD-01,1,48000,48000,Digital Wallet,Take Away
SUN-1840751,2023-08-16,Grill Chicken Caesar Salad,Food,FOD-04,2,42000,84000,Debit Card,Dine In
SUN-6269346,2023-09-28,Caramel Machiato,Drinks,DRK-04,,38000,,Unknown,Dine In
SUN-4292433,2023-12-25,Nasi Goreng Kampung,Food,FOD-03,2,38000,76000,Debit Card,Dine In
SUN-6487585,2023-06-14,Club Sandwich,Food,FOD-05,3,45000,135000,Digital Wallet,Online Order
SUN-3680164,2023-04-08,Creamy Maycha Latte,Drinks,DRK-05,4,35000,140000,Unknown,Dine In
SUN-4561242,2023-06-14,Espreso Single,Drinks,DRK-01,4,22000,88000,Unknown,Unknown
SUN-9190058,2023-08-26,Classic Tirmaisu,Dessert,DST-01,1,38000,38000,Debit Card,Online Order
SUN-8646745,2023-06-24,Choco Lava Cake,Dessert,DST-04,2,35000,70000,Cash,Take Away
SUN-6940472,2023-06-02,Nasi Goreng Kampung,Food,FOD-03,1,38000,38000,Cash,Dine In
SUN-3021799,2023-12-27,New York Cheesecake,Dessert,DST-03,3,42000,126000,Debit Card,Take Away
SUN-2289967,2023-08-13,Classic Tirmaisu,Dessert,DST-01,2,38000,76000,Unknown,Dine In
SUN-6197621,2023-03-29,Fudgy Brownies,Dessert,DST-02,4,25000,100000,Unknown,Dine In
SUN-7342478,2023-12-20,Choco Lava Cake,Dessert,DST-04,4,35000,140000,Digital Wallet,Take Away
SUN-4394908,2023-03-01,Buttermilk Fried Chicken,Food,FOD-01,3,48000,144000,Digital Wallet,Online Order
SUN-1367996,2023-05-08,Beef Carbonara Pasta,Food,FOD-02,4,52000,208000,Unknown,Unknown
SUN-5609843,2023-10-08,Fudgy Brownies,Dessert,DST-02,4,25000,100000,Cash,Dine In
SUN-6816635,2023-03-18,Beef Carbonara Pasta,Food,FOD-02,1,52000,52000,Debit Card,Online Order
SUN-9573143,2023-11-03,Cafe Latte,Drinks,DRK-03,4,32000,128000,Digital Wallet,Take Away
SUN-2584761,2023-03-11,Grill Chicken Caesar Salad,Food,FOD-04,4,42000,168000,Digital Wallet,Take Away
SUN-6158935,2023-01-17,Fudgy Brownies,Dessert,DST-02,1,25000,25000,Debit Card,Unknown
SUN-6336888,2023-01-16,Caramel Machiato,Drinks,DRK-04,4,38000,152000,Debit Card,Dine In
SUN-7683087,2023-08-12,Iced Americano,Drinks,DRK-02,3,28000,84000,Cash,Take Away
SUN-2794432,2023-10-18,Fudgy Brownies,Dessert,DST-02,2,25000,50000,Digital Wallet,Online Order
SUN-4539889,2023-11-09,Grill Chicken Caesar Salad,Food,FOD-04,3,42000,126000,Unknown,Dine In
SUN-6467736,2023-08-26,Grill Chicken Caesar Salad,Food,FOD-04,3,42000,126000,Unknown,Online Order
SUN-6285043,2023-09-20,Grill Chicken Caesar Salad,Food,FOD-04,3,42000,126000,Digital Wallet,Online Order
SUN-9430136,2023-06-22,Caramel Machiato,Drinks,DRK-04,4,38000,152000,Cash,Dine In
SUN-9219336,2023-02-23,Caramel Machiato,Drinks,DRK-04,3,38000,114000,Cash,Take Away
SUN-1217939,2023-12-31,Grill Chicken Caesar Salad,Food,FOD-04,4,42000,168000,Unknown,Dine In
SUN-3425383,2023-03-03,Beef Carbonara Pasta,Food,FOD-02,1,52000,52000,Cash,Dine In
SUN-7579146,2023-11-05,Fudgy Brownies,Dessert,DST-02,4,25000,100000,Unknown,Take Away
SUN-5841729,2023-06-12,Club Sandwich,Food,FOD-05,3,45000,135000,Unknown,Dine In
SUN-8629387,2023-06-10,New York Cheesecake,Dessert,DST-03,4,42000,168000,Digital Wallet,Online Order
SUN-3539188,2023-05-17,Espreso Single,Drinks,DRK-01,1,22000,22000,Debit Card,Online Order
SUN-7516783,,Choco Lava Cake,Dessert,DST-04,4,35000,140000,Debit Card,Dine In
SUN-7212122,2023-03-03,Buttermilk Fried Chicken,Food,FOD-01,2,48000,96000,Cash,Dine In
SUN-1195846,2023-08-06,Nasi Goreng Kampung,Food,FOD-03,2,38000,76000,Digital Wallet,Take Away
SUN-6589073,2023-07-09,Buttermilk Fried Chicken,Food,FOD-01,3,48000,144000,Digital Wallet,Dine In
SUN-5268348,2023-07-25,Buttermilk Fried Chicken,Food,FOD-01,3,48000,144000,Debit Card,Online Order
SUN-3774147,2023-03-11,Beef Carbonara Pasta,Food,FOD-02,4,52000,208000,Debit Card,Online Order
SUN-2592897,2023-01-30,Iced Americano,Drinks,DRK-02,2,28000,56000,Digital Wallet,Take Away
SUN-2113632,2023-01-29,Creamy Maycha Latte,Drinks,DRK-05,1,35000,35000,Digital Wallet,Dine In
SUN-4990466,2023-04-19,Caramel Machiato,Drinks,DRK-04,2,38000,76000,Debit Card,Dine In
SUN-9114001,2023-06-28,Fudgy Brownies,Dessert,DST-02,4,25000,100000,Debit Card,Online Order
SUN-6466221,2023-03-06,Choco Lava Cake,Dessert,DST-04,2,35000,70000,Unknown,Dine In
SUN-4914679,2023-12-09,Club Sandwich,Food,FOD-05,4,45000,180000,Unknown,Take Away
SUN-6743055,2023-08-20,Fudgy Brownies,Dessert,DST-02,2,25000,50000,Debit Card,Dine In
SUN-8400859,2023-02-25,Club Sandwich,Food,FOD-05,1,45000,45000,Digital Wallet,Online Order
SUN-3320013,2023-04-02,Choco Lava Cake,Dessert,DST-04,1,35000,35000,Digital Wallet,Unknown
SUN-8249525,2023-03-14,Beef Carbonara Pasta,Food,FOD-02,,52000,,Debit Card,Take Away
SUN-2496219,2023-02-04,Buttermilk Fried Chicken,Food,FOD-01,4,48000,192000,Digital Wallet,Dine In
SUN-2429904,2023-07-06,Caramel Machiato,Drinks,DRK-04,3,38000,114000,Digital Wallet,Take Away
SUN-8402998,2023-06-12,Creamy Maycha Latte,Drinks,DRK-05,1,35000,35000,Digital Wallet,Online Order
SUN-7052338,2023-12-13,Cafe Latte,Drinks,DRK-03,4,32000,128000,Digital Wallet,Take Away
SUN-3435079,2023-09-18,Fudgy Brownies,Dessert,DST-02,2,25000,50000,Debit Card,Online Order
SUN-5535781,2023-06-14,Grill Chicken Caesar Salad,Food,FOD-04,2,42000,84000,Unknown,Dine In
SUN-9919942,2023-12-18,Club Sandwich,Food,FOD-05,3,45000,135000,Cash,Take Away
SUN-3355209,2023-03-18,Cinnamon Roll,Dessert,DST-05,1,28000,28000,Unknown,Dine In
SUN-3251600,2023-01-20,Cinnamon Roll,Dessert,DST-05,1,28000,28000,Debit Card,Online Order
SUN-1556998,2023-07-29,Club Sandwich,Food,FOD-05,4,45000,180000,Debit Card,Take Away
SUN-6735847,2023-03-18,Classic Tirmaisu,Dessert,DST-01,2,38000,76000,Digital Wallet,Online Order
SUN-5832259,2023-04-28,Cinnamon Roll,Dessert,DST-05,2,28000,56000,Debit Card,Unknown
SUN-5789063,2023-08-09,Caramel Machiato,Drinks,DRK-04,3,38000,114000,Debit Card,Dine In
SUN-2769827,2023-02-11,Fudgy Brownies,Dessert,DST-02,1,25000,25000,Debit Card,Online Order
SUN-4012806,2023-05-30,Caramel Machiato,Drinks,DRK-04,4,38000,152000,Digital Wallet,Take Away
SUN-8573789,2023-08-18,Espreso Single,Drinks,DRK-01,1,22000,22000,Digital Wallet,Take Away
SUN-4749880,2023-07-25,Iced Americano,Drinks,DRK-02,4,28000,112000,Cash,Take Away
SUN-5978167,2023-06-08,Nasi Goreng Kampung,Food,FOD-03,3,38000,114000,Digital Wallet,Unknown
SUN-6292273,2023-06-11,Fudgy Brownies,Dessert,DST-02,2,25000,50000,Debit Card,Dine In
SUN-3872676,2023-12-15,Creamy Maycha Latte,Drinks,DRK-05,3,35000,105000,Digital Wallet,Unknown
SUN-6298710,,Espreso Single,Drinks,DRK-01,3,22000,66000,Digital Wallet,Dine In
SUN-7833219,2023-05-21,Choco Lava Cake,Dessert,DST-04,1,35000,35000,Cash,Unknown
SUN-4298176,2023-03-28,Creamy Maycha Latte,Drinks,DRK-05,4,35000,140000,Debit Card,Online Order
SUN-3994230,2023-02-25,Caramel Machiato,Drinks,DRK-04,,38000,,Digital Wallet,Unknown
SUN-6075810,2023-06-03,Classic Tirmaisu,Dessert,DST-01,3,38000,114000,Digital Wallet,Dine In
SUN-8505003,2023-04-29,Classic Tirmaisu,Dessert,DST-01,1,38000,38000,Digital Wallet,Online Order
SUN-3785644,2023-01-02,Nasi Goreng Kampung,Food,FOD-03,4,38000,152000,Digital Wallet,Online Order
SUN-4979185,2023-06-24,Buttermilk Fried Chicken,Food,FOD-01,1,48000,48000,Digital Wallet,Take Away
SUN-7311366,2023-04-07,Buttermilk Fried Chicken,Food,FOD-01,2,48000,96000,Debit Card,Dine In
SUN-7834830,2023-04-16,Buttermilk Fried Chicken,Food,FOD-01,2,48000,96000,Cash,Unknown
SUN-5311287,2023-05-30,Classic Tirmaisu,Dessert,DST-01,2,38000,76000,Unknown,Take Away
SUN-2577305,2023-06-04,Iced Americano,Drinks,DRK-02,3,28000,84000,Digital Wallet,Online Order
SUN-9633126,2023-11-06,Iced Americano,Drinks,DRK-02,1,28000,28000,Cash,Take Away
SUN-4745992,2023-09-15,Classic Tirmaisu,Dessert,DST-01,1,38000,38000,Debit Card,Online Order
SUN-7989451,2023-12-15,Espreso Single,Drinks,DRK-01,4,22000,88000,Unknown,Take Away
SUN-6526585,2023-10-07,Espreso Single,Drinks,DRK-01,,22000,,Unknown,Online Order
SUN-3898444,2023-09-17,Choco Lava Cake,Dessert,DST-04,2,35000,70000,Debit Card,Unknown
SUN-4445776,2023-08-04,New York Cheesecake,Dessert,DST-03,4,42000,168000,Debit Card,Online Order
SUN-1259317,2023-09-21,Grill Chicken Caesar Salad,Food,FOD-04,2,42000,84000,Digital Wallet,Take Away
SUN-9559688,2023-06-25,Iced Americano,Drinks,DRK-02,2,28000,56000,Digital Wallet,Take Away
SUN-7604890,2023-12-10,Buttermilk Fried Chicken,Food,FOD-01,2,48000,96000,Digital Wallet,Online Order
SUN-6624871,2023-02-11,Buttermilk Fried Chicken,Food,FOD-01,1,48000,48000,Cash,Take Away
SUN-7630047,2023-08-01,Beef Carbonara Pasta,Food,FOD-02,3,52000,156000,Digital Wallet,Take Away
SUN-5215416,2023-09-01,New York Cheesecake,Dessert,DST-03,4,42000,168000,Cash,Take Away
SUN-2990241,2023-12-18,Nasi Goreng Kampung,Food,FOD-03,4,38000,152000,Digital Wallet,Online Order
SUN-5088202,2023-03-26,Caramel Machiato,Drinks,DRK-04,1,38000,38000,Digital Wallet,Dine In
SUN-8235390,2023-12-14,Caramel Machiato,Drinks,DRK-04,1,38000,38000,Debit Card,Online Order
SUN-2656188,2023-09-27,New York Cheesecake,Dessert,DST-03,3,42000,126000,Cash,Dine In
SUN-1291271,2023-03-17,Beef Carbonara Pasta,Food,FOD-02,4,52000,208000,Cash,Dine In
SUN-9541364,2023-12-15,Creamy Maycha Latte,Drinks,DRK-05,4,35000,140000,Debit Card,Dine In
SUN-1603937,2023-04-15,Cinnamon Roll,Dessert,DST-05,3,28000,84000,Unknown,Online Order
SUN-4964186,2023-11-08,Caramel Machiato,Drinks,DRK-04,1,38000,38000,Debit Card,Online Order
SUN-4470305,2023-01-19,Grill Chicken Caesar Salad,Food,FOD-04,3,42000,126000,Debit Card,Dine In
SUN-4669020,2023-04-11,Club Sandwich,Food,FOD-05,1,45000,45000,Digital Wallet,Take Away
SUN-2345040,2023-10-11,Beef Carbonara Pasta,Food,FOD-02,1,52000,52000,Unknown,Take Away
SUN-3375493,2023-06-19,Cafe Latte,Drinks,DRK-03,1,32000,32000,Cash,Dine In
SUN-3284167,2023-02-14,Nasi Goreng Kampung,Food,FOD-03,3,38000,114000,Digital Wallet,Unknown
SUN-3413697,2023-06-12,Buttermilk Fried Chicken,Food,FOD-01,1,48000,48000,Debit Card,Online Order
SUN-3231613,2023-01-30,Grill Chicken Caesar Salad,Food,FOD-04,4,42000,168000,Debit Card,Unknown
SUN-8374223,2023-10-08,Club Sandwich,Food,FOD-05,1,45000,45000,Digital Wallet,Online Order
SUN-9837860,2023-11-29,Caramel Machiato,Drinks,DRK-04,1,38000,38000,Digital Wallet,Dine In
SUN-8174934,2023-06-02,Fudgy Brownies,Dessert,DST-02,4,25000,100000,Digital Wallet,Take Away
SUN-1651988,2023-10-22,Caramel Machiato,Drinks,DRK-04,1,38000,38000,Debit Card,Take Away
SUN-5987778,2023-05-09,Classic Tirmaisu,Dessert,DST-01,3,38000,114000,Cash,Unknown
SUN-8614281,2023-09-15,Iced Americano,Drinks,DRK-02,4,28000,112000,Debit Card,Take Away
SUN-8619394,2023-08-03,Iced Americano,Drinks,DRK-02,1,28000,28000,Unknown,Dine In
SUN-3974919,2023-01-25,Espreso Single,Drinks,DRK-01,2,22000,44000,Unknown,Online Order
SUN-4582563,2023-07-28,Choco Lava Cake,Dessert,DST-04,1,35000,35000,Digital Wallet,Dine In
SUN-2033925,2023-03-23,Iced Americano,Drinks,DRK-02,1,28000,28000,Cash,Take Away
SUN-4156801,2023-11-04,Fudgy Brownies,Dessert,DST-02,4,25000,100000,Cash,Take Away
SUN-4432758,2023-03-11,Iced Americano,Drinks,DRK-02,2,28000,56000,Unknown,Online Order
SUN-3691602,2023-12-05,Cinnamon Roll,Dessert,DST-05,2,28000,56000,Digital Wallet,Online Order
SUN-2859738,2023-07-04,Creamy Maycha Latte,Drinks,DRK-05,3,35000,105000,Debit Card,Unknown
SUN-9413971,2023-11-10,Fudgy Brownies,Dessert,DST-02,1,25000,25000,Cash,Dine In
SUN-5795546,2023-10-06,Espreso Single,Drinks,DRK-01,2,22000,44000,Unknown,Online Order
SUN-2603716,2023-12-28,Classic Tirmaisu,Dessert,DST-01,2,38000,76000,Debit Card,Dine In
SUN-7154297,2023-07-07,New York Cheesecake,Dessert,DST-03,1,42000,42000,Digital Wallet,Online Order
SUN-9166928,2023-07-29,Beef Carbonara Pasta,Food,FOD-02,3,52000,156000,Digital Wallet,Online Order
SUN-4683782,2023-08-07,Beef Carbonara Pasta,Food,FOD-02,4,52000,208000,Digital Wallet,Dine In
SUN-1669194,2023-05-31,New York Cheesecake,Dessert,DST-03,2,42000,84000,Digital Wallet,Online Order
SUN-4317340,2023-05-15,Choco Lava Cake,Dessert,DST-04,2,35000,70000,Digital Wallet,Dine In
SUN-7998463,2023-09-16,Classic Tirmaisu,Dessert,DST-01,1,38000,38000,Unknown,Dine In
SUN-5122479,2023-12-06,Buttermilk Fried Chicken,Food,FOD-01,2,48000,96000,Debit Card,Online Order
SUN-6452365,2023-11-14,Club Sandwich,Food,FOD-05,1,45000,45000,Digital Wallet,Dine In
SUN-6211272,2023-08-12,Espreso Single,Drinks,DRK-01,2,22000,44000,Digital Wallet,Unknown
SUN-2584939,2023-09-18,Grill Chicken Caesar Salad,Food,FOD-04,4,42000,168000,Debit Card,Dine In
SUN-1852357,2023-06-10,Caramel Machiato,Drinks,DRK-04,1,38000,38000,Debit Card,Take Away
SUN-6824540,2023-07-30,Grill Chicken Caesar Salad,Food,FOD-04,2,42000,84000,Unknown,Take Away
SUN-7512055,2023-04-15,Choco Lava Cake,Dessert,DST-04,2,35000,70000,Unknown,Dine In
SUN-3715883,2023-03-01,Choco Lava Cake,Dessert,DST-04,2,35000,70000,Digital Wallet,Take Away
SUN-5215199,2023-02-22,Cafe Latte,Drinks,DRK-03,2,32000,64000,Digital Wallet,Unknown
SUN-5542354,2023-09-22,Choco Lava Cake,Dessert,DST-04,1,35000,35000,Debit Card,Online Order
SUN-1523601,2023-03-05,Club Sandwich,Food,FOD-05,4,45000,180000,Digital Wallet,Online Order
SUN-6728500,2023-11-28,Creamy Maycha Latte,Drinks,DRK-05,1,35000,35000,Cash,Dine In
SUN-8213003,2023-03-14,Grill Chicken Caesar Salad,Food,FOD-04,1,42000,42000,Digital Wallet,Unknown
SUN-6256467,2023-06-17,Grill Chicken Caesar Salad,Food,FOD-04,4,42000,168000,Cash,Take Away
SUN-1821936,2023-02-23,Creamy Maycha Latte,Drinks,DRK-05,2,35000,70000,Debit Card,Take Away
SUN-5465144,2023-11-13,New York Cheesecake,Dessert,DST-03,1,42000,42000,Unknown,Online Order
SUN-4479106,2023-10-14,Espreso Single,Drinks,DRK-01,2,22000,44000,Debit Card,Dine In
SUN-4079421,2023-08-05,New York Cheesecake,Dessert,DST-03,1,42000,42000,Debit Card,Unknown
SUN-1279851,2023-06-11,Caramel Machiato,Drinks,DRK-04,4,38000,152000,Digital Wallet,Unknown
SUN-5130647,2023-04-07,Choco Lava Cake,Dessert,DST-04,2,35000,70000,Debit Card,Online Order
SUN-9265741,2023-03-05,Espreso Single,Drinks,DRK-01,1,22000,22000,Debit Card,Online Order
SUN-2208939,2023-12-24,Espreso Single,Drinks,DRK-01,1,22000,22000,Digital Wallet,Dine In
SUN-2553344,2023-01-24,New York Cheesecake,Dessert,DST-03,4,42000,168000,Digital Wallet,Take Away
SUN-3781794,2023-09-29,Cinnamon Roll,Dessert,DST-05,2,28000,56000,Digital Wallet,Take Away
SUN-9219890,2023-09-11,Classic Tirmaisu,Dessert,DST-01,2,38000,76000,Unknown,Online Order
SUN-1938248,2023-12-24,Cinnamon Roll,Dessert,DST-05,3,28000,84000,Debit Card,Dine In
SUN-9444424,2023-08-18,Cinnamon Roll,Dessert,DST-05,1,28000,28000,Unknown,Take Away
SUN-1247150,2023-08-11,Beef Carbonara Pasta,Food,FOD-02,1,52000,52000,Digital Wallet,Dine In
SUN-9262196,2023-09-22,New York Cheesecake,Dessert,DST-03,2,42000,84000,Debit Card,Unknown
SUN-8027184,2023-09-29,Espreso Single,Drinks,DRK-01,3,22000,66000,Debit Card,Take Away
SUN-6128890,2023-01-14,Nasi Goreng Kampung,Food,FOD-03,4,38000,152000,Debit Card,Take Away
SUN-5780190,2023-04-11,Buttermilk Fried Chicken,Food,FOD-01,3,48000,144000,Digital Wallet,Take Away
SUN-3682663,2023-07-05,Creamy Maycha Latte,Drinks,DRK-05,2,35000,70000,Cash,Dine In
SUN-9643851,2023-07-13,Grill Chicken Caesar Salad,Food,FOD-04,2,42000,84000,Digital Wallet,Dine In
SUN-9543737,2023-09-24,Iced Americano,Drinks,DRK-02,1,28000,28000,Digital Wallet,Online Order
SUN-1529617,2023-05-21,New York Cheesecake,Dessert,DST-03,2,42000,84000,Digital Wallet,Online Order
SUN-9779312,2023-05-27,Beef Carbonara Pasta,Food,FOD-02,3,52000,156000,Unknown,Unknown
SUN-7957935,2023-09-08,Espreso Single,Drinks,DRK-01,3,22000,66000,Digital Wallet,Dine In
SUN-9006005,2023-09-08,Cinnamon Roll,Dessert,DST-05,1,28000,28000,Digital Wallet,Online Order
SUN-9158422,2023-12-11,Nasi Goreng Kampung,Food,FOD-03,4,38000,152000,Debit Card,Take Away
SUN-3233922,2023-12-11,Choco Lava Cake,Dessert,DST-04,1,35000,35000,Digital Wallet,Online Order
SUN-3100733,2023-07-23,Caramel Machiato,Drinks,DRK-04,2,38000,76000,Debit Card,Dine In
SUN-7664970,2023-07-25,Fudgy Brownies,Dessert,DST-02,2,25000,50000,Digital Wallet,Dine In
SUN-7787675,2023-01-03,Grill Chicken Caesar Salad,Food,FOD-04,1,42000,42000,Digital Wallet,Online Order
SUN-3774537,2023-10-02,Cafe Latte,Drinks,DRK-03,2,32000,64000,Digital Wallet,Online Order
SUN-7844891,2023-04-26,Grill Chicken Caesar Salad,Food,FOD-04,4,42000,168000,Cash,Take Away
SUN-3471994,2023-09-02,Club Sandwich,Food,FOD-05,3,45000,135000,Debit Card,Dine In
SUN-4849944,2023-07-16,Nasi Goreng Kampung,Food,FOD-03,4,38000,152000,Digital Wallet,Dine In
SUN-7499741,2023-12-14,Cafe Latte,Drinks,DRK-03,1,32000,32000,Digital Wallet,Dine In
SUN-6524556,2023-10-17,Buttermilk Fried Chicken,Food,FOD-01,4,48000,192000,Debit Card,Dine In
SUN-5260302,2023-12-25,Espreso Single,Drinks,DRK-01,2,22000,44000,Debit Card,Online Order
SUN-5958666,2023-08-02,Nasi Goreng Kampung,Food,FOD-03,3,38000,114000,Debit Card,Dine In
SUN-8936304,2023-03-22,Caramel Machiato,Drinks,DRK-04,2,38000,76000,Digital Wallet,Online Order
SUN-7310127,2023-03-15,Cafe Latte,Drinks,DRK-03,1,32000,32000,Digital Wallet,Take Away
SUN-5358989,2023-02-04,Grill Chicken Caesar Salad,Food,FOD-04,4,42000,168000,Cash,Take Away
SUN-9794055,2023-08-11,Beef Carbonara Pasta,Food,FOD-02,2,52000,104000,Cash,Unknown
SUN-7616674,2023-11-23,Nasi Goreng Kampung,Food,FOD-03,4,38000,152000,Debit Card,Online Order
SUN-5369975,2023-11-17,New York Cheesecake,Dessert,DST-03,1,42000,42000,Debit Card,Dine In
SUN-3330305,2023-05-30,New York Cheesecake,Dessert,DST-03,1,42000,42000,Digital Wallet,Unknown
SUN-9572738,2023-07-09,Creamy Maycha Latte,Drinks,DRK-05,1,35000,35000,Debit Card,Online Order
SUN-6281695,2023-02-26,Beef Carbonara Pasta,Food,FOD-02,2,52000,104000,Cash,Take Away
SUN-8457680,2023-11-05,Caramel Machiato,Drinks,DRK-04,1,38000,38000,Digital Wallet,Take Away
SUN-6143940,2023-10-13,Fudgy Brownies,Dessert,DST-02,1,25000,25000,Debit Card,Online Order
SUN-7830805,2023-07-15,Buttermilk Fried Chicken,Food,FOD-01,2,48000,96000,Cash,Dine In
SUN-7204169,2023-12-26,Beef Carbonara Pasta,Food,FOD-02,2,52000,104000,Digital Wallet,Take Away
SUN-3749172,2023-01-23,Iced Americano,Drinks,DRK-02,2,28000,56000,Unknown,Take Away
SUN-5364032,2023-01-16,Cafe Latte,Drinks,DRK-03,1,32000,32000,Debit Card,Unknown
SUN-4218575,2023-12-22,Creamy Maycha Latte,Drinks,DRK-05,1,35000,35000,Cash,Take Away
SUN-3854400,2023-10-05,Choco Lava Cake,Dessert,DST-04,2,35000,70000,Debit Card,Take Away
SUN-8304934,2023-01-17,Cafe Latte,Drinks,DRK-03,,32000,,Digital Wallet,Dine In
SUN-8339785,2023-11-18,New York Cheesecake,Dessert,DST-03,2,42000,84000,Cash,Dine In
SUN-8946415,,Classic Tirmaisu,Dessert,DST-01,2,38000,76000,Debit Card,Dine In
SUN-4977705,2023-07-27,Nasi Goreng Kampung,Food,FOD-03,3,38000,114000,Cash,Take Away
SUN-1532916,2023-08-26,Espreso Single,Drinks,DRK-01,4,22000,88000,Cash,Dine In
SUN-6984654,2023-01-12,Choco Lava Cake,Dessert,DST-04,1,35000,35000,Unknown,Online Order
SUN-9327228,2023-10-25,Fudgy Brownies,Dessert,DST-02,2,25000,50000,Debit Card,Online Order
SUN-2113101,2023-03-20,Espreso Single,Drinks,DRK-01,3,22000,66000,Cash,Unknown
SUN-3880373,2023-03-20,Cafe Latte,Drinks,DRK-03,4,32000,128000,Unknown,Take Away
SUN-1642535,2023-11-02,Buttermilk Fried Chicken,Food,FOD-01,2,48000,96000,Unknown,Unknown
SUN-2508479,2023-11-14,Cafe Latte,Drinks,DRK-03,1,32000,32000,Cash,Dine In
SUN-7865482,2023-11-26,Choco Lava Cake,Dessert,DST-04,2,35000,70000,Debit Card,Dine In
SUN-6611391,2023-09-15,Creamy Maycha Latte,Drinks,DRK-05,3,35000,105000,Unknown,Unknown
SUN-7184996,2023-07-30,Fudgy Brownies,Dessert,DST-02,3,25000,75000,Cash,Dine In
SUN-7293661,2023-02-02,Creamy Maycha Latte,Drinks,DRK-05,4,35000,140000,Digital Wallet,Take Away
SUN-3664828,2023-06-09,Cafe Latte,Drinks,DRK-03,3,32000,96000,Cash,Take Away
SUN-3466256,2023-06-11,Nasi Goreng Kampung,Food,FOD-03,3,38000,114000,Unknown,Dine In
SUN-2919907,2023-08-21,Creamy Maycha Latte,Drinks,DRK-05,4,35000,140000,Debit Card,Dine In
SUN-5625821,2023-11-21,Caramel Machiato,Drinks,DRK-04,3,38000,114000,Unknown,Online Order
SUN-6829732,2023-11-19,Buttermilk Fried Chicken,Food,FOD-01,1,48000,48000,Digital Wallet,Dine In
SUN-1611776,2023-06-13,Beef Carbonara Pasta,Food,FOD-02,4,52000,208000,Digital Wallet,Online Order
SUN-2537921,2023-03-21,Creamy Maycha Latte,Drinks,DRK-05,3,35000,105000,Digital Wallet,Unknown
SUN-6420376,2023-11-12,Cinnamon Roll,Dessert,DST-05,1,28000,28000,Digital Wallet,Dine In
SUN-7253618,2023-12-15,Iced Americano,Drinks,DRK-02,1,28000,28000,Digital Wallet,Take Away
SUN-4564517,2023-03-17,Iced Americano,Drinks,DRK-02,1,28000,28000,Unknown,Take Away
SUN-9348234,2023-09-08,New York Cheesecake,Dessert,DST-03,4,42000,168000,Debit Card,Dine In
SUN-3610110,2023-11-15,Grill Chicken Caesar Salad,Food,FOD-04,2,42000,84000,Cash,Dine In
SUN-1258313,2023-06-28,New York Cheesecake,Dessert,DST-03,1,42000,42000,Debit Card,Take Away
SUN-5941135,2023-09-12,Buttermilk Fried Chicken,Food,FOD-01,4,48000,192000,Debit Card,Take Away
SUN-1217477,2023-03-02,Choco Lava Cake,Dessert,DST-04,3,35000,105000,Debit Card,Dine In
SUN-2502957,2023-01-10,Cafe Latte,Drinks,DRK-03,2,32000,64000,Debit Card,Online Order
SUN-1733367,2023-03-11,Espreso Single,Drinks,DRK-01,1,22000,22000,Digital Wallet,Unknown
SUN-9154595,2023-02-08,Buttermilk Fried Chicken,Food,FOD-01,3,48000,144000,Debit Card,Online Order
SUN-7374524,2023-01-26,Classic Tirmaisu,Dessert,DST-01,2,38000,76000,Unknown,Unknown
SUN-5268507,2023-09-27,Fudgy Brownies,Dessert,DST-02,3,25000,75000,Debit Card,Unknown
SUN-9298711,2023-03-16,Classic Tirmaisu,Dessert,DST-01,1,38000,38000,Unknown,Unknown
SUN-8826383,2023-11-03,Cinnamon Roll,Dessert,DST-05,3,28000,84000,Digital Wallet,Dine In
SUN-1426436,2023-07-23,Club Sandwich,Food,FOD-05,2,45000,90000,Digital Wallet,Online Order
SUN-7152204,2023-05-16,Caramel Machiato,Drinks,DRK-04,1,38000,38000,Digital Wallet,Dine In
SUN-7482847,2023-01-14,Classic Tirmaisu,Dessert,DST-01,1,38000,38000,Debit Card,Dine In
SUN-2211724,2023-04-08,Classic Tirmaisu,Dessert,DST-01,1,38000,38000,Digital Wallet,Online Order
SUN-4948640,2023-08-27,Creamy Maycha Latte,Drinks,DRK-05,4,35000,140000,Unknown,Take Away
SUN-3959990,2023-12-22,Cinnamon Roll,Dessert,DST-05,4,28000,112000,Debit Card,Dine In
SUN-7838491,2023-05-10,Grill Chicken Caesar Salad,Food,FOD-04,3,42000,126000,Cash,Dine In
SUN-5842188,2023-11-06,Espreso Single,Drinks,DRK-01,1,22000,22000,Cash,Dine In
SUN-2911758,2023-05-01,Classic Tirmaisu,Dessert,DST-01,1,38000,38000,Cash,Take Away
SUN-5193528,2023-12-30,Classic Tirmaisu,Dessert,DST-01,2,38000,76000,Digital Wallet,Dine In
SUN-2157097,2023-06-11,Fudgy Brownies,Dessert,DST-02,2,25000,50000,Debit Card,Take Away
SUN-4013750,2023-03-06,Iced Americano,Drinks,DRK-02,1,28000,28000,Digital Wallet,Online Order
SUN-1000521,,New York Cheesecake,Dessert,DST-03,4,42000,168000,Debit Card,Online Order
SUN-7738932,2023-07-05,Caramel Machiato,Drinks,DRK-04,2,38000,76000,Debit Card,Dine In
SUN-3269434,2023-11-20,Caramel Machiato,Drinks,DRK-04,1,38000,38000,Debit Card,Dine In
SUN-7592786,2023-02-05,Club Sandwich,Food,FOD-05,1,45000,45000,Digital Wallet,Dine In
SUN-7756907,2023-08-13,Choco Lava Cake,Dessert,DST-04,2,35000,70000,Digital Wallet,Unknown
SUN-2496038,2023-09-05,Espreso Single,Drinks,DRK-01,2,22000,44000,Digital Wallet,Dine In
SUN-3743034,2023-11-29,Beef Carbonara Pasta,Food,FOD-02,2,52000,104000,Debit Card,Unknown
SUN-2590379,2023-05-29,Choco Lava Cake,Dessert,DST-04,4,35000,140000,Cash,Unknown
SUN-7421476,2023-04-29,Club Sandwich,Food,FOD-05,1,45000,45000,Unknown,Online Order
SUN-7639725,2023-02-01,Club Sandwich,Food,FOD-05,3,45000,135000,Digital Wallet,Dine In
SUN-6390352,2023-09-25,Fudgy Brownies,Dessert,DST-02,4,25000,100000,Unknown,Online Order
SUN-3073893,2023-02-25,New York Cheesecake,Dessert,DST-03,4,42000,168000,Digital Wallet,Take Away
SUN-9726376,2023-10-29,Creamy Maycha Latte,Drinks,DRK-05,1,35000,35000,Debit Card,Dine In
SUN-8727152,2023-11-29,Cinnamon Roll,Dessert,DST-05,1,28000,28000,Debit Card,Dine In
SUN-4910073,2023-10-28,Cinnamon Roll,Dessert,DST-05,2,28000,56000,Cash,Take Away
SUN-4522701,2023-11-17,Creamy Maycha Latte,Drinks,DRK-05,3,35000,105000,Debit Card,Online Order
SUN-5217724,2023-03-25,New York Cheesecake,Dessert,DST-03,2,42000,84000,Unknown,Online Order
SUN-9008431,2023-12-15,Club Sandwich,Food,FOD-05,4,45000,180000,Digital Wallet,Online Order
SUN-3965339,2023-02-20,Club Sandwich,Food,FOD-05,1,45000,45000,Cash,Dine In
SUN-6499819,2023-11-24,Buttermilk Fried Chicken,Food,FOD-01,3,48000,144000,Digital Wallet,Unknown
SUN-7139973,2023-04-28,Iced Americano,Drinks,DRK-02,3,28000,84000,Debit Card,Take Away
SUN-4978812,2023-07-15,Espreso Single,Drinks,DRK-01,3,22000,66000,Digital Wallet,Unknown
SUN-5475701,2023-06-14,New York Cheesecake,Dessert,DST-03,4,42000,168000,Digital Wallet,Online Order
SUN-2212076,2023-07-08,Grill Chicken Caesar Salad,Food,FOD-04,1,42000,42000,Digital Wallet,Online Order
SUN-7746680,2023-11-19,Club Sandwich,Food,FOD-05,4,45000,180000,Debit Card,Take Away
SUN-3449946,2023-08-03,Nasi Goreng Kampung,Food,FOD-03,2,38000,76000,Digital Wallet,Dine In
SUN-3030767,2023-01-19,Cinnamon Roll,Dessert,DST-05,,28000,,Debit Card,Online Order
SUN-2010105,2023-10-07,Grill Chicken Caesar Salad,Food,FOD-04,4,42000,168000,Debit Card,Unknown
SUN-3301969,2023-09-09,Grill Chicken Caesar Salad,Food,FOD-04,4,42000,168000,Debit Card,Take Away
SUN-5615668,2023-03-14,Buttermilk Fried Chicken,Food,FOD-01,2,48000,96000,Debit Card,Dine In
SUN-1523902,2023-10-20,Espreso Single,Drinks,DRK-01,1,22000,22000,Cash,Unknown
SUN-9134694,2023-06-12,New York Cheesecake,Dessert,DST-03,1,42000,42000,Unknown,Online Order
SUN-2218244,2023-10-07,New York Cheesecake,Dessert,DST-03,4,42000,168000,Digital Wallet,Online Order
SUN-2746051,2023-05-26,Club Sandwich,Food,FOD-05,3,45000,135000,Unknown,Dine In
SUN-7439764,2023-10-15,Iced Americano,Drinks,DRK-02,1,28000,28000,Digital Wallet,Online Order
SUN-3195960,2023-10-16,Espreso Single,Drinks,DRK-01,1,22000,22000,Unknown,Dine In
SUN-2920985,2023-05-14,Grill Chicken Caesar Salad,Food,FOD-04,4,42000,168000,Cash,Dine In
SUN-9616663,2023-01-17,Iced Americano,Drinks,DRK-02,1,28000,28000,Digital Wallet,Online Order
SUN-6694626,2023-06-16,Nasi Goreng Kampung,Food,FOD-03,3,38000,114000,Digital Wallet,Online Order
SUN-1880910,2023-08-22,Grill Chicken Caesar Salad,Food,FOD-04,,42000,,Cash,Take Away
SUN-7605879,2023-02-18,Grill Chicken Caesar Salad,Food,FOD-04,1,42000,42000,Digital Wallet,Take Away
SUN-5295437,2023-02-02,New York Cheesecake,Dessert,DST-03,1,42000,42000,Debit Card,Online Order
SUN-2819631,2023-07-20,Nasi Goreng Kampung,Food,FOD-03,3,38000,114000,Unknown,Take Away
SUN-4291233,2023-07-17,Classic Tirmaisu,Dessert,DST-01,1,38000,38000,Debit Card,Dine In
SUN-6296667,2023-04-09,Grill Chicken Caesar Salad,Food,FOD-04,1,42000,42000,Debit Card,Online Order
SUN-2046873,2023-03-23,Classic Tirmaisu,Dessert,DST-01,1,38000,38000,Digital Wallet,Unknown
SUN-2575755,2023-11-30,Cafe Latte,Drinks,DRK-03,1,32000,32000,Unknown,Unknown
SUN-1693381,2023-12-23,Classic Tirmaisu,Dessert,DST-01,2,38000,76000,Digital Wallet,Take Away
SUN-1358107,2023-02-04,Cafe Latte,Drinks,DRK-03,3,32000,96000,Digital Wallet,Online Order
SUN-7017348,2023-02-18,Classic Tirmaisu,Dessert,DST-01,2,38000,76000,Debit Card,Unknown
SUN-2255925,2023-07-10,Caramel Machiato,Drinks,DRK-04,4,38000,152000,Cash,Dine In
SUN-6974155,2023-04-28,Choco Lava Cake,Dessert,DST-04,4,35000,140000,Debit Card,Dine In
SUN-8806545,2023-06-21,Classic Tirmaisu,Dessert,DST-01,3,38000,114000,Digital Wallet,Take Away
SUN-3671492,2023-03-18,Nasi Goreng Kampung,Food,FOD-03,2,38000,76000,Debit Card,Online Order
SUN-3760632,2023-02-12,Cafe Latte,Drinks,DRK-03,,32000,,Debit Card,Take Away
SUN-9471473,2023-04-05,Choco Lava Cake,Dessert,DST-04,2,35000,70000,Digital Wallet,Unknown
SUN-5972992,2023-09-07,Nasi Goreng Kampung,Food,FOD-03,1,38000,38000,Unknown,Dine In
SUN-2528444,2023-09-06,Caramel Machiato,Drinks,DRK-04,3,38000,114000,Cash,Dine In
SUN-9970214,2023-01-24,Grill Chicken Caesar Salad,Food,FOD-04,4,42000,168000,Cash,Take Away
SUN-7910218,2023-01-26,Iced Americano,Drinks,DRK-02,2,28000,56000,Digital Wallet,Online Order
SUN-9472279,2023-03-07,Cafe Latte,Drinks,DRK-03,4,32000,128000,Unknown,Take Away
SUN-8825800,2023-08-15,Cafe Latte,Drinks,DRK-03,4,32000,128000,Debit Card,Dine In
SUN-7262147,2023-01-31,New York Cheesecake,Dessert,DST-03,4,42000,168000,Digital Wallet,Take Away
SUN-4902558,2023-07-10,Classic Tirmaisu,Dessert,DST-01,2,38000,76000,Unknown,Online Order
SUN-1829444,2023-12-10,Caramel Machiato,Drinks,DRK-04,1,38000,38000,Digital Wallet,Online Order
SUN-5699304,2023-01-18,Caramel Machiato,Drinks,DRK-04,1,38000,38000,Debit Card,Take Away
SUN-7895522,2023-04-29,Fudgy Brownies,Dessert,DST-02,1,25000,25000,Debit Card,Take Away
SUN-4752200,2023-12-12,Choco Lava Cake,Dessert,DST-04,2,35000,70000,Cash,Dine In
SUN-3998398,2023-11-07,Buttermilk Fried Chicken,Food,FOD-01,3,48000,144000,Debit Card,Online Order
SUN-9583693,2023-06-26,New York Cheesecake,Dessert,DST-03,3,42000,126000,Cash,Take Away
SUN-8032615,2023-04-14,Creamy Maycha Latte,Drinks,DRK-05,3,35000,105000,Unknown,Dine In
SUN-8341611,2023-01-21,Creamy Maycha Latte,Drinks,DRK-05,4,35000,140000,Digital Wallet,Online Order
SUN-1262941,2023-04-08,Buttermilk Fried Chicken,Food,FOD-01,2,48000,96000,Cash,Dine In
SUN-2095361,2023-07-18,Beef Carbonara Pasta,Food,FOD-02,3,52000,156000,Digital Wallet,Dine In
SUN-4932597,2023-11-21,New York Cheesecake,Dessert,DST-03,4,42000,168000,Unknown,Take Away
SUN-2421647,2023-05-21,New York Cheesecake,Dessert,DST-03,4,42000,168000,Digital Wallet,Take Away
SUN-8441421,2023-12-18,Choco Lava Cake,Dessert,DST-04,4,35000,140000,Debit Card,Dine In
SUN-8704533,2023-02-08,New York Cheesecake,Dessert,DST-03,2,42000,84000,Digital Wallet,Dine In
SUN-5653931,2023-10-07,Caramel Machiato,Drinks,DRK-04,3,38000,114000,Unknown,Dine In
SUN-2848518,2023-10-11,Classic Tirmaisu,Dessert,DST-01,2,38000,76000,Digital Wallet,Dine In
SUN-2937258,2023-04-01,Beef Carbonara Pasta,Food,FOD-02,1,52000,52000,Digital Wallet,Online Order
SUN-2133127,2023-11-20,Creamy Maycha Latte,Drinks,DRK-05,3,35000,105000,Cash,Dine In
SUN-5748184,2023-03-08,Buttermilk Fried Chicken,Food,FOD-01,4,48000,192000,Debit Card,Take Away
SUN-1942037,2023-09-13,Club Sandwich,Food,FOD-05,1,45000,45000,Digital Wallet,Online Order
SUN-6846176,2023-01-08,Espreso Single,Drinks,DRK-01,2,22000,44000,Debit Card,Take Away
SUN-5200203,2023-06-17,Beef Carbonara Pasta,Food,FOD-02,1,52000,52000,Unknown,Online Order
SUN-1865500,2023-05-27,Buttermilk Fried Chicken,Food,FOD-01,1,48000,48000,Debit Card,Take Away
SUN-2280149,2023-10-30,Club Sandwich,Food,FOD-05,2,45000,90000,Unknown,Take Away
SUN-5084371,2023-09-14,Club Sandwich,Food,FOD-05,4,45000,180000,Debit Card,Online Order
SUN-2436266,2023-01-09,Buttermilk Fried Chicken,Food,FOD-01,1,48000,48000,Cash,Unknown
SUN-3529000,2023-05-20,Espreso Single,Drinks,DRK-01,4,22000,88000,Unknown,Unknown
SUN-6564720,2023-03-21,Grill Chicken Caesar Salad,Food,FOD-04,2,42000,84000,Cash,Dine In
SUN-4435704,2023-02-13,Caramel Machiato,Drinks,DRK-04,1,38000,38000,Debit Card,Take Away
SUN-5253015,2023-08-01,Fudgy Brownies,Dessert,DST-02,3,25000,75000,Debit Card,Online Order
SUN-2968951,2023-11-11,Espreso Single,Drinks,DRK-01,2,22000,44000,Digital Wallet,Online Order
SUN-7417627,2023-03-12,Nasi Goreng Kampung,Food,FOD-03,1,38000,38000,Digital Wallet,Online Order
SUN-8172137,2023-12-14,Club Sandwich,Food,FOD-05,1,45000,45000,Cash,Take Away
SUN-5141294,2023-08-29,Choco Lava Cake,Dessert,DST-04,1,35000,35000,Digital Wallet,Online Order
SUN-8066274,2023-02-24,Cafe Latte,Drinks,DRK-03,2,32000,64000,Debit Card,Online Order
SUN-2556915,2023-06-26,Grill Chicken Caesar Salad,Food,FOD-04,3,42000,126000,Cash,Dine In
SUN-8450243,2023-08-25,Beef Carbonara Pasta,Food,FOD-02,3,52000,156000,Cash,Dine In
SUN-5266867,2023-10-26,New York Cheesecake,Dessert,DST-03,,42000,,Cash,Take Away
SUN-1615826,2023-06-27,Espreso Single,Drinks,DRK-01,3,22000,66000,Unknown,Dine In
SUN-2305225,2023-12-25,Grill Chicken Caesar Salad,Food,FOD-04,3,42000,126000,Cash,Take Away
SUN-2953148,2023-04-11,Iced Americano,Drinks,DRK-02,2,28000,56000,Digital Wallet,Dine In
SUN-3716640,2023-01-21,Classic Tirmaisu,Dessert,DST-01,4,38000,152000,Digital Wallet,Take Away
SUN-9199879,2023-01-31,Choco Lava Cake,Dessert,DST-04,1,35000,35000,Debit Card,Online Order
SUN-6405371,2023-09-27,Caramel Machiato,Drinks,DRK-04,4,38000,152000,Unknown,Unknown
SUN-5657785,2023-04-04,Beef Carbonara Pasta,Food,FOD-02,2,52000,104000,Digital Wallet,Online Order
SUN-3257302,2023-01-23,Grill Chicken Caesar Salad,Food,FOD-04,2,42000,84000,Debit Card,Take Away
SUN-3522026,2023-03-15,Fudgy Brownies,Dessert,DST-02,2,25000,50000,Digital Wallet,Online Order
SUN-8265683,2023-07-15,Cafe Latte,Drinks,DRK-03,4,32000,128000,Unknown,Dine In
SUN-1274874,2023-12-07,Caramel Machiato,Drinks,DRK-04,4,38000,152000,Unknown,Unknown
SUN-8083922,2023-05-11,Cafe Latte,Drinks,DRK-03,2,32000,64000,Debit Card,Online Order
SUN-1479098,2023-09-10,Buttermilk Fried Chicken,Food,FOD-01,3,48000,144000,Digital Wallet,Online Order
SUN-9693004,2023-06-24,Club Sandwich,Food,FOD-05,4,45000,180000,Debit Card,Online Order
SUN-7793604,,Caramel Machiato,Drinks,DRK-04,1,38000,38000,Digital Wallet,Unknown
SUN-3232236,2023-09-29,Creamy Maycha Latte,Drinks,DRK-05,1,35000,35000,Digital Wallet,Dine In
SUN-3241576,2023-02-12,Classic Tirmaisu,Dessert,DST-01,4,38000,152000,Digital Wallet,Online Order
SUN-1858801,2023-01-03,Classic Tirmaisu,Dessert,DST-01,1,38000,38000,Digital Wallet,Online Order
SUN-1007432,2023-05-01,Buttermilk Fried Chicken,Food,FOD-01,2,48000,96000,Debit Card,Take Away
SUN-1666274,2023-08-19,Creamy Maycha Latte,Drinks,DRK-05,2,35000,70000,Debit Card,Dine In
SUN-1110982,2023-10-06,Grill Chicken Caesar Salad,Food,FOD-04,4,42000,168000,Unknown,Online Order
SUN-3047830,2023-11-17,Choco Lava Cake,Dessert,DST-04,3,35000,105000,Cash,Take Away
SUN-3760706,2023-09-11,Nasi Goreng Kampung,Food,FOD-03,3,38000,114000,Debit Card,Online Order
SUN-3933359,2023-11-21,Club Sandwich,Food,FOD-05,4,45000,180000,Digital Wallet,Take Away
SUN-7900692,2023-09-17,Classic Tirmaisu,Dessert,DST-01,2,38000,76000,Debit Card,Take Away
SUN-3642250,2023-07-05,Classic Tirmaisu,Dessert,DST-01,3,38000,114000,Debit Card,Dine In
SUN-5662375,2023-09-27,Buttermilk Fried Chicken,Food,FOD-01,3,48000,144000,Digital Wallet,Dine In
SUN-3755826,2023-08-25,Grill Chicken Caesar Salad,Food,FOD-04,3,42000,126000,Debit Card,Take Away
SUN-9343560,2023-07-28,Fudgy Brownies,Dessert,DST-02,2,25000,50000,Cash,Dine In
SUN-9404305,2023-02-26,Caramel Machiato,Drinks,DRK-04,3,38000,114000,Unknown,Dine In
SUN-3074764,2023-02-01,Fudgy Brownies,Dessert,DST-02,3,25000,75000,Debit Card,Online Order
SUN-1014954,2023-03-17,Club Sandwich,Food,FOD-05,1,45000,45000,Unknown,Online Order
SUN-9782539,2023-02-21,Caramel Machiato,Drinks,DRK-04,4,38000,152000,Debit Card,Online Order
SUN-6132203,2023-12-24,Nasi Goreng Kampung,Food,FOD-03,4,38000,152000,Digital Wallet,Unknown
SUN-6018042,2023-01-23,Buttermilk Fried Chicken,Food,FOD-01,2,48000,96000,Debit Card,Online Order
SUN-2113895,2023-01-14,New York Cheesecake,Dessert,DST-03,2,42000,84000,Unknown,Dine In
SUN-8743686,2023-08-24,Iced Americano,Drinks,DRK-02,4,28000,112000,Debit Card,Online Order
SUN-8209059,2023-11-28,Beef Carbonara Pasta,Food,FOD-02,2,52000,104000,Cash,Dine In
SUN-7505002,2023-11-07,Grill Chicken Caesar Salad,Food,FOD-04,2,42000,84000,Digital Wallet,Take Away
SUN-5683783,2023-04-08,Cafe Latte,Drinks,DRK-03,4,32000,128000,Unknown,Unknown
SUN-2136147,2023-10-29,Caramel Machiato,Drinks,DRK-04,3,38000,114000,Digital Wallet,Dine In
SUN-9752833,2023-07-13,Iced Americano,Drinks,DRK-02,4,28000,112000,Digital Wallet,Take Away
SUN-8959138,2023-04-21,Choco Lava Cake,Dessert,DST-04,3,35000,105000,Digital Wallet,Take Away
SUN-4240307,2023-03-27,New York Cheesecake,Dessert,DST-03,1,42000,42000,Debit Card,Dine In
SUN-6152134,2023-05-29,Choco Lava Cake,Dessert,DST-04,1,35000,35000,Debit Card,Unknown
SUN-2998568,2023-02-02,Cinnamon Roll,Dessert,DST-05,1,28000,28000,Unknown,Take Away
SUN-5783951,2023-07-20,Iced Americano,Drinks,DRK-02,2,28000,56000,Digital Wallet,Online Order
SUN-2313522,2023-11-12,Buttermilk Fried Chicken,Food,FOD-01,3,48000,144000,Debit Card,Online Order
SUN-3196060,2023-05-04,Creamy Maycha Latte,Drinks,DRK-05,1,35000,35000,Debit Card,Online Order
SUN-7514492,2023-08-19,Choco Lava Cake,Dessert,DST-04,4,35000,140000,Debit Card,Take Away
SUN-7051765,2023-09-24,Beef Carbonara Pasta,Food,FOD-02,4,52000,208000,Debit Card,Dine In
SUN-3542054,2023-11-16,Buttermilk Fried Chicken,Food,FOD-01,1,48000,48000,Cash,Dine In
SUN-1475782,2023-03-06,Cafe Latte,Drinks,DRK-03,2,32000,64000,Digital Wallet,Dine In
SUN-6163033,2023-08-19,Choco Lava Cake,Dessert,DST-04,1,35000,35000,Cash,Dine In
SUN-5793455,2023-05-31,Iced Americano,Drinks,DRK-02,3,28000,84000,Digital Wallet,Online Order
SUN-1725519,2023-09-20,Buttermilk Fried Chicken,Food,FOD-01,3,48000,144000,Digital Wallet,Online Order
SUN-6803959,2023-05-16,Iced Americano,Drinks,DRK-02,1,28000,28000,Debit Card,Online Order
SUN-7728319,2023-02-13,Choco Lava Cake,Dessert,DST-04,3,35000,105000,Cash,Dine In
SUN-4384578,2023-07-20,Iced Americano,Drinks,DRK-02,1,28000,28000,Debit Card,Dine In
SUN-8641309,2023-01-03,New York Cheesecake,Dessert,DST-03,1,42000,42000,Digital Wallet,Online Order
SUN-9149539,2023-12-05,Classic Tirmaisu,Dessert,DST-01,3,38000,114000,Digital Wallet,Dine In
SUN-8460408,2023-02-01,Classic Tirmaisu,Dessert,DST-01,4,38000,152000,Debit Card,Take Away
SUN-9544496,2023-06-20,Creamy Maycha Latte,Drinks,DRK-05,4,35000,140000,Digital Wallet,Dine In
SUN-6338767,2023-11-07,Club Sandwich,Food,FOD-05,2,45000,90000,Digital Wallet,Dine In
SUN-5118619,2023-03-20,Creamy Maycha Latte,Drinks,DRK-05,1,35000,35000,Debit Card,Take Away
SUN-5090434,2023-01-13,Espreso Single,Drinks,DRK-01,2,22000,44000,Digital Wallet,Dine In
SUN-2528862,2023-04-17,Buttermilk Fried Chicken,Food,FOD-01,4,48000,192000,Debit Card,Unknown
SUN-4454890,2023-02-05,New York Cheesecake,Dessert,DST-03,2,42000,84000,Debit Card,Take Away
SUN-2838303,2023-10-29,Nasi Goreng Kampung,Food,FOD-03,4,38000,152000,Unknown,Unknown
SUN-9748321,2023-02-07,Club Sandwich,Food,FOD-05,3,45000,135000,Unknown,Take Away
SUN-7350241,2023-04-06,Caramel Machiato,Drinks,DRK-04,2,38000,76000,Digital Wallet,Dine In
SUN-1768268,2023-01-24,Club Sandwich,Food,FOD-05,3,45000,135000,Unknown,Dine In
SUN-1503396,2023-12-27,Club Sandwich,Food,FOD-05,4,45000,180000,Debit Card,Dine In
SUN-8680386,2023-05-01,Espreso Single,Drinks,DRK-01,3,22000,66000,Unknown,Unknown
SUN-8553995,2023-03-18,Creamy Maycha Latte,Drinks,DRK-05,2,35000,70000,Cash,Take Away
SUN-3708853,2023-08-07,Grill Chicken Caesar Salad,Food,FOD-04,3,42000,126000,Unknown,Take Away
SUN-5803547,2023-07-10,Classic Tirmaisu,Dessert,DST-01,1,38000,38000,Digital Wallet,Dine In
SUN-3647844,2023-12-01,New York Cheesecake,Dessert,DST-03,1,42000,42000,Cash,Dine In
SUN-9190487,2023-05-23,Classic Tirmaisu,Dessert,DST-01,4,38000,152000,Debit Card,Online Order
SUN-3505816,2023-03-04,Choco Lava Cake,Dessert,DST-04,3,35000,105000,Debit Card,Unknown
SUN-1387112,2023-03-25,Cafe Latte,Drinks,DRK-03,1,32000,32000,Unknown,Online Order
SUN-8391680,2023-01-19,Cafe Latte,Drinks,DRK-03,1,32000,32000,Debit Card,Online Order
SUN-5594918,2023-12-25,Club Sandwich,Food,FOD-05,1,45000,45000,Debit Card,Take Away
SUN-1518028,2023-12-19,Grill Chicken Caesar Salad,Food,FOD-04,1,42000,42000,Digital Wallet,Take Away
SUN-3435623,2023-08-16,Fudgy Brownies,Dessert,DST-02,4,25000,100000,Digital Wallet,Dine In
SUN-8486289,2023-02-21,Choco Lava Cake,Dessert,DST-04,3,35000,105000,Digital Wallet,Take Away
SUN-3774457,2023-05-25,Grill Chicken Caesar Salad,Food,FOD-04,4,42000,168000,Debit Card,Take Away
SUN-8249993,2023-09-27,Classic Tirmaisu,Dessert,DST-01,3,38000,114000,Digital Wallet,Dine In
SUN-5693102,2023-03-19,Espreso Single,Drinks,DRK-01,2,22000,44000,Digital Wallet,Take Away
SUN-9109730,2023-12-06,Espreso Single,Drinks,DRK-01,2,22000,44000,Digital Wallet,Online Order
SUN-5514989,2023-11-05,Caramel Machiato,Drinks,DRK-04,2,38000,76000,Cash,Unknown
SUN-3989468,2023-05-30,Caramel Machiato,Drinks,DRK-04,3,38000,114000,Unknown,Take Away
SUN-2519090,2023-02-25,Fudgy Brownies,Dessert,DST-02,4,25000,100000,Digital Wallet,Online Order
SUN-4038668,2023-12-26,Fudgy Brownies,Dessert,DST-02,2,25000,50000,Unknown,Take Away
SUN-8450081,2023-07-07,Espreso Single,Drinks,DRK-01,2,22000,44000,Cash,Dine In
SUN-1352191,2023-04-25,New York Cheesecake,Dessert,DST-03,1,42000,42000,Digital Wallet,Online Order
SUN-5555559,2023-08-23,New York Cheesecake,Dessert,DST-03,2,42000,84000,Debit Card,Unknown
SUN-5889036,2023-03-02,Iced Americano,Drinks,DRK-02,2,28000,56000,Debit Card,Online Order
SUN-3925058,2023-01-18,Beef Carbonara Pasta,Food,FOD-02,4,52000,208000,Digital Wallet,Take Away
SUN-1512196,2023-11-11,Cafe Latte,Drinks,DRK-03,2,32000,64000,Digital Wallet,Take Away
SUN-7251905,2023-07-08,Iced Americano,Drinks,DRK-02,2,28000,56000,Debit Card,Online Order
SUN-5794711,2023-08-28,Grill Chicken Caesar Salad,Food,FOD-04,3,42000,126000,Unknown,Dine In
SUN-7566455,2023-12-31,Fudgy Brownies,Dessert,DST-02,4,25000,100000,Unknown,Online Order
SUN-2298766,2023-04-21,Club Sandwich,Food,FOD-05,1,45000,45000,Digital Wallet,Unknown
SUN-5832293,2023-03-31,Club Sandwich,Food,FOD-05,3,45000,135000,Unknown,Dine In
SUN-5193428,2023-01-15,Fudgy Brownies,Dessert,DST-02,4,25000,100000,Debit Card,Take Away
SUN-3204555,2023-12-01,Club Sandwich,Food,FOD-05,4,45000,180000,Unknown,Dine In
SUN-5407389,2023-04-19,Grill Chicken Caesar Salad,Food,FOD-04,4,42000,168000,Digital Wallet,Take Away
SUN-6038304,2023-10-20,Creamy Maycha Latte,Drinks,DRK-05,4,35000,140000,Cash,Take Away
SUN-1312376,2023-08-16,Nasi Goreng Kampung,Food,FOD-03,1,38000,38000,Cash,Dine In
SUN-3738385,2023-02-05,Creamy Maycha Latte,Drinks,DRK-05,4,35000,140000,Unknown,Take Away
SUN-3012275,2023-07-28,Choco Lava Cake,Dessert,DST-04,4,35000,140000,Digital Wallet,Dine In
SUN-2862649,2023-12-16,Club Sandwich,Food,FOD-05,2,45000,90000,Digital Wallet,Online Order
SUN-2137016,2023-04-11,Iced Americano,Drinks,DRK-02,2,28000,56000,Cash,Dine In
SUN-6392519,2023-07-15,Club Sandwich,Food,FOD-05,4,45000,180000,Debit Card,Online Order
SUN-2183389,2023-06-02,Cafe Latte,Drinks,DRK-03,2,32000,64000,Cash,Take Away
SUN-2159866,2023-10-24,Cinnamon Roll,Dessert,DST-05,2,28000,56000,Cash,Dine In
SUN-1858554,2023-05-04,Creamy Maycha Latte,Drinks,DRK-05,3,35000,105000,Debit Card,Online Order
SUN-6090432,2023-04-19,Fudgy Brownies,Dessert,DST-02,1,25000,25000,Digital Wallet,Dine In
SUN-5096647,2023-01-28,Creamy Maycha Latte,Drinks,DRK-05,2,35000,70000,Debit Card,Online Order
SUN-3786028,2023-04-30,Cafe Latte,Drinks,DRK-03,4,32000,128000,Cash,Take Away
SUN-3779023,2023-08-23,Espreso Single,Drinks,DRK-01,2,22000,44000,Digital Wallet,Online Order
SUN-4678755,2023-06-01,Cafe Latte,Drinks,DRK-03,2,32000,64000,Cash,Take Away
SUN-3322486,2023-07-17,Nasi Goreng Kampung,Food,FOD-03,1,38000,38000,Unknown,Dine In
SUN-2673438,2023-12-20,Buttermilk Fried Chicken,Food,FOD-01,3,48000,144000,Cash,Take Away
SUN-4795282,2023-11-13,Nasi Goreng Kampung,Food,FOD-03,3,38000,114000,Digital Wallet,Online Order
SUN-6719113,2023-11-05,Classic Tirmaisu,Dessert,DST-01,4,38000,152000,Digital Wallet,Dine In
SUN-3374039,2023-10-21,Nasi Goreng Kampung,Food,FOD-03,2,38000,76000,Cash,Take Away
SUN-6533113,2023-10-01,Classic Tirmaisu,Dessert,DST-01,1,38000,38000,Cash,Dine In
SUN-3808815,2023-05-28,New York Cheesecake,Dessert,DST-03,4,42000,168000,Cash,Unknown
SUN-8950267,2023-07-04,Club Sandwich,Food,FOD-05,2,45000,90000,Digital Wallet,Online Order
SUN-4261015,2023-10-08,Buttermilk Fried Chicken,Food,FOD-01,4,48000,192000,Digital Wallet,Dine In
SUN-7520442,2023-02-28,Iced Americano,Drinks,DRK-02,2,28000,56000,Debit Card,Take Away
SUN-8979474,2023-08-16,Caramel Machiato,Drinks,DRK-04,4,38000,152000,Digital Wallet,Dine In
SUN-9515782,2023-04-23,Classic Tirmaisu,Dessert,DST-01,,38000,,Unknown,Take Away
SUN-7431099,2023-12-01,Cafe Latte,Drinks,DRK-03,2,32000,64000,Unknown,Online Order
SUN-2535793,2023-10-17,Fudgy Brownies,Dessert,DST-02,3,25000,75000,Digital Wallet,Online Order
SUN-7030987,2023-03-24,Espreso Single,Drinks,DRK-01,4,22000,88000,Unknown,Take Away
SUN-7074397,2023-08-17,Creamy Maycha Latte,Drinks,DRK-05,1,35000,35000,Debit Card,Dine In
SUN-9882577,2023-04-21,Nasi Goreng Kampung,Food,FOD-03,2,38000,76000,Digital Wallet,Dine In
SUN-9358312,2023-01-07,Fudgy Brownies,Dessert,DST-02,3,25000,75000,Digital Wallet,Dine In
SUN-7950646,2023-06-25,Iced Americano,Drinks,DRK-02,4,28000,112000,Digital Wallet,Online Order
SUN-9819740,2023-07-12,Espreso Single,Drinks,DRK-01,1,22000,22000,Debit Card,Dine In
SUN-8448605,2023-02-19,Classic Tirmaisu,Dessert,DST-01,1,38000,38000,Cash,Dine In
SUN-4002414,2023-07-30,Espreso Single,Drinks,DRK-01,4,22000,88000,Unknown,Unknown
SUN-2489639,2023-07-31,Cinnamon Roll,Dessert,DST-05,3,28000,84000,Debit Card,Online Order
SUN-7885198,2023-01-18,Cinnamon Roll,Dessert,DST-05,3,28000,84000,Debit Card,Online Order
SUN-9337787,2023-05-25,Cinnamon Roll,Dessert,DST-05,3,28000,84000,Cash,Dine In
SUN-2756629,2023-05-27,Creamy Maycha Latte,Drinks,DRK-05,3,35000,105000,Debit Card,Dine In
SUN-7455459,2023-09-27,Espreso Single,Drinks,DRK-01,4,22000,88000,Debit Card,Dine In
SUN-9448121,2023-10-12,Grill Chicken Caesar Salad,Food,FOD-04,1,42000,42000,Debit Card,Dine In
SUN-6968810,2023-10-21,Espreso Single,Drinks,DRK-01,4,22000,88000,Digital Wallet,Online Order
SUN-5294356,2023-08-06,Grill Chicken Caesar Salad,Food,FOD-04,1,42000,42000,Debit Card,Take Away
SUN-9757242,2023-02-05,Nasi Goreng Kampung,Food,FOD-03,4,38000,152000,Debit Card,Unknown
SUN-6589270,2023-07-05,Nasi Goreng Kampung,Food,FOD-03,1,38000,38000,Cash,Dine In
SUN-9260446,2023-12-30,Classic Tirmaisu,Dessert,DST-01,4,38000,152000,Digital Wallet,Dine In
SUN-2516434,2023-12-13,Espreso Single,Drinks,DRK-01,3,22000,66000,Digital Wallet,Dine In
SUN-7545780,2023-10-13,Choco Lava Cake,Dessert,DST-04,4,35000,140000,Cash,Take Away
SUN-7509463,2023-08-26,Club Sandwich,Food,FOD-05,1,45000,45000,Debit Card,Unknown
SUN-5719996,2023-10-03,Choco Lava Cake,Dessert,DST-04,2,35000,70000,Cash,Take Away
SUN-5732515,2023-04-13,Cinnamon Roll,Dessert,DST-05,2,28000,56000,Digital Wallet,Dine In
SUN-1440204,2023-03-30,Club Sandwich,Food,FOD-05,1,45000,45000,Debit Card,Dine In
SUN-8526456,2023-06-25,Buttermilk Fried Chicken,Food,FOD-01,4,48000,192000,Unknown,Unknown
SUN-6256082,2023-04-04,Fudgy Brownies,Dessert,DST-02,1,25000,25000,Debit Card,Online Order
SUN-4241285,2023-10-20,Creamy Maycha Latte,Drinks,DRK-05,3,35000,105000,Debit Card,Online Order
SUN-7623444,2023-11-17,Buttermilk Fried Chicken,Food,FOD-01,2,48000,96000,Debit Card,Unknown
SUN-5320837,2023-06-17,Buttermilk Fried Chicken,Food,FOD-01,2,48000,96000,Cash,Unknown
SUN-4565380,2023-01-18,Creamy Maycha Latte,Drinks,DRK-05,3,35000,105000,Debit Card,Take Away
SUN-2003729,2023-04-16,Grill Chicken Caesar Salad,Food,FOD-04,2,42000,84000,Debit Card,Online Order
SUN-1129745,2023-02-14,Fudgy Brownies,Dessert,DST-02,4,25000,100000,Cash,Dine In
SUN-5655139,2023-02-02,Grill Chicken Caesar Salad,Food,FOD-04,2,42000,84000,Cash,Dine In
SUN-2103213,2023-08-09,Creamy Maycha Latte,Drinks,DRK-05,1,35000,35000,Digital Wallet,Take Away
SUN-3678790,2023-08-26,Grill Chicken Caesar Salad,Food,FOD-04,2,42000,84000,Digital Wallet,Unknown
SUN-4772613,2023-03-28,Espreso Single,Drinks,DRK-01,4,22000,88000,Cash,Dine In
SUN-4012422,2023-02-17,Beef Carbonara Pasta,Food,FOD-02,1,52000,52000,Unknown,Online Order
SUN-3554097,2023-07-09,Buttermilk Fried Chicken,Food,FOD-01,2,48000,96000,Debit Card,Unknown
SUN-3921884,2023-07-17,Cinnamon Roll,Dessert,DST-05,1,28000,28000,Unknown,Online Order
SUN-9557217,2023-07-13,Iced Americano,Drinks,DRK-02,3,28000,84000,Debit Card,Unknown
SUN-8572406,2023-11-22,Caramel Machiato,Drinks,DRK-04,1,38000,38000,Debit Card,Unknown
SUN-4446803,2023-05-27,Nasi Goreng Kampung,Food,FOD-03,3,38000,114000,Cash,Dine In
SUN-4675432,2023-01-10,Cafe Latte,Drinks,DRK-03,3,32000,96000,Debit Card,Take Away
SUN-5636775,2023-10-19,Beef Carbonara Pasta,Food,FOD-02,1,52000,52000,Unknown,Take Away
SUN-6261124,2023-11-21,Cafe Latte,Drinks,DRK-03,1,32000,32000,Debit Card,Take Away
SUN-6714475,2023-03-15,Club Sandwich,Food,FOD-05,2,45000,90000,Digital Wallet,Online Order
SUN-2132477,2023-11-25,Buttermilk Fried Chicken,Food,FOD-01,1,48000,48000,Unknown,Dine In
SUN-4068094,2023-10-03,Espreso Single,Drinks,DRK-01,3,22000,66000,Cash,Dine In
SUN-8786376,2023-05-18,Cinnamon Roll,Dessert,DST-05,2,28000,56000,Debit Card,Take Away
SUN-5663992,2023-06-01,Caramel Machiato,Drinks,DRK-04,1,38000,38000,Unknown,Take Away
SUN-1649321,2023-10-25,Grill Chicken Caesar Salad,Food,FOD-04,3,42000,126000,Digital Wallet,Dine In
SUN-8167375,2023-11-26,New York Cheesecake,Dessert,DST-03,1,42000,42000,Digital Wallet,Take Away
SUN-9556140,2023-12-05,Nasi Goreng Kampung,Food,FOD-03,2,38000,76000,Debit Card,Dine In
SUN-5972512,2023-02-26,Fudgy Brownies,Dessert,DST-02,1,25000,25000,Debit Card,Unknown
SUN-9257866,,New York Cheesecake,Dessert,DST-03,2,42000,84000,Digital Wallet,Take Away
SUN-4690129,2023-03-25,Iced Americano,Drinks,DRK-02,1,28000,28000,Digital Wallet,Take Away
SUN-3707964,2023-01-13,Caramel Machiato,Drinks,DRK-04,2,38000,76000,Debit Card,Dine In
SUN-5001129,2023-04-30,Beef Carbonara Pasta,Food,FOD-02,4,52000,208000,Debit Card,Unknown
SUN-4246439,2023-05-03,Nasi Goreng Kampung,Food,FOD-03,4,38000,152000,Debit Card,Online Order
SUN-7086486,2023-03-17,Classic Tirmaisu,Dessert,DST-01,3,38000,114000,Unknown,Online Order
SUN-7183816,2023-08-30,Caramel Machiato,Drinks,DRK-04,3,38000,114000,Unknown,Take Away
SUN-7272169,2023-04-22,Creamy Maycha Latte,Drinks,DRK-05,3,35000,105000,Debit Card,Dine In
SUN-1152893,2023-07-08,Buttermilk Fried Chicken,Food,FOD-01,1,48000,48000,Digital Wallet,Take Away
SUN-7668176,2023-05-21,Club Sandwich,Food,FOD-05,1,45000,45000,Cash,Take Away
SUN-2867152,2023-08-09,Fudgy Brownies,Dessert,DST-02,2,25000,50000,Digital Wallet,Dine In
SUN-4099225,2023-10-11,Buttermilk Fried Chicken,Food,FOD-01,4,48000,192000,Debit Card,Unknown
SUN-9144896,2023-12-31,Cinnamon Roll,Dessert,DST-05,3,28000,84000,Cash,Dine In
SUN-6749842,2023-09-11,Club Sandwich,Food,FOD-05,2,45000,90000,Digital Wallet,Dine In
SUN-6025037,2023-04-18,Cinnamon Roll,Dessert,DST-05,4,28000,112000,Digital Wallet,Dine In
SUN-1541687,2023-10-13,Classic Tirmaisu,Dessert,DST-01,1,38000,38000,Digital Wallet,Dine In
SUN-3360291,2023-09-24,Cinnamon Roll,Dessert,DST-05,3,28000,84000,Cash,Dine In
SUN-6495760,2023-07-20,Nasi Goreng Kampung,Food,FOD-03,4,38000,152000,Digital Wallet,Online Order
SUN-6423976,2023-12-28,Beef Carbonara Pasta,Food,FOD-02,1,52000,52000,Unknown,Dine In
SUN-7280043,2023-04-17,Nasi Goreng Kampung,Food,FOD-03,2,38000,76000,Digital Wallet,Take Away
SUN-7733434,2023-09-29,Cinnamon Roll,Dessert,DST-05,3,28000,84000,Digital Wallet,Unknown
SUN-6985313,2023-02-22,Creamy Maycha Latte,Drinks,DRK-05,1,35000,35000,Digital Wallet,Online Order
SUN-9412650,2023-09-22,Fudgy Brownies,Dessert,DST-02,4,25000,100000,Debit Card,Online Order
SUN-4086487,2023-12-14,Grill Chicken Caesar Salad,Food,FOD-04,1,42000,42000,Debit Card,Take Away
SUN-2858673,2023-01-31,Cinnamon Roll,Dessert,DST-05,4,28000,112000,Unknown,Online Order
SUN-3028658,2023-08-17,Caramel Machiato,Drinks,DRK-04,1,38000,38000,Cash,Take Away
SUN-7433104,2023-10-16,Fudgy Brownies,Dessert,DST-02,4,25000,100000,Cash,Dine In
SUN-3588244,2023-03-18,Choco Lava Cake,Dessert,DST-04,2,35000,70000,Debit Card,Online Order
SUN-1699756,2023-02-22,Club Sandwich,Food,FOD-05,1,45000,45000,Debit Card,Online Order
SUN-2962896,2023-04-23,Creamy Maycha Latte,Drinks,DRK-05,2,35000,70000,Cash,Dine In
SUN-8984167,2023-09-08,New York Cheesecake,Dessert,DST-03,3,42000,126000,Digital Wallet,Take Away
SUN-2966892,2023-07-28,Iced Americano,Drinks,DRK-02,1,28000,28000,Unknown,Dine In
SUN-3043454,2023-11-12,Creamy Maycha Latte,Drinks,DRK-05,3,35000,105000,Debit Card,Take Away
SUN-8012228,2023-06-19,Cafe Latte,Drinks,DRK-03,1,32000,32000,Cash,Dine In
SUN-6960823,2023-10-14,Creamy Maycha Latte,Drinks,DRK-05,2,35000,70000,Debit Card,Dine In
SUN-9455060,2023-01-17,Cinnamon Roll,Dessert,DST-05,4,28000,112000,Debit Card,Online Order
SUN-5535443,2023-07-13,Nasi Goreng Kampung,Food,FOD-03,3,38000,114000,Debit Card,Unknown
SUN-8968152,2023-04-23,Beef Carbonara Pasta,Food,FOD-02,4,52000,208000,Unknown,Online Order
SUN-6280302,2023-07-13,New York Cheesecake,Dessert,DST-03,2,42000,84000,Debit Card,Dine In
SUN-5995710,2023-07-28,Caramel Machiato,Drinks,DRK-04,4,38000,152000,Unknown,Take Away
SUN-9818783,2023-12-27,Caramel Machiato,Drinks,DRK-04,1,38000,38000,Digital Wallet,Unknown
SUN-2110274,2023-10-24,Grill Chicken Caesar Salad,Food,FOD-04,4,42000,168000,Debit Card,Online Order
SUN-6724776,2023-08-26,Club Sandwich,Food,FOD-05,2,45000,90000,Debit Card,Online Order
SUN-2678517,2023-03-12,Iced Americano,Drinks,DRK-02,1,28000,28000,Debit Card,Take Away
SUN-5315688,2023-11-08,Cafe Latte,Drinks,DRK-03,2,32000,64000,Digital Wallet,Dine In
SUN-4560426,2023-03-28,Espreso Single,Drinks,DRK-01,3,22000,66000,Digital Wallet,Dine In
SUN-3824347,2023-05-17,Espreso Single,Drinks,DRK-01,1,22000,22000,Cash,Take Away
SUN-7360278,2023-06-03,Caramel Machiato,Drinks,DRK-04,2,38000,76000,Digital Wallet,Online Order
SUN-9118112,2023-05-21,Beef Carbonara Pasta,Food,FOD-02,3,52000,156000,Digital Wallet,Unknown
SUN-3633998,2023-04-17,Cafe Latte,Drinks,DRK-03,1,32000,32000,Cash,Take Away
SUN-4226851,2023-11-14,Creamy Maycha Latte,Drinks,DRK-05,3,35000,105000,Debit Card,Take Away
SUN-7992909,2023-10-31,Classic Tirmaisu,Dessert,DST-01,1,38000,38000,Digital Wallet,Online Order
SUN-8522123,2023-07-04,Espreso Single,Drinks,DRK-01,1,22000,22000,Unknown,Online Order
SUN-3013767,2023-07-22,Classic Tirmaisu,Dessert,DST-01,1,38000,38000,Digital Wallet,Dine In
SUN-6696769,2023-05-04,Classic Tirmaisu,Dessert,DST-01,3,38000,114000,Cash,Dine In
SUN-5150336,2023-03-21,Grill Chicken Caesar Salad,Food,FOD-04,3,42000,126000,Cash,Dine In
SUN-7476112,2023-04-03,Choco Lava Cake,Dessert,DST-04,3,35000,105000,Digital Wallet,Dine In
SUN-1219609,2023-06-29,Cinnamon Roll,Dessert,DST-05,1,28000,28000,Cash,Take Away
SUN-6280553,2023-02-01,Fudgy Brownies,Dessert,DST-02,1,25000,25000,Debit Card,Online Order
SUN-4706166,2023-07-09,Cinnamon Roll,Dessert,DST-05,3,28000,84000,Debit Card,Online Order
SUN-3779815,2023-09-05,Classic Tirmaisu,Dessert,DST-01,3,38000,114000,Cash,Dine In
SUN-9097454,2023-04-08,Grill Chicken Caesar Salad,Food,FOD-04,4,42000,168000,Digital Wallet,Dine In
SUN-8004756,2023-09-16,Cafe Latte,Drinks,DRK-03,2,32000,64000,Debit Card,Online Order
SUN-5608148,2023-08-07,Caramel Machiato,Drinks,DRK-04,2,38000,76000,Debit Card,Online Order
SUN-1228389,2023-07-14,Cinnamon Roll,Dessert,DST-05,,28000,,Digital Wallet,Online Order
SUN-4724161,2023-10-09,Choco Lava Cake,Dessert,DST-04,3,35000,105000,Digital Wallet,Take Away
SUN-3845039,2023-07-24,Grill Chicken Caesar Salad,Food,FOD-04,2,42000,84000,Debit Card,Dine In
SUN-5842493,2023-03-21,Cafe Latte,Drinks,DRK-03,4,32000,128000,Debit Card,Dine In
SUN-5925143,2023-09-14,Club Sandwich,Food,FOD-05,2,45000,90000,Unknown,Online Order
SUN-3644064,2023-04-20,Cafe Latte,Drinks,DRK-03,2,32000,64000,Digital Wallet,Unknown
SUN-6864178,2023-12-09,Fudgy Brownies,Dessert,DST-02,1,25000,25000,Debit Card,Unknown
SUN-5756913,2023-02-25,Classic Tirmaisu,Dessert,DST-01,4,38000,152000,Digital Wallet,Online Order
SUN-5285352,2023-08-30,Nasi Goreng Kampung,Food,FOD-03,1,38000,38000,Digital Wallet,Unknown
SUN-6215371,2023-04-27,Club Sandwich,Food,FOD-05,3,45000,135000,Digital Wallet,Dine In
SUN-5627596,2023-06-21,Buttermilk Fried Chicken,Food,FOD-01,3,48000,144000,Debit Card,Online Order
SUN-7367603,2023-10-13,Choco Lava Cake,Dessert,DST-04,2,35000,70000,Digital Wallet,Dine In
SUN-2236230,2023-12-03,Fudgy Brownies,Dessert,DST-02,2,25000,50000,Digital Wallet,Unknown
SUN-3641359,2023-09-29,Grill Chicken Caesar Salad,Food,FOD-04,3,42000,126000,Unknown,Take Away
SUN-9468753,2023-10-19,Club Sandwich,Food,FOD-05,4,45000,180000,Cash,Dine In
SUN-1920079,2023-12-04,Buttermilk Fried Chicken,Food,FOD-01,1,48000,48000,Digital Wallet,Take Away
SUN-2479288,2023-09-09,Grill Chicken Caesar Salad,Food,FOD-04,4,42000,168000,Debit Card,Online Order
SUN-6650818,2023-05-22,Buttermilk Fried Chicken,Food,FOD-01,3,48000,144000,Debit Card,Online Order
SUN-5057647,2023-05-22,Creamy Maycha Latte,Drinks,DRK-05,4,35000,140000,Cash,Unknown
SUN-5050819,2023-02-05,Beef Carbonara Pasta,Food,FOD-02,4,52000,208000,Unknown,Take Away
SUN-5329651,2023-07-08,Buttermilk Fried Chicken,Food,FOD-01,3,48000,144000,Digital Wallet,Take Away
SUN-6822834,2023-03-03,Grill Chicken Caesar Salad,Food,FOD-04,3,42000,126000,Digital Wallet,Take Away
SUN-4578613,2023-09-19,Fudgy Brownies,Dessert,DST-02,3,25000,75000,Cash,Unknown
SUN-5326409,2023-07-07,Creamy Maycha Latte,Drinks,DRK-05,2,35000,70000,Cash,Take Away
SUN-3438605,2023-11-05,New York Cheesecake,Dessert,DST-03,1,42000,42000,Unknown,Unknown
SUN-9398195,2023-02-10,Cinnamon Roll,Dessert,DST-05,2,28000,56000,Unknown,Online Order
SUN-5214531,2023-03-05,Buttermilk Fried Chicken,Food,FOD-01,1,48000,48000,Debit Card,Online Order
SUN-5540214,2023-09-14,Iced Americano,Drinks,DRK-02,1,28000,28000,Cash,Take Away
SUN-6263508,2023-07-31,Beef Carbonara Pasta,Food,FOD-02,3,52000,156000,Digital Wallet,Dine In
SUN-3049079,2023-04-21,Caramel Machiato,Drinks,DRK-04,4,38000,152000,Debit Card,Unknown
SUN-8733982,2023-08-08,Espreso Single,Drinks,DRK-01,4,22000,88000,Debit Card,Take Away
SUN-9882568,2023-06-23,Club Sandwich,Food,FOD-05,2,45000,90000,Cash,Take Away
SUN-7816375,2023-10-21,Espreso Single,Drinks,DRK-01,2,22000,44000,Debit Card,Online Order
SUN-8551174,2023-05-31,Iced Americano,Drinks,DRK-02,1,28000,28000,Unknown,Take Away
SUN-1940828,2023-08-28,Cinnamon Roll,Dessert,DST-05,4,28000,112000,Digital Wallet,Dine In
SUN-8903116,2023-05-17,Iced Americano,Drinks,DRK-02,4,28000,112000,Digital Wallet,Take Away
SUN-3484829,2023-10-02,Iced Americano,Drinks,DRK-02,4,28000,112000,Debit Card,Online Order
SUN-3756269,2023-11-03,Buttermilk Fried Chicken,Food,FOD-01,1,48000,48000,Digital Wallet,Unknown
SUN-1448962,2023-04-06,Espreso Single,Drinks,DRK-01,1,22000,22000,Digital Wallet,Take Away
SUN-4136297,2023-01-15,Choco Lava Cake,Dessert,DST-04,,35000,,Digital Wallet,Online Order
SUN-7680953,2023-04-26,Choco Lava Cake,Dessert,DST-04,1,35000,35000,Digital Wallet,Unknown
SUN-3473696,2023-11-17,Iced Americano,Drinks,DRK-02,1,28000,28000,Cash,Take Away
SUN-8575892,2023-03-08,Fudgy Brownies,Dessert,DST-02,3,25000,75000,Digital Wallet,Dine In
SUN-5210944,2023-02-03,Nasi Goreng Kampung,Food,FOD-03,4,38000,152000,Debit Card,Online Order
SUN-9324802,2023-10-09,Cafe Latte,Drinks,DRK-03,2,32000,64000,Debit Card,Take Away
SUN-7789505,2023-02-15,Cinnamon Roll,Dessert,DST-05,4,28000,112000,Debit Card,Online Order
SUN-3610969,2023-03-21,Cinnamon Roll,Dessert,DST-05,4,28000,112000,Debit Card,Online Order
SUN-5585046,2023-03-13,Cinnamon Roll,Dessert,DST-05,4,28000,112000,Digital Wallet,Dine In
SUN-3633098,2023-04-26,Club Sandwich,Food,FOD-05,2,45000,90000,Debit Card,Unknown
SUN-6939531,2023-11-10,Iced Americano,Drinks,DRK-02,3,28000,84000,Digital Wallet,Dine In
SUN-4514820,2023-03-19,Buttermilk Fried Chicken,Food,FOD-01,2,48000,96000,Unknown,Dine In
SUN-4802491,2023-12-24,Caramel Machiato,Drinks,DRK-04,3,38000,114000,Digital Wallet,Dine In
SUN-4156161,2023-12-23,Beef Carbonara Pasta,Food,FOD-02,1,52000,52000,Digital Wallet,Online Order
SUN-1181375,2023-02-28,Grill Chicken Caesar Salad,Food,FOD-04,2,42000,84000,Digital Wallet,Unknown
SUN-3312744,2023-10-17,Club Sandwich,Food,FOD-05,1,45000,45000,Digital Wallet,Unknown
SUN-9256969,2023-07-19,Grill Chicken Caesar Salad,Food,FOD-04,4,42000,168000,Debit Card,Online Order
SUN-9568419,2023-09-16,New York Cheesecake,Dessert,DST-03,2,42000,84000,Digital Wallet,Online Order
SUN-2629237,2023-08-05,New York Cheesecake,Dessert,DST-03,1,42000,42000,Unknown,Online Order
SUN-5548408,2023-10-13,Fudgy Brownies,Dessert,DST-02,4,25000,100000,Unknown,Online Order
SUN-2759884,2023-03-13,Grill Chicken Caesar Salad,Food,FOD-04,2,42000,84000,Debit Card,Unknown
SUN-3011492,2023-10-06,Creamy Maycha Latte,Drinks,DRK-05,4,35000,140000,Digital Wallet,Dine In
SUN-7456248,2023-09-22,New York Cheesecake,Dessert,DST-03,1,42000,42000,Debit Card,Dine In
SUN-6767770,2023-11-07,Grill Chicken Caesar Salad,Food,FOD-04,4,42000,168000,Cash,Dine In
SUN-3483124,2023-06-17,Classic Tirmaisu,Dessert,DST-01,2,38000,76000,Digital Wallet,Take Away
SUN-1414359,2023-03-26,Nasi Goreng Kampung,Food,FOD-03,3,38000,114000,Unknown,Online Order
SUN-8291947,2023-03-30,New York Cheesecake,Dessert,DST-03,4,42000,168000,Digital Wallet,Take Away
SUN-4800138,2023-05-29,Classic Tirmaisu,Dessert,DST-01,1,38000,38000,Cash,Dine In
SUN-7025820,2023-03-30,Club Sandwich,Food,FOD-05,3,45000,135000,Digital Wallet,Dine In
SUN-9759800,2023-04-20,Nasi Goreng Kampung,Food,FOD-03,4,38000,152000,Digital Wallet,Dine In
SUN-5982083,2023-08-17,Nasi Goreng Kampung,Food,FOD-03,4,38000,152000,Digital Wallet,Take Away
SUN-8280407,2023-07-31,Espreso Single,Drinks,DRK-01,4,22000,88000,Digital Wallet,Online Order
SUN-2151899,2023-01-13,Classic Tirmaisu,Dessert,DST-01,4,38000,152000,Debit Card,Online Order
SUN-6025455,2023-12-01,Fudgy Brownies,Dessert,DST-02,1,25000,25000,Debit Card,Take Away
SUN-5446907,2023-10-25,Choco Lava Cake,Dessert,DST-04,4,35000,140000,Unknown,Dine In
SUN-6401625,2023-02-04,Classic Tirmaisu,Dessert,DST-01,1,38000,38000,Debit Card,Online Order
SUN-2526408,2023-10-20,Cafe Latte,Drinks,DRK-03,3,32000,96000,Debit Card,Take Away
SUN-4589809,2023-08-22,Beef Carbonara Pasta,Food,FOD-02,4,52000,208000,Cash,Dine In
SUN-2113634,2023-07-19,Fudgy Brownies,Dessert,DST-02,1,25000,25000,Debit Card,Take Away
SUN-4824320,2023-09-01,Iced Americano,Drinks,DRK-02,4,28000,112000,Cash,Take Away
SUN-8777575,2023-01-10,Club Sandwich,Food,FOD-05,2,45000,90000,Unknown,Take Away
SUN-9056256,2023-06-15,Choco Lava Cake,Dessert,DST-04,2,35000,70000,Digital Wallet,Online Order
SUN-2489973,2023-09-12,Espreso Single,Drinks,DRK-01,4,22000,88000,Cash,Take Away
SUN-3434245,2023-10-22,New York Cheesecake,Dessert,DST-03,1,42000,42000,Digital Wallet,Online Order
SUN-1137972,2023-05-18,Cinnamon Roll,Dessert,DST-05,3,28000,84000,Debit Card,Take Away
SUN-3058916,2023-12-23,Cafe Latte,Drinks,DRK-03,4,32000,128000,Debit Card,Take Away
SUN-2167612,2023-01-25,Fudgy Brownies,Dessert,DST-02,1,25000,25000,Digital Wallet,Dine In
SUN-5980958,2023-07-06,Nasi Goreng Kampung,Food,FOD-03,3,38000,114000,Digital Wallet,Take Away
SUN-2170154,2023-04-24,Nasi Goreng Kampung,Food,FOD-03,2,38000,76000,Cash,Take Away
SUN-3803113,2023-09-02,Cafe Latte,Drinks,DRK-03,1,32000,32000,Digital Wallet,Online Order
SUN-8798542,2023-05-24,Cafe Latte,Drinks,DRK-03,3,32000,96000,Debit Card,Dine In
SUN-9164447,2023-07-06,Choco Lava Cake,Dessert,DST-04,1,35000,35000,Debit Card,Online Order
SUN-4349382,2023-02-14,Buttermilk Fried Chicken,Food,FOD-01,2,48000,96000,Debit Card,Take Away
SUN-1983752,2023-08-05,Nasi Goreng Kampung,Food,FOD-03,1,38000,38000,Debit Card,Take Away
SUN-2331586,2023-12-12,Beef Carbonara Pasta,Food,FOD-02,1,52000,52000,Cash,Unknown
SUN-4488892,2023-10-29,Cafe Latte,Drinks,DRK-03,4,32000,128000,Debit Card,Unknown
SUN-1504107,2023-06-05,Beef Carbonara Pasta,Food,FOD-02,2,52000,104000,Cash,Dine In
SUN-4802973,2023-01-06,Caramel Machiato,Drinks,DRK-04,3,38000,114000,Digital Wallet,Dine In
SUN-4145776,2023-10-23,Classic Tirmaisu,Dessert,DST-01,4,38000,152000,Digital Wallet,Online Order
SUN-6075094,2023-08-30,New York Cheesecake,Dessert,DST-03,1,42000,42000,Digital Wallet,Take Away
SUN-6159736,2023-08-07,Cafe Latte,Drinks,DRK-03,4,32000,128000,Cash,Unknown
SUN-6586888,2023-01-28,Grill Chicken Caesar Salad,Food,FOD-04,1,42000,42000,Digital Wallet,Online Order
SUN-9639512,2023-05-20,Cafe Latte,Drinks,DRK-03,3,32000,96000,Unknown,Dine In
SUN-8685835,2023-03-01,Club Sandwich,Food,FOD-05,2,45000,90000,Debit Card,Take Away
SUN-8420131,2023-07-07,Creamy Maycha Latte,Drinks,DRK-05,4,35000,140000,Digital Wallet,Online Order
SUN-2691817,2023-04-09,Creamy Maycha Latte,Drinks,DRK-05,4,35000,140000,Unknown,Online Order
SUN-7517154,2023-07-04,Creamy Maycha Latte,Drinks,DRK-05,1,35000,35000,Cash,Unknown
SUN-5724600,2023-12-06,Grill Chicken Caesar Salad,Food,FOD-04,4,42000,168000,Digital Wallet,Dine In
SUN-7050434,2023-05-19,New York Cheesecake,Dessert,DST-03,1,42000,42000,Digital Wallet,Online Order
SUN-4150287,2023-05-26,Espreso Single,Drinks,DRK-01,4,22000,88000,Unknown,Unknown
SUN-3487116,2023-02-11,Cinnamon Roll,Dessert,DST-05,3,28000,84000,Digital Wallet,Take Away
SUN-8735508,2023-09-21,Club Sandwich,Food,FOD-05,1,45000,45000,Unknown,Dine In
SUN-7759247,2023-11-02,New York Cheesecake,Dessert,DST-03,1,42000,42000,Unknown,Take Away
SUN-5192059,2023-10-02,Nasi Goreng Kampung,Food,FOD-03,2,38000,76000,Debit Card,Dine In
SUN-4903840,2023-07-03,Beef Carbonara Pasta,Food,FOD-02,2,52000,104000,Debit Card,Dine In
SUN-1141397,2023-05-03,Caramel Machiato,Drinks,DRK-04,1,38000,38000,Debit Card,Take Away
SUN-8471870,2023-07-04,Buttermilk Fried Chicken,Food,FOD-01,4,48000,192000,Digital Wallet,Take Away
SUN-2602218,2023-11-08,Classic Tirmaisu,Dessert,DST-01,1,38000,38000,Digital Wallet,Online Order
SUN-4099311,2023-06-14,Creamy Maycha Latte,Drinks,DRK-05,1,35000,35000,Unknown,Take Away
SUN-1996477,2023-01-21,Cinnamon Roll,Dessert,DST-05,,28000,,Cash,Take Away
SUN-1670357,2023-06-03,New York Cheesecake,Dessert,DST-03,1,42000,42000,Unknown,Take Away
SUN-8251712,2023-11-02,Creamy Maycha Latte,Drinks,DRK-05,3,35000,105000,Digital Wallet,Online Order
SUN-6318942,2023-12-01,Cafe Latte,Drinks,DRK-03,3,32000,96000,Debit Card,Unknown
SUN-1600060,2023-01-19,Espreso Single,Drinks,DRK-01,2,22000,44000,Debit Card,Dine In
SUN-5498051,2023-12-04,New York Cheesecake,Dessert,DST-03,4,42000,168000,Debit Card,Online Order
SUN-6637488,2023-04-16,Iced Americano,Drinks,DRK-02,3,28000,84000,Debit Card,Unknown
SUN-1753525,2023-09-27,Cinnamon Roll,Dessert,DST-05,1,28000,28000,Cash,Dine In
SUN-9272561,2023-07-18,Choco Lava Cake,Dessert,DST-04,3,35000,105000,Debit Card,Dine In
SUN-7099420,2023-01-18,Choco Lava Cake,Dessert,DST-04,1,35000,35000,Unknown,Dine In
SUN-6079148,2023-11-16,Classic Tirmaisu,Dessert,DST-01,4,38000,152000,Digital Wallet,Online Order
SUN-5534391,2023-05-21,Iced Americano,Drinks,DRK-02,2,28000,56000,Cash,Unknown
SUN-9739860,,Caramel Machiato,Drinks,DRK-04,2,38000,76000,Digital Wallet,Dine In
SUN-1576645,2023-09-08,Cinnamon Roll,Dessert,DST-05,1,28000,28000,Debit Card,Take Away
SUN-5014472,2023-11-10,Fudgy Brownies,Dessert,DST-02,2,25000,50000,Debit Card,Unknown
SUN-2392389,2023-07-21,Espreso Single,Drinks,DRK-01,2,22000,44000,Debit Card,Unknown
SUN-2554515,2023-02-20,Grill Chicken Caesar Salad,Food,FOD-04,3,42000,126000,Cash,Take Away
SUN-8804901,2023-10-24,Grill Chicken Caesar Salad,Food,FOD-04,,42000,,Debit Card,Online Order
SUN-7700942,2023-08-16,Cinnamon Roll,Dessert,DST-05,1,28000,28000,Unknown,Unknown
SUN-8585401,2023-04-15,Caramel Machiato,Drinks,DRK-04,3,38000,114000,Unknown,Unknown
SUN-8753144,2023-12-17,Cafe Latte,Drinks,DRK-03,3,32000,96000,Unknown,Dine In
SUN-7515965,2023-11-11,Beef Carbonara Pasta,Food,FOD-02,2,52000,104000,Digital Wallet,Unknown
SUN-8825440,2023-07-15,Creamy Maycha Latte,Drinks,DRK-05,3,35000,105000,Digital Wallet,Unknown
SUN-9425952,2023-04-22,Iced Americano,Drinks,DRK-02,4,28000,112000,Debit Card,Take Away
SUN-8646414,2023-02-23,Club Sandwich,Food,FOD-05,4,45000,180000,Debit Card,Online Order
SUN-4189348,2023-06-18,Nasi Goreng Kampung,Food,FOD-03,1,38000,38000,Digital Wallet,Unknown
SUN-8642862,2023-09-26,Cinnamon Roll,Dessert,DST-05,3,28000,84000,Digital Wallet,Dine In
SUN-4903821,2023-04-04,Cinnamon Roll,Dessert,DST-05,1,28000,28000,Debit Card,Online Order
SUN-9168541,2023-05-27,Buttermilk Fried Chicken,Food,FOD-01,1,48000,48000,Digital Wallet,Take Away
SUN-8347243,2023-09-26,Espreso Single,Drinks,DRK-01,1,22000,22000,Debit Card,Online Order
SUN-7741623,2023-12-10,Choco Lava Cake,Dessert,DST-04,4,35000,140000,Debit Card,Take Away
SUN-4793428,2023-02-26,Classic Tirmaisu,Dessert,DST-01,,38000,,Cash,Take Away
SUN-4883848,2023-11-09,Club Sandwich,Food,FOD-05,1,45000,45000,Unknown,Dine In
SUN-5571668,2023-10-18,Cafe Latte,Drinks,DRK-03,2,32000,64000,Digital Wallet,Online Order
SUN-2919173,2023-09-15,Beef Carbonara Pasta,Food,FOD-02,1,52000,52000,Digital Wallet,Take Away
SUN-8245592,2023-09-10,New York Cheesecake,Dessert,DST-03,1,42000,42000,Unknown,Online Order
SUN-3457607,2023-11-06,Iced Americano,Drinks,DRK-02,3,28000,84000,Debit Card,Dine In
SUN-3660155,2023-03-11,Beef Carbonara Pasta,Food,FOD-02,2,52000,104000,Digital Wallet,Online Order
SUN-7939641,2023-09-02,Choco Lava Cake,Dessert,DST-04,3,35000,105000,Debit Card,Unknown
SUN-1911423,2023-10-05,Fudgy Brownies,Dessert,DST-02,1,25000,25000,Unknown,Take Away
SUN-3733438,2023-08-29,Choco Lava Cake,Dessert,DST-04,2,35000,70000,Digital Wallet,Online Order
SUN-2505990,2023-01-28,Cafe Latte,Drinks,DRK-03,3,32000,96000,Digital Wallet,Take Away
SUN-5819389,2023-03-17,Fudgy Brownies,Dessert,DST-02,1,25000,25000,Debit Card,Dine In
SUN-9219262,2023-06-07,New York Cheesecake,Dessert,DST-03,2,42000,84000,Unknown,Take Away
SUN-3088435,2023-04-23,Club Sandwich,Food,FOD-05,4,45000,180000,Unknown,Take Away
SUN-4430303,2023-10-25,Iced Americano,Drinks,DRK-02,1,28000,28000,Debit Card,Online Order
SUN-4016178,2023-12-27,Caramel Machiato,Drinks,DRK-04,4,38000,152000,Debit Card,Unknown
SUN-9065877,2023-04-05,Club Sandwich,Food,FOD-05,1,45000,45000,Digital Wallet,Dine In
SUN-5926219,2023-02-01,Iced Americano,Drinks,DRK-02,4,28000,112000,Cash,Dine In
SUN-2652129,2023-08-10,Cinnamon Roll,Dessert,DST-05,1,28000,28000,Debit Card,Unknown
SUN-2299992,2023-04-11,Buttermilk Fried Chicken,Food,FOD-01,1,48000,48000,Debit Card,Dine In
SUN-1347046,,Iced Americano,Drinks,DRK-02,3,28000,84000,Digital Wallet,Unknown
SUN-5400421,2023-09-21,Nasi Goreng Kampung,Food,FOD-03,1,38000,38000,Digital Wallet,Unknown
SUN-4852055,2023-01-01,Classic Tirmaisu,Dessert,DST-01,4,38000,152000,Cash,Dine In
SUN-9181458,2023-09-09,Creamy Maycha Latte,Drinks,DRK-05,1,35000,35000,Debit Card,Dine In
SUN-1622109,2023-06-04,Creamy Maycha Latte,Drinks,DRK-05,1,35000,35000,Debit Card,Dine In
SUN-8092744,2023-03-15,Fudgy Brownies,Dessert,DST-02,1,25000,25000,Debit Card,Online Order
SUN-9635168,2023-12-30,Espreso Single,Drinks,DRK-01,2,22000,44000,Digital Wallet,Unknown
SUN-8437417,2023-05-06,Iced Americano,Drinks,DRK-02,3,28000,84000,Digital Wallet,Online Order
SUN-1613558,2023-01-20,Classic Tirmaisu,Dessert,DST-01,2,38000,76000,Digital Wallet,Dine In
SUN-4917589,2023-03-12,Espreso Single,Drinks,DRK-01,4,22000,88000,Cash,Dine In
SUN-4074116,2023-03-04,Buttermilk Fried Chicken,Food,FOD-01,3,48000,144000,Unknown,Online Order
SUN-7009717,2023-06-14,Classic Tirmaisu,Dessert,DST-01,2,38000,76000,Digital Wallet,Online Order
SUN-1147686,2023-01-07,Caramel Machiato,Drinks,DRK-04,2,38000,76000,Cash,Dine In
SUN-2137615,2023-03-14,Club Sandwich,Food,FOD-05,2,45000,90000,Cash,Unknown
SUN-7127693,2023-07-13,Caramel Machiato,Drinks,DRK-04,2,38000,76000,Debit Card,Unknown
SUN-3043107,2023-07-17,Caramel Machiato,Drinks,DRK-04,4,38000,152000,Unknown,Dine In
SUN-7877235,2023-04-08,Espreso Single,Drinks,DRK-01,3,22000,66000,Digital Wallet,Online Order
SUN-3624268,2023-05-09,Cafe Latte,Drinks,DRK-03,4,32000,128000,Digital Wallet,Dine In
SUN-6445099,2023-01-18,Fudgy Brownies,Dessert,DST-02,4,25000,100000,Digital Wallet,Dine In
SUN-3855019,2023-09-11,Choco Lava Cake,Dessert,DST-04,1,35000,35000,Digital Wallet,Take Away
SUN-7186091,2023-02-04,Espreso Single,Drinks,DRK-01,4,22000,88000,Digital Wallet,Dine In
SUN-6782848,2023-05-14,Iced Americano,Drinks,DRK-02,3,28000,84000,Debit Card,Online Order
SUN-1249279,2023-01-29,Cafe Latte,Drinks,DRK-03,3,32000,96000,Digital Wallet,Online Order
SUN-6951005,2023-05-01,Club Sandwich,Food,FOD-05,1,45000,45000,Digital Wallet,Take Away
SUN-2026028,2023-09-03,Fudgy Brownies,Dessert,DST-02,4,25000,100000,Debit Card,Take Away
SUN-2706302,2023-08-02,Creamy Maycha Latte,Drinks,DRK-05,2,35000,70000,Unknown,Dine In
SUN-7187873,2023-02-15,Grill Chicken Caesar Salad,Food,FOD-04,2,42000,84000,Digital Wallet,Dine In
SUN-8689954,2023-12-18,New York Cheesecake,Dessert,DST-03,3,42000,126000,Cash,Take Away
SUN-2675924,2023-12-16,Cafe Latte,Drinks,DRK-03,1,32000,32000,Unknown,Unknown
SUN-6066361,2023-12-13,Iced Americano,Drinks,DRK-02,1,28000,28000,Digital Wallet,Dine In
SUN-3409799,2023-07-03,Espreso Single,Drinks,DRK-01,4,22000,88000,Digital Wallet,Online Order
SUN-1064569,2023-09-16,Creamy Maycha Latte,Drinks,DRK-05,3,35000,105000,Debit Card,Dine In
SUN-6804074,2023-04-22,Beef Carbonara Pasta,Food,FOD-02,3,52000,156000,Debit Card,Online Order
SUN-7752381,2023-06-09,Creamy Maycha Latte,Drinks,DRK-05,2,35000,70000,Digital Wallet,Online Order
SUN-7793722,2023-11-27,Beef Carbonara Pasta,Food,FOD-02,2,52000,104000,Digital Wallet,Dine In
SUN-1157769,2023-03-13,New York Cheesecake,Dessert,DST-03,1,42000,42000,Debit Card,Online Order
SUN-7486109,2023-10-13,Nasi Goreng Kampung,Food,FOD-03,2,38000,76000,Digital Wallet,Unknown
SUN-8833719,2023-02-28,Nasi Goreng Kampung,Food,FOD-03,2,38000,76000,Digital Wallet,Unknown
SUN-2437018,2023-05-07,Fudgy Brownies,Dessert,DST-02,3,25000,75000,Debit Card,Dine In
SUN-8544200,2023-03-27,Nasi Goreng Kampung,Food,FOD-03,3,38000,114000,Digital Wallet,Unknown
SUN-9839925,2023-08-02,Creamy Maycha Latte,Drinks,DRK-05,1,35000,35000,Unknown,Take Away
SUN-5303719,2023-12-29,Buttermilk Fried Chicken,Food,FOD-01,4,48000,192000,Cash,Take Away
SUN-2353786,2023-08-18,Iced Americano,Drinks,DRK-02,1,28000,28000,Digital Wallet,Dine In
SUN-4769775,2023-06-07,Beef Carbonara Pasta,Food,FOD-02,2,52000,104000,Debit Card,Unknown
SUN-3165292,2023-12-08,Beef Carbonara Pasta,Food,FOD-02,3,52000,156000,Digital Wallet,Take Away
SUN-3224163,2023-04-21,Creamy Maycha Latte,Drinks,DRK-05,3,35000,105000,Cash,Unknown
SUN-2499750,2023-12-18,Club Sandwich,Food,FOD-05,2,45000,90000,Unknown,Dine In
SUN-1314282,2023-02-26,Choco Lava Cake,Dessert,DST-04,1,35000,35000,Unknown,Unknown
SUN-8536623,2023-09-25,Espreso Single,Drinks,DRK-01,3,22000,66000,Cash,Dine In
SUN-9078629,2023-06-23,Iced Americano,Drinks,DRK-02,3,28000,84000,Digital Wallet,Unknown
SUN-3534221,2023-02-27,New York Cheesecake,Dessert,DST-03,1,42000,42000,Debit Card,Take Away
SUN-3063607,2023-09-11,Creamy Maycha Latte,Drinks,DRK-05,1,35000,35000,Unknown,Take Away
SUN-1781360,2023-08-06,Beef Carbonara Pasta,Food,FOD-02,4,52000,208000,Cash,Take Away
SUN-2517297,2023-06-04,Beef Carbonara Pasta,Food,FOD-02,1,52000,52000,Debit Card,Dine In
SUN-8384229,2023-01-30,Nasi Goreng Kampung,Food,FOD-03,1,38000,38000,Debit Card,Dine In
SUN-1916637,2023-05-05,New York Cheesecake,Dessert,DST-03,1,42000,42000,Cash,Take Away
SUN-4860252,2023-06-07,Buttermilk Fried Chicken,Food,FOD-01,1,48000,48000,Cash,Unknown
SUN-5841605,2023-05-20,Cinnamon Roll,Dessert,DST-05,2,28000,56000,Cash,Take Away
SUN-7748363,2023-10-04,Espreso Single,Drinks,DRK-01,2,22000,44000,Digital Wallet,Dine In
SUN-9185176,2023-07-16,Nasi Goreng Kampung,Food,FOD-03,3,38000,114000,Debit Card,Take Away
SUN-4034453,2023-10-27,Cinnamon Roll,Dessert,DST-05,2,28000,56000,Unknown,Dine In
SUN-3572334,2023-04-18,New York Cheesecake,Dessert,DST-03,2,42000,84000,Cash,Take Away
SUN-3325825,2023-05-12,Espreso Single,Drinks,DRK-01,3,22000,66000,Digital Wallet,Online Order
SUN-6256600,2023-04-24,Classic Tirmaisu,Dessert,DST-01,1,38000,38000,Digital Wallet,Online Order
SUN-5575947,2023-04-14,Grill Chicken Caesar Salad,Food,FOD-04,3,42000,126000,Cash,Unknown
SUN-9013922,2023-08-11,Espreso Single,Drinks,DRK-01,,22000,,Debit Card,Dine In
SUN-3633913,2023-09-22,Buttermilk Fried Chicken,Food,FOD-01,4,48000,192000,Digital Wallet,Dine In
SUN-5293190,2023-07-05,Grill Chicken Caesar Salad,Food,FOD-04,1,42000,42000,Unknown,Online Order
SUN-2422167,2023-11-29,Classic Tirmaisu,Dessert,DST-01,4,38000,152000,Digital Wallet,Take Away
SUN-1128701,2023-08-14,Iced Americano,Drinks,DRK-02,1,28000,28000,Cash,Dine In
SUN-1285284,2023-10-30,Buttermilk Fried Chicken,Food,FOD-01,2,48000,96000,Unknown,Take Away
SUN-6023174,2023-10-26,New York Cheesecake,Dessert,DST-03,4,42000,168000,Cash,Dine In
SUN-2605848,2023-09-08,New York Cheesecake,Dessert,DST-03,2,42000,84000,Debit Card,Online Order
SUN-4656381,2023-10-18,Beef Carbonara Pasta,Food,FOD-02,1,52000,52000,Debit Card,Online Order
SUN-8922353,2023-05-14,New York Cheesecake,Dessert,DST-03,1,42000,42000,Unknown,Dine In
SUN-6397353,2023-10-04,Buttermilk Fried Chicken,Food,FOD-01,3,48000,144000,Digital Wallet,Unknown
SUN-9806731,2023-04-27,Beef Carbonara Pasta,Food,FOD-02,3,52000,156000,Digital Wallet,Online Order
SUN-3304966,2023-03-17,Classic Tirmaisu,Dessert,DST-01,3,38000,114000,Digital Wallet,Take Away
SUN-7470368,2023-10-01,New York Cheesecake,Dessert,DST-03,3,42000,126000,Debit Card,Take Away
SUN-3330539,2023-04-17,Choco Lava Cake,Dessert,DST-04,2,35000,70000,Debit Card,Dine In
SUN-1574346,2023-08-29,Espreso Single,Drinks,DRK-01,2,22000,44000,Unknown,Dine In
SUN-2453953,2023-02-28,Iced Americano,Drinks,DRK-02,4,28000,112000,Debit Card,Online Order
SUN-1603710,2023-01-06,Caramel Machiato,Drinks,DRK-04,2,38000,76000,Debit Card,Take Away
SUN-3937248,2023-11-28,Iced Americano,Drinks,DRK-02,4,28000,112000,Unknown,Unknown
SUN-5824120,2023-07-05,Creamy Maycha Latte,Drinks,DRK-05,2,35000,70000,Unknown,Online Order
SUN-6620457,2023-07-24,Classic Tirmaisu,Dessert,DST-01,3,38000,114000,Debit Card,Dine In
SUN-4302958,2023-12-23,Club Sandwich,Food,FOD-05,3,45000,135000,Debit Card,Take Away
SUN-6677841,2023-02-04,Cafe Latte,Drinks,DRK-03,3,32000,96000,Digital Wallet,Take Away
SUN-7479104,2023-04-18,Grill Chicken Caesar Salad,Food,FOD-04,4,42000,168000,Cash,Dine In
SUN-8267375,2023-08-13,Buttermilk Fried Chicken,Food,FOD-01,4,48000,192000,Cash,Dine In
SUN-3540786,2023-12-18,Grill Chicken Caesar Salad,Food,FOD-04,3,42000,126000,Debit Card,Take Away
SUN-9737444,2023-07-08,Cinnamon Roll,Dessert,DST-05,,28000,,Digital Wallet,Unknown
SUN-9158965,2023-10-23,Espreso Single,Drinks,DRK-01,3,22000,66000,Cash,Unknown
SUN-8322503,2023-07-27,Cafe Latte,Drinks,DRK-03,4,32000,128000,Digital Wallet,Unknown
SUN-9877919,2023-07-21,Buttermilk Fried Chicken,Food,FOD-01,2,48000,96000,Unknown,Unknown
SUN-1779096,2023-01-03,Cafe Latte,Drinks,DRK-03,2,32000,64000,Unknown,Take Away
SUN-2189647,2023-02-28,Cinnamon Roll,Dessert,DST-05,3,28000,84000,Digital Wallet,Online Order
SUN-9587395,,Iced Americano,Drinks,DRK-02,1,28000,28000,Debit Card,Online Order
SUN-4673277,2023-06-28,Caramel Machiato,Drinks,DRK-04,4,38000,152000,Unknown,Unknown
SUN-9656719,2023-08-31,Nasi Goreng Kampung,Food,FOD-03,2,38000,76000,Unknown,Online Order
SUN-3492738,2023-12-14,Creamy Maycha Latte,Drinks,DRK-05,2,35000,70000,Digital Wallet,Take Away
SUN-8801480,2023-11-02,New York Cheesecake,Dessert,DST-03,2,42000,84000,Debit Card,Take Away
SUN-5358648,2023-01-01,Grill Chicken Caesar Salad,Food,FOD-04,1,42000,42000,Cash,Dine In
SUN-9518203,2023-06-04,Beef Carbonara Pasta,Food,FOD-02,4,52000,208000,Cash,Unknown
SUN-6165156,2023-05-09,Buttermilk Fried Chicken,Food,FOD-01,4,48000,192000,Unknown,Online Order
SUN-6831000,2023-12-23,Choco Lava Cake,Dessert,DST-04,4,35000,140000,Debit Card,Take Away
SUN-9633487,2023-05-07,Espreso Single,Drinks,DRK-01,3,22000,66000,Debit Card,Take Away
SUN-8363986,2023-07-08,Club Sandwich,Food,FOD-05,3,45000,135000,Digital Wallet,Online Order
SUN-5461946,2023-10-22,Buttermilk Fried Chicken,Food,FOD-01,2,48000,96000,Cash,Unknown
SUN-8210105,2023-05-04,Cinnamon Roll,Dessert,DST-05,3,28000,84000,Digital Wallet,Dine In
SUN-9607673,2023-01-18,Club Sandwich,Food,FOD-05,1,45000,45000,Unknown,Take Away
SUN-2969056,2023-07-13,Cafe Latte,Drinks,DRK-03,3,32000,96000,Debit Card,Take Away
SUN-9188882,2023-04-01,Beef Carbonara Pasta,Food,FOD-02,2,52000,104000,Cash,Take Away
SUN-6331089,2023-05-11,Fudgy Brownies,Dessert,DST-02,2,25000,50000,Debit Card,Take Away
SUN-5165427,2023-11-28,Creamy Maycha Latte,Drinks,DRK-05,4,35000,140000,Digital Wallet,Dine In
SUN-4266990,2023-07-13,Espreso Single,Drinks,DRK-01,4,22000,88000,Digital Wallet,Unknown
SUN-8703576,2023-10-06,Nasi Goreng Kampung,Food,FOD-03,3,38000,114000,Unknown,Take Away
SUN-9418079,2023-07-27,Club Sandwich,Food,FOD-05,4,45000,180000,Cash,Unknown
SUN-1090960,2023-04-13,New York Cheesecake,Dessert,DST-03,3,42000,126000,Unknown,Unknown
SUN-8159837,2023-05-09,Buttermilk Fried Chicken,Food,FOD-01,1,48000,48000,Debit Card,Take Away
SUN-2570027,2023-10-12,Classic Tirmaisu,Dessert,DST-01,1,38000,38000,Debit Card,Dine In
SUN-6021143,2023-09-09,Beef Carbonara Pasta,Food,FOD-02,2,52000,104000,Debit Card,Dine In
SUN-5270122,2023-12-03,Cafe Latte,Drinks,DRK-03,4,32000,128000,Debit Card,Online Order
SUN-1573232,2023-10-25,Nasi Goreng Kampung,Food,FOD-03,4,38000,152000,Digital Wallet,Take Away
SUN-9143650,2023-12-22,Cinnamon Roll,Dessert,DST-05,2,28000,56000,Debit Card,Take Away
SUN-4515727,2023-12-31,Caramel Machiato,Drinks,DRK-04,4,38000,152000,Cash,Unknown
SUN-3794564,2023-12-24,Classic Tirmaisu,Dessert,DST-01,2,38000,76000,Cash,Unknown
SUN-8729394,2023-08-15,Choco Lava Cake,Dessert,DST-04,2,35000,70000,Debit Card,Dine In
SUN-9957476,2023-07-16,Fudgy Brownies,Dessert,DST-02,3,25000,75000,Digital Wallet,Online Order
SUN-5722837,2023-06-08,Buttermilk Fried Chicken,Food,FOD-01,3,48000,144000,Digital Wallet,Unknown
SUN-6300675,2023-02-10,Cinnamon Roll,Dessert,DST-05,3,28000,84000,Cash,Take Away
SUN-6378233,2023-10-06,Beef Carbonara Pasta,Food,FOD-02,3,52000,156000,Debit Card,Online Order
SUN-8934161,2023-07-10,Cafe Latte,Drinks,DRK-03,1,32000,32000,Unknown,Dine In
SUN-6845119,2023-05-14,Beef Carbonara Pasta,Food,FOD-02,3,52000,156000,Digital Wallet,Take Away
SUN-4376699,2023-03-01,Nasi Goreng Kampung,Food,FOD-03,4,38000,152000,Digital Wallet,Dine In
SUN-6034505,2023-12-11,Iced Americano,Drinks,DRK-02,1,28000,28000,Unknown,Take Away
SUN-6775736,2023-07-17,Choco Lava Cake,Dessert,DST-04,2,35000,70000,Cash,Take Away
SUN-5523430,2023-07-12,Club Sandwich,Food,FOD-05,1,45000,45000,Digital Wallet,Take Away
SUN-7421315,2023-01-29,Choco Lava Cake,Dessert,DST-04,1,35000,35000,Unknown,Dine In
SUN-6882146,2023-02-11,Cafe Latte,Drinks,DRK-03,1,32000,32000,Cash,Dine In
SUN-8869816,2023-09-14,Buttermilk Fried Chicken,Food,FOD-01,2,48000,96000,Digital Wallet,Take Away
SUN-2108799,2023-09-25,Creamy Maycha Latte,Drinks,DRK-05,2,35000,70000,Digital Wallet,Online Order
SUN-8319010,2023-01-23,Caramel Machiato,Drinks,DRK-04,4,38000,152000,Debit Card,Online Order
SUN-2481725,2023-07-22,Nasi Goreng Kampung,Food,FOD-03,2,38000,76000,Digital Wallet,Online Order
SUN-4392117,2023-04-13,Beef Carbonara Pasta,Food,FOD-02,2,52000,104000,Debit Card,Take Away
SUN-8204776,2023-10-30,Cafe Latte,Drinks,DRK-03,2,32000,64000,Cash,Take Away
SUN-6224497,2023-11-09,Classic Tirmaisu,Dessert,DST-01,3,38000,114000,Unknown,Dine In
SUN-9775031,2023-03-12,Unknown,Unknown,Unknown,1,38000,38000,Cash,Dine In
SUN-2082057,2023-02-08,Caramel Machiato,Drinks,DRK-04,3,38000,114000,Debit Card,Dine In
SUN-3585013,2023-02-20,Fudgy Brownies,Dessert,DST-02,3,25000,75000,Debit Card,Take Away
SUN-3065778,2023-03-17,Nasi Goreng Kampung,Food,FOD-03,4,38000,152000,Debit Card,Online Order
SUN-3467448,2023-11-22,Nasi Goreng Kampung,Food,FOD-03,1,38000,38000,Debit Card,Online Order
SUN-8209665,2023-05-14,Club Sandwich,Food,FOD-05,3,45000,135000,Debit Card,Take Away
SUN-9286078,2023-03-22,Caramel Machiato,Drinks,DRK-04,3,38000,114000,Cash,Dine In
SUN-7128278,2023-05-07,Club Sandwich,Food,FOD-05,4,45000,180000,Debit Card,Online Order
SUN-1502973,2023-07-26,Cinnamon Roll,Dessert,DST-05,4,28000,112000,Debit Card,Take Away
SUN-9500029,2023-10-24,New York Cheesecake,Dessert,DST-03,2,42000,84000,Digital Wallet,Online Order
SUN-8286169,2023-04-24,Buttermilk Fried Chicken,Food,FOD-01,2,48000,96000,Unknown,Take Away
SUN-9291733,2023-01-29,Cinnamon Roll,Dessert,DST-05,4,28000,112000,Debit Card,Unknown
SUN-9955413,2023-11-17,Iced Americano,Drinks,DRK-02,3,28000,84000,Debit Card,Take Away
SUN-4921870,2023-06-04,Creamy Maycha Latte,Drinks,DRK-05,4,35000,140000,Unknown,Dine In
SUN-3504449,2023-11-17,Grill Chicken Caesar Salad,Food,FOD-04,2,42000,84000,Unknown,Dine In
SUN-9890030,2023-10-24,Nasi Goreng Kampung,Food,FOD-03,3,38000,114000,Digital Wallet,Unknown
SUN-7782157,2023-03-04,Creamy Maycha Latte,Drinks,DRK-05,1,35000,35000,Debit Card,Take Away
SUN-5527131,2023-10-15,Classic Tirmaisu,Dessert,DST-01,4,38000,152000,Debit Card,Take Away
SUN-3582420,2023-01-24,Creamy Maycha Latte,Drinks,DRK-05,2,35000,70000,Digital Wallet,Unknown
SUN-4194165,2023-11-30,Creamy Maycha Latte,Drinks,DRK-05,2,35000,70000,Unknown,Take Away
SUN-1948941,2023-05-10,Grill Chicken Caesar Salad,Food,FOD-04,1,42000,42000,Digital Wallet,Online Order
SUN-5045037,2023-01-10,Beef Carbonara Pasta,Food,FOD-02,3,52000,156000,Digital Wallet,Online Order
SUN-4817031,2023-02-27,Espreso Single,Drinks,DRK-01,4,22000,88000,Debit Card,Online Order
SUN-6071028,2023-12-29,Creamy Maycha Latte,Drinks,DRK-05,4,35000,140000,Digital Wallet,Take Away
SUN-9550582,2023-06-14,Buttermilk Fried Chicken,Food,FOD-01,3,48000,144000,Cash,Dine In
SUN-4130925,2023-05-28,Classic Tirmaisu,Dessert,DST-01,2,38000,76000,Unknown,Unknown
SUN-8123116,2023-05-23,Classic Tirmaisu,Dessert,DST-01,3,38000,114000,Digital Wallet,Online Order
SUN-3638135,2023-11-27,Cafe Latte,Drinks,DRK-03,4,32000,128000,Unknown,Unknown
SUN-9264595,2023-01-11,Iced Americano,Drinks,DRK-02,1,28000,28000,Debit Card,Online Order
SUN-6960998,2023-12-28,Cafe Latte,Drinks,DRK-03,4,32000,128000,Digital Wallet,Online Order
SUN-4831943,2023-04-29,Grill Chicken Caesar Salad,Food,FOD-04,3,42000,126000,Unknown,Take Away
SUN-6818224,2023-06-09,New York Cheesecake,Dessert,DST-03,4,42000,168000,Debit Card,Dine In
SUN-9903192,2023-11-01,Nasi Goreng Kampung,Food,FOD-03,4,38000,152000,Debit Card,Dine In
SUN-9787379,2023-07-07,Fudgy Brownies,Dessert,DST-02,3,25000,75000,Cash,Dine In
SUN-1173286,2023-07-21,Fudgy Brownies,Dessert,DST-02,2,25000,50000,Digital Wallet,Dine In
SUN-9290900,2023-06-20,Choco Lava Cake,Dessert,DST-04,2,35000,70000,Unknown,Take Away
SUN-8228376,2023-12-29,Iced Americano,Drinks,DRK-02,2,28000,56000,Unknown,Take Away
SUN-4139849,2023-12-31,Fudgy Brownies,Dessert,DST-02,3,25000,75000,Cash,Take Away
SUN-8758180,2023-08-03,Cafe Latte,Drinks,DRK-03,3,32000,96000,Cash,Take Away
SUN-9511390,2023-07-02,Fudgy Brownies,Dessert,DST-02,4,25000,100000,Debit Card,Take Away
SUN-3377708,2023-12-08,Creamy Maycha Latte,Drinks,DRK-05,4,35000,140000,Unknown,Take Away
SUN-5314809,2023-09-02,Creamy Maycha Latte,Drinks,DRK-05,4,35000,140000,Cash,Take Away
SUN-2833856,2023-03-09,Creamy Maycha Latte,Drinks,DRK-05,4,35000,140000,Cash,Unknown
SUN-4228453,2023-06-06,Beef Carbonara Pasta,Food,FOD-02,3,52000,156000,Digital Wallet,Dine In
SUN-5967753,2023-05-01,Cafe Latte,Drinks,DRK-03,1,32000,32000,Digital Wallet,Online Order
SUN-4305599,2023-09-21,Iced Americano,Drinks,DRK-02,1,28000,28000,Unknown,Dine In
SUN-5959368,2023-07-26,Fudgy Brownies,Dessert,DST-02,4,25000,100000,Debit Card,Take Away
SUN-3128570,2023-09-13,Buttermilk Fried Chicken,Food,FOD-01,4,48000,192000,Digital Wallet,Take Away
SUN-8802528,2023-02-24,Grill Chicken Caesar Salad,Food,FOD-04,,42000,,Cash,Take Away
SUN-9255586,2023-09-23,Fudgy Brownies,Dessert,DST-02,3,25000,75000,Cash,Unknown
SUN-3128962,2023-06-22,Fudgy Brownies,Dessert,DST-02,4,25000,100000,Unknown,Take Away
SUN-2736476,2023-07-29,Caramel Machiato,Drinks,DRK-04,1,38000,38000,Digital Wallet,Take Away
SUN-5420565,2023-10-24,Creamy Maycha Latte,Drinks,DRK-05,4,35000,140000,Cash,Dine In
SUN-3254210,2023-06-20,Iced Americano,Drinks,DRK-02,2,28000,56000,Digital Wallet,Dine In
SUN-1316392,,Iced Americano,Drinks,DRK-02,1,28000,28000,Debit Card,Take Away
SUN-1277562,2023-04-26,Classic Tirmaisu,Dessert,DST-01,2,38000,76000,Digital Wallet,Take Away
SUN-1042753,2023-03-15,New York Cheesecake,Dessert,DST-03,3,42000,126000,Unknown,Dine In
SUN-7320340,2023-07-18,Buttermilk Fried Chicken,Food,FOD-01,3,48000,144000,Unknown,Take Away
SUN-6351452,2023-12-20,Beef Carbonara Pasta,Food,FOD-02,4,52000,208000,Digital Wallet,Take Away
SUN-3701071,2023-07-19,Club Sandwich,Food,FOD-05,1,45000,45000,Debit Card,Dine In
SUN-4545022,2023-03-27,Nasi Goreng Kampung,Food,FOD-03,2,38000,76000,Digital Wallet,Online Order
SUN-3512323,2023-08-11,Beef Carbonara Pasta,Food,FOD-02,1,52000,52000,Unknown,Online Order
SUN-6139420,2023-06-14,Cinnamon Roll,Dessert,DST-05,4,28000,112000,Digital Wallet,Online Order
SUN-3464393,2023-01-21,Fudgy Brownies,Dessert,DST-02,1,25000,25000,Debit Card,Online Order
SUN-9473220,2023-01-06,Cinnamon Roll,Dessert,DST-05,4,28000,112000,Debit Card,Dine In
SUN-3909411,2023-02-06,Club Sandwich,Food,FOD-05,4,45000,180000,Digital Wallet,Take Away
SUN-8843303,2023-05-05,Club Sandwich,Food,FOD-05,1,45000,45000,Digital Wallet,Online Order
SUN-5416293,2023-09-27,Creamy Maycha Latte,Drinks,DRK-05,2,35000,70000,Debit Card,Dine In
SUN-1201419,2023-08-21,Cinnamon Roll,Dessert,DST-05,3,28000,84000,Unknown,Dine In
SUN-3071534,2023-09-29,Cafe Latte,Drinks,DRK-03,2,32000,64000,Cash,Dine In
SUN-2492543,2023-05-14,Buttermilk Fried Chicken,Food,FOD-01,2,48000,96000,Debit Card,Dine In
SUN-1292554,2023-02-16,Choco Lava Cake,Dessert,DST-04,3,35000,105000,Debit Card,Dine In
SUN-9159439,2023-06-30,Iced Americano,Drinks,DRK-02,4,28000,112000,Cash,Take Away
SUN-5785304,2023-10-07,Fudgy Brownies,Dessert,DST-02,3,25000,75000,Digital Wallet,Take Away
SUN-1470922,2023-11-27,Cinnamon Roll,Dessert,DST-05,4,28000,112000,Debit Card,Take Away
SUN-1435683,2023-12-13,Nasi Goreng Kampung,Food,FOD-03,3,38000,114000,Debit Card,Take Away
SUN-1526954,2023-04-17,Fudgy Brownies,Dessert,DST-02,3,25000,75000,Cash,Dine In
SUN-4136387,2023-12-13,Beef Carbonara Pasta,Food,FOD-02,3,52000,156000,Unknown,Unknown
SUN-3963005,2023-07-13,Fudgy Brownies,Dessert,DST-02,3,25000,75000,Debit Card,Unknown
SUN-2024808,2023-07-24,Classic Tirmaisu,Dessert,DST-01,2,38000,76000,Unknown,Unknown
SUN-6597390,2023-10-01,Club Sandwich,Food,FOD-05,3,45000,135000,Debit Card,Take Away
SUN-5257772,2023-02-22,Cinnamon Roll,Dessert,DST-05,3,28000,84000,Digital Wallet,Dine In
SUN-1725758,2023-06-04,Grill Chicken Caesar Salad,Food,FOD-04,1,42000,42000,Cash,Dine In
SUN-7219973,2023-10-12,Cinnamon Roll,Dessert,DST-05,2,28000,56000,Digital Wallet,Dine In
SUN-9400864,2023-09-17,Beef Carbonara Pasta,Food,FOD-02,1,52000,52000,Unknown,Dine In
SUN-5072129,2023-07-08,Buttermilk Fried Chicken,Food,FOD-01,4,48000,192000,Unknown,Online Order
SUN-9491128,2023-09-27,Beef Carbonara Pasta,Food,FOD-02,4,52000,208000,Digital Wallet,Online Order
SUN-4968988,2023-11-27,Nasi Goreng Kampung,Food,FOD-03,2,38000,76000,Digital Wallet,Online Order
SUN-4779954,2023-11-03,Creamy Maycha Latte,Drinks,DRK-05,3,35000,105000,Debit Card,Online Order
SUN-6878027,2023-07-16,Nasi Goreng Kampung,Food,FOD-03,3,38000,114000,Digital Wallet,Take Away
SUN-4357036,2023-12-21,Choco Lava Cake,Dessert,DST-04,1,35000,35000,Digital Wallet,Take Away
SUN-9120722,2023-03-19,Cafe Latte,Drinks,DRK-03,1,32000,32000,Digital Wallet,Dine In
SUN-9158209,2023-08-25,Espreso Single,Drinks,DRK-01,4,22000,88000,Debit Card,Take Away
SUN-8309529,2023-02-12,Cafe Latte,Drinks,DRK-03,1,32000,32000,Debit Card,Online Order
SUN-7001700,2023-10-30,Cafe Latte,Drinks,DRK-03,3,32000,96000,Debit Card,Unknown
SUN-6529959,2023-01-09,Creamy Maycha Latte,Drinks,DRK-05,3,35000,105000,Cash,Take Away
SUN-8605931,2023-02-04,Beef Carbonara Pasta,Food,FOD-02,2,52000,104000,Debit Card,Online Order
SUN-7499662,2023-11-22,Iced Americano,Drinks,DRK-02,1,28000,28000,Digital Wallet,Take Away
SUN-4551037,2023-01-27,Nasi Goreng Kampung,Food,FOD-03,3,38000,114000,Unknown,Online Order
SUN-4624934,2023-12-03,Caramel Machiato,Drinks,DRK-04,4,38000,152000,Digital Wallet,Online Order
SUN-5488929,2023-05-07,Beef Carbonara Pasta,Food,FOD-02,2,52000,104000,Unknown,Unknown
SUN-3216078,2023-02-04,Cafe Latte,Drinks,DRK-03,1,32000,32000,Debit Card,Online Order
SUN-1467401,2023-05-17,Beef Carbonara Pasta,Food,FOD-02,1,52000,52000,Cash,Unknown
SUN-6231722,2023-09-06,Fudgy Brownies,Dessert,DST-02,3,25000,75000,Digital Wallet,Unknown
SUN-5552843,2023-12-22,Caramel Machiato,Drinks,DRK-04,4,38000,152000,Cash,Take Away
SUN-5245229,2023-04-18,Espreso Single,Drinks,DRK-01,2,22000,44000,Digital Wallet,Online Order
SUN-4509612,2023-08-28,Creamy Maycha Latte,Drinks,DRK-05,,35000,,Debit Card,Unknown
SUN-2225806,2023-11-15,Choco Lava Cake,Dessert,DST-04,1,35000,35000,Cash,Take Away
SUN-4761987,2023-06-13,Creamy Maycha Latte,Drinks,DRK-05,4,35000,140000,Unknown,Dine In
SUN-7094371,2023-12-19,Espreso Single,Drinks,DRK-01,4,22000,88000,Cash,Unknown
SUN-4396630,2023-03-27,New York Cheesecake,Dessert,DST-03,4,42000,168000,Cash,Unknown
SUN-2470997,2023-06-14,Cinnamon Roll,Dessert,DST-05,3,28000,84000,Debit Card,Take Away
SUN-8163001,2023-04-06,Cafe Latte,Drinks,DRK-03,1,32000,32000,Unknown,Online Order
SUN-3162744,2023-05-21,Cafe Latte,Drinks,DRK-03,1,32000,32000,Digital Wallet,Unknown
SUN-2711204,2023-08-14,Espreso Single,Drinks,DRK-01,3,22000,66000,Unknown,Unknown
SUN-6615493,2023-11-25,Fudgy Brownies,Dessert,DST-02,2,25000,50000,Digital Wallet,Take Away
SUN-5878736,2023-11-16,Iced Americano,Drinks,DRK-02,1,28000,28000,Digital Wallet,Dine In
SUN-5161488,2023-04-13,Choco Lava Cake,Dessert,DST-04,3,35000,105000,Digital Wallet,Dine In
SUN-6881466,,Choco Lava Cake,Dessert,DST-04,2,35000,70000,Debit Card,Online Order
SUN-7573106,2023-11-22,Choco Lava Cake,Dessert,DST-04,3,35000,105000,Debit Card,Take Away
SUN-5844702,2023-12-16,Nasi Goreng Kampung,Food,FOD-03,1,38000,38000,Unknown,Online Order
SUN-1297236,2023-12-15,Creamy Maycha Latte,Drinks,DRK-05,3,35000,105000,Debit Card,Online Order
SUN-3168149,2023-03-25,Fudgy Brownies,Dessert,DST-02,1,25000,25000,Digital Wallet,Online Order
SUN-6923514,2023-03-22,Iced Americano,Drinks,DRK-02,1,28000,28000,Digital Wallet,Online Order
SUN-6878718,2023-09-25,Buttermilk Fried Chicken,Food,FOD-01,4,48000,192000,Digital Wallet,Online Order
SUN-5871120,2023-05-25,Grill Chicken Caesar Salad,Food,FOD-04,1,42000,42000,Cash,Dine In
SUN-8345619,2023-06-06,Buttermilk Fried Chicken,Food,FOD-01,1,48000,48000,Cash,Dine In
SUN-6009356,2023-10-05,Iced Americano,Drinks,DRK-02,4,28000,112000,Digital Wallet,Online Order
SUN-4975397,2023-07-13,Espreso Single,Drinks,DRK-01,3,22000,66000,Digital Wallet,Online Order
SUN-5031393,2023-03-30,Grill Chicken Caesar Salad,Food,FOD-04,2,42000,84000,Debit Card,Take Away
SUN-4610693,2023-12-27,Classic Tirmaisu,Dessert,DST-01,2,38000,76000,Debit Card,Take Away
SUN-4527020,2023-09-10,Fudgy Brownies,Dessert,DST-02,2,25000,50000,Debit Card,Online Order
SUN-2781213,2023-05-11,Classic Tirmaisu,Dessert,DST-01,2,38000,76000,Debit Card,Dine In
SUN-8482329,2023-06-06,Cinnamon Roll,Dessert,DST-05,2,28000,56000,Digital Wallet,Take Away
SUN-9158516,2023-06-28,New York Cheesecake,Dessert,DST-03,2,42000,84000,Unknown,Unknown
SUN-6199685,2023-12-20,Grill Chicken Caesar Salad,Food,FOD-04,3,42000,126000,Digital Wallet,Dine In
SUN-4814924,2023-08-11,Fudgy Brownies,Dessert,DST-02,1,25000,25000,Unknown,Take Away
SUN-6795836,2023-11-10,Cafe Latte,Drinks,DRK-03,2,32000,64000,Debit Card,Online Order
SUN-3091085,2023-07-05,Grill Chicken Caesar Salad,Food,FOD-04,4,42000,168000,Cash,Take Away
SUN-9793370,2023-12-12,Buttermilk Fried Chicken,Food,FOD-01,2,48000,96000,Digital Wallet,Take Away
SUN-5367093,2023-06-22,Cinnamon Roll,Dessert,DST-05,2,28000,56000,Debit Card,Online Order
SUN-9065871,2023-08-01,Beef Carbonara Pasta,Food,FOD-02,2,52000,104000,Cash,Dine In
SUN-7971920,2023-12-02,Beef Carbonara Pasta,Food,FOD-02,4,52000,208000,Cash,Dine In
SUN-2042448,2023-10-03,Cinnamon Roll,Dessert,DST-05,2,28000,56000,Debit Card,Online Order
SUN-8027347,2023-10-03,Cafe Latte,Drinks,DRK-03,3,32000,96000,Debit Card,Unknown
SUN-9158798,2023-04-04,Beef Carbonara Pasta,Food,FOD-02,3,52000,156000,Digital Wallet,Online Order
SUN-4055927,2023-06-09,Beef Carbonara Pasta,Food,FOD-02,3,52000,156000,Digital Wallet,Unknown
SUN-6602130,2023-09-16,Buttermilk Fried Chicken,Food,FOD-01,2,48000,96000,Digital Wallet,Take Away
SUN-9988517,2023-05-29,Cafe Latte,Drinks,DRK-03,2,32000,64000,Digital Wallet,Dine In
SUN-1470925,2023-02-13,Espreso Single,Drinks,DRK-01,3,22000,66000,Digital Wallet,Dine In
SUN-6662369,2023-06-25,Espreso Single,Drinks,DRK-01,3,22000,66000,Unknown,Take Away
SUN-9935219,2023-04-17,Fudgy Brownies,Dessert,DST-02,3,25000,75000,Debit Card,Take Away
SUN-3636598,2023-06-26,Nasi Goreng Kampung,Food,FOD-03,3,38000,114000,Debit Card,Online Order
SUN-5700335,2023-09-04,Beef Carbonara Pasta,Food,FOD-02,2,52000,104000,Digital Wallet,Take Away
SUN-1357901,2023-03-03,New York Cheesecake,Dessert,DST-03,1,42000,42000,Unknown,Online Order
SUN-5750414,2023-11-15,Creamy Maycha Latte,Drinks,DRK-05,4,35000,140000,Debit Card,Online Order
SUN-4097189,2023-04-03,Espreso Single,Drinks,DRK-01,2,22000,44000,Cash,Dine In
SUN-9334996,2023-03-08,Cafe Latte,Drinks,DRK-03,4,32000,128000,Debit Card,Dine In
SUN-7811705,2023-10-01,Classic Tirmaisu,Dessert,DST-01,2,38000,76000,Digital Wallet,Online Order
SUN-4730788,,Buttermilk Fried Chicken,Food,FOD-01,2,48000,96000,Digital Wallet,Dine In
SUN-1693103,2023-05-03,Choco Lava Cake,Dessert,DST-04,3,35000,105000,Digital Wallet,Online Order
SUN-7807081,2023-02-04,Club Sandwich,Food,FOD-05,2,45000,90000,Digital Wallet,Take Away
SUN-4339373,2023-05-16,Espreso Single,Drinks,DRK-01,1,22000,22000,Unknown,Unknown
SUN-9226376,2023-01-06,Cinnamon Roll,Dessert,DST-05,4,28000,112000,Digital Wallet,Unknown
SUN-9609574,2023-09-12,Choco Lava Cake,Dessert,DST-04,3,35000,105000,Debit Card,Unknown
SUN-5910923,2023-04-11,Club Sandwich,Food,FOD-05,2,45000,90000,Digital Wallet,Dine In
SUN-6731717,2023-07-05,Choco Lava Cake,Dessert,DST-04,2,35000,70000,Debit Card,Take Away
SUN-7415216,2023-06-14,Cafe Latte,Drinks,DRK-03,3,32000,96000,Digital Wallet,Dine In
SUN-1938815,2023-02-07,Grill Chicken Caesar Salad,Food,FOD-04,3,42000,126000,Digital Wallet,Unknown
SUN-7567325,2023-01-17,Iced Americano,Drinks,DRK-02,3,28000,84000,Digital Wallet,Take Away
SUN-5307143,2023-08-29,Grill Chicken Caesar Salad,Food,FOD-04,1,42000,42000,Digital Wallet,Take Away
SUN-6116284,2023-02-22,Caramel Machiato,Drinks,DRK-04,1,38000,38000,Cash,Dine In
SUN-8299841,2023-11-11,Beef Carbonara Pasta,Food,FOD-02,1,52000,52000,Unknown,Dine In
SUN-3255645,2023-09-07,Fudgy Brownies,Dessert,DST-02,3,25000,75000,Cash,Take Away
SUN-9702346,2023-09-14,Espreso Single,Drinks,DRK-01,2,22000,44000,Debit Card,Unknown
SUN-6120851,2023-11-12,Club Sandwich,Food,FOD-05,4,45000,180000,Digital Wallet,Take Away
SUN-4440577,2023-08-27,Cinnamon Roll,Dessert,DST-05,1,28000,28000,Debit Card,Take Away
SUN-5713989,2023-01-15,New York Cheesecake,Dessert,DST-03,2,42000,84000,Digital Wallet,Take Away
SUN-3256951,2023-05-12,Grill Chicken Caesar Salad,Food,FOD-04,1,42000,42000,Debit Card,Online Order
SUN-2772141,2023-10-06,Iced Americano,Drinks,DRK-02,3,28000,84000,Digital Wallet,Dine In
SUN-8905048,2023-06-09,New York Cheesecake,Dessert,DST-03,2,42000,84000,Cash,Dine In
SUN-4055331,2023-04-23,Caramel Machiato,Drinks,DRK-04,4,38000,152000,Unknown,Online Order
SUN-3505951,2023-08-10,New York Cheesecake,Dessert,DST-03,1,42000,42000,Digital Wallet,Online Order
SUN-6692404,2023-06-01,Nasi Goreng Kampung,Food,FOD-03,2,38000,76000,Debit Card,Take Away
SUN-2316048,2023-10-18,Caramel Machiato,Drinks,DRK-04,2,38000,76000,Unknown,Take Away
SUN-4360435,2023-12-16,Classic Tirmaisu,Dessert,DST-01,3,38000,114000,Digital Wallet,Online Order
SUN-9822823,2023-04-02,Cinnamon Roll,Dessert,DST-05,2,28000,56000,Cash,Dine In
SUN-3731961,2023-05-10,Iced Americano,Drinks,DRK-02,1,28000,28000,Debit Card,Unknown
SUN-8385076,2023-12-18,Cafe Latte,Drinks,DRK-03,3,32000,96000,Digital Wallet,Dine In
SUN-9264961,2023-03-13,Choco Lava Cake,Dessert,DST-04,3,35000,105000,Debit Card,Dine In
SUN-6190088,2023-08-06,Fudgy Brownies,Dessert,DST-02,2,25000,50000,Unknown,Unknown
SUN-3639230,2023-10-31,Creamy Maycha Latte,Drinks,DRK-05,1,35000,35000,Cash,Unknown
SUN-2923143,2023-09-28,Creamy Maycha Latte,Drinks,DRK-05,2,35000,70000,Unknown,Online Order
SUN-5396211,2023-03-21,Nasi Goreng Kampung,Food,FOD-03,3,38000,114000,Debit Card,Online Order
SUN-4154224,2023-05-29,New York Cheesecake,Dessert,DST-03,2,42000,84000,Digital Wallet,Online Order
SUN-4938131,2023-08-16,New York Cheesecake,Dessert,DST-03,1,42000,42000,Digital Wallet,Take Away
SUN-6367695,2023-10-24,New York Cheesecake,Dessert,DST-03,3,42000,126000,Debit Card,Online Order
SUN-2893033,2023-08-09,Cafe Latte,Drinks,DRK-03,1,32000,32000,Cash,Dine In
SUN-2600618,2023-07-11,Caramel Machiato,Drinks,DRK-04,2,38000,76000,Cash,Take Away
SUN-4986294,2023-02-28,Club Sandwich,Food,FOD-05,4,45000,180000,Debit Card,Dine In
SUN-6548739,2023-12-31,Espreso Single,Drinks,DRK-01,2,22000,44000,Unknown,Dine In
SUN-6385033,2023-10-17,Espreso Single,Drinks,DRK-01,1,22000,22000,Cash,Take Away
SUN-4328911,2023-12-02,Iced Americano,Drinks,DRK-02,4,28000,112000,Digital Wallet,Online Order
SUN-6306269,2023-08-23,Club Sandwich,Food,FOD-05,3,45000,135000,Cash,Unknown
SUN-4489225,2023-12-17,Choco Lava Cake,Dessert,DST-04,2,35000,70000,Unknown,Dine In
SUN-6577695,2023-02-04,Cinnamon Roll,Dessert,DST-05,3,28000,84000,Debit Card,Online Order
SUN-1284549,2023-01-24,Grill Chicken Caesar Salad,Food,FOD-04,3,42000,126000,Unknown,Dine In
SUN-2929110,2023-09-27,Fudgy Brownies,Dessert,DST-02,4,25000,100000,Digital Wallet,Online Order
SUN-2522301,2023-07-14,Creamy Maycha Latte,Drinks,DRK-05,1,35000,35000,Digital Wallet,Take Away
SUN-3371427,2023-05-15,Cinnamon Roll,Dessert,DST-05,1,28000,28000,Cash,Take Away
SUN-2366664,2023-02-16,Club Sandwich,Food,FOD-05,4,45000,180000,Unknown,Take Away
SUN-7242351,2023-05-06,Buttermilk Fried Chicken,Food,FOD-01,4,48000,192000,Debit Card,Online Order
SUN-4018078,2023-06-14,Buttermilk Fried Chicken,Food,FOD-01,2,48000,96000,Unknown,Online Order
SUN-7755243,2023-09-29,Buttermilk Fried Chicken,Food,FOD-01,4,48000,192000,Digital Wallet,Online Order
SUN-1234569,2023-09-06,Cinnamon Roll,Dessert,DST-05,1,28000,28000,Cash,Dine In
SUN-1446276,2023-01-15,Choco Lava Cake,Dessert,DST-04,3,35000,105000,Digital Wallet,Take Away
SUN-2305719,2023-03-09,Club Sandwich,Food,FOD-05,1,45000,45000,Debit Card,Unknown
SUN-1240188,2023-10-11,Grill Chicken Caesar Salad,Food,FOD-04,3,42000,126000,Digital Wallet,Take Away
SUN-4066636,2023-07-01,Caramel Machiato,Drinks,DRK-04,1,38000,38000,Debit Card,Online Order
SUN-5515054,2023-08-01,Club Sandwich,Food,FOD-05,2,45000,90000,Digital Wallet,Unknown
SUN-3774626,2023-04-25,Iced Americano,Drinks,DRK-02,1,28000,28000,Cash,Unknown
SUN-6539853,2023-09-17,Beef Carbonara Pasta,Food,FOD-02,2,52000,104000,Debit Card,Online Order
SUN-2072632,2023-08-21,Club Sandwich,Food,FOD-05,4,45000,180000,Digital Wallet,Take Away
SUN-7041370,2023-10-08,Caramel Machiato,Drinks,DRK-04,3,38000,114000,Debit Card,Online Order
SUN-3848147,2023-05-30,Classic Tirmaisu,Dessert,DST-01,2,38000,76000,Digital Wallet,Online Order
SUN-6462603,2023-11-11,Cafe Latte,Drinks,DRK-03,1,32000,32000,Unknown,Online Order
SUN-3577020,2023-03-14,Club Sandwich,Food,FOD-05,1,45000,45000,Digital Wallet,Online Order
SUN-4064490,2023-11-09,Iced Americano,Drinks,DRK-02,3,28000,84000,Unknown,Take Away
SUN-1910996,2023-09-30,Cinnamon Roll,Dessert,DST-05,3,28000,84000,Cash,Dine In
SUN-1617977,2023-04-14,Nasi Goreng Kampung,Food,FOD-03,2,38000,76000,Unknown,Dine In
SUN-9602429,2023-10-01,Grill Chicken Caesar Salad,Food,FOD-04,3,42000,126000,Cash,Take Away
SUN-4289525,2023-07-22,Cafe Latte,Drinks,DRK-03,2,32000,64000,Debit Card,Online Order
SUN-5327631,2023-08-28,Beef Carbonara Pasta,Food,FOD-02,4,52000,208000,Cash,Dine In
SUN-1346289,2023-07-12,Caramel Machiato,Drinks,DRK-04,1,38000,38000,Cash,Dine In
SUN-5095396,2023-02-04,Buttermilk Fried Chicken,Food,FOD-01,1,48000,48000,Digital Wallet,Online Order
SUN-3101910,2023-09-23,Fudgy Brownies,Dessert,DST-02,3,25000,75000,Debit Card,Take Away
SUN-7722059,2023-03-16,Fudgy Brownies,Dessert,DST-02,2,25000,50000,Digital Wallet,Online Order
SUN-8531927,2023-10-26,Fudgy Brownies,Dessert,DST-02,4,25000,100000,Debit Card,Unknown
SUN-8608643,2023-09-21,Classic Tirmaisu,Dessert,DST-01,2,38000,76000,Digital Wallet,Take Away
SUN-4847535,2023-05-16,Caramel Machiato,Drinks,DRK-04,4,38000,152000,Debit Card,Dine In
SUN-3382186,2023-08-22,Classic Tirmaisu,Dessert,DST-01,2,38000,76000,Debit Card,Unknown
SUN-2887189,2023-07-21,Cafe Latte,Drinks,DRK-03,1,32000,32000,Unknown,Take Away
SUN-2942508,2023-04-04,Grill Chicken Caesar Salad,Food,FOD-04,3,42000,126000,Digital Wallet,Take Away
SUN-5144203,2023-08-11,Club Sandwich,Food,FOD-05,2,45000,90000,Debit Card,Unknown
SUN-1715051,2023-04-19,Grill Chicken Caesar Salad,Food,FOD-04,1,42000,42000,Debit Card,Take Away
SUN-9337539,2023-02-21,Choco Lava Cake,Dessert,DST-04,2,35000,70000,Debit Card,Online Order
SUN-8246407,2023-01-13,Grill Chicken Caesar Salad,Food,FOD-04,4,42000,168000,Digital Wallet,Online Order
SUN-3330602,2023-11-23,Fudgy Brownies,Dessert,DST-02,3,25000,75000,Cash,Dine In
SUN-8848050,2023-09-19,Choco Lava Cake,Dessert,DST-04,2,35000,70000,Cash,Dine In
SUN-9940521,2023-07-27,Beef Carbonara Pasta,Food,FOD-02,2,52000,104000,Unknown,Dine In
SUN-3135157,2023-10-14,Espreso Single,Drinks,DRK-01,4,22000,88000,Unknown,Online Order
SUN-7315868,2023-02-17,New York Cheesecake,Dessert,DST-03,3,42000,126000,Digital Wallet,Online Order
SUN-6643023,2023-05-27,Cafe Latte,Drinks,DRK-03,1,32000,32000,Cash,Take Away
SUN-4325002,,Iced Americano,Drinks,DRK-02,,28000,,Digital Wallet,Take Away
SUN-2749739,2023-01-28,New York Cheesecake,Dessert,DST-03,2,42000,84000,Debit Card,Dine In
SUN-7617834,2023-01-13,Buttermilk Fried Chicken,Food,FOD-01,3,48000,144000,Debit Card,Unknown
SUN-3838438,2023-09-21,Iced Americano,Drinks,DRK-02,3,28000,84000,Cash,Dine In
SUN-5542708,2023-04-19,Buttermilk Fried Chicken,Food,FOD-01,3,48000,144000,Debit Card,Dine In
SUN-8827792,2023-02-26,Beef Carbonara Pasta,Food,FOD-02,3,52000,156000,Cash,Dine In
SUN-3717395,2023-02-25,Espreso Single,Drinks,DRK-01,4,22000,88000,Debit Card,Take Away
SUN-5687173,2023-11-26,Caramel Machiato,Drinks,DRK-04,1,38000,38000,Debit Card,Unknown
SUN-3669416,2023-10-25,Espreso Single,Drinks,DRK-01,1,22000,22000,Digital Wallet,Take Away
SUN-2079403,2023-05-11,Caramel Machiato,Drinks,DRK-04,4,38000,152000,Debit Card,Unknown
SUN-7242700,,Grill Chicken Caesar Salad,Food,FOD-04,1,42000,42000,Unknown,Dine In
SUN-5815168,2023-03-24,Buttermilk Fried Chicken,Food,FOD-01,3,48000,144000,Debit Card,Take Away
SUN-3054181,2023-04-09,Fudgy Brownies,Dessert,DST-02,3,25000,75000,Debit Card,Online Order
SUN-3668709,2023-11-30,Beef Carbonara Pasta,Food,FOD-02,2,52000,104000,Debit Card,Dine In
SUN-9448547,2023-07-23,Buttermilk Fried Chicken,Food,FOD-01,3,48000,144000,Unknown,Unknown
SUN-7515449,2023-03-18,Cinnamon Roll,Dessert,DST-05,3,28000,84000,Cash,Take Away
SUN-8958582,2023-04-07,Cinnamon Roll,Dessert,DST-05,3,28000,84000,Debit Card,Online Order
SUN-8077240,2023-02-08,New York Cheesecake,Dessert,DST-03,4,42000,168000,Cash,Dine In
SUN-4852590,2023-01-08,Classic Tirmaisu,Dessert,DST-01,1,38000,38000,Debit Card,Online Order
SUN-9215049,2023-05-23,Fudgy Brownies,Dessert,DST-02,4,25000,100000,Unknown,Dine In
SUN-7824883,2023-05-19,Creamy Maycha Latte,Drinks,DRK-05,2,35000,70000,Debit Card,Dine In
SUN-9492675,2023-12-26,Nasi Goreng Kampung,Food,FOD-03,4,38000,152000,Digital Wallet,Unknown
SUN-9766563,2023-09-02,Fudgy Brownies,Dessert,DST-02,4,25000,100000,Unknown,Take Away
SUN-2941996,2023-07-05,Espreso Single,Drinks,DRK-01,1,22000,22000,Cash,Dine In
SUN-5093787,2023-08-03,Espreso Single,Drinks,DRK-01,4,22000,88000,Debit Card,Online Order
SUN-3212633,2023-10-07,Club Sandwich,Food,FOD-05,3,45000,135000,Debit Card,Online Order
SUN-9570741,2023-07-24,New York Cheesecake,Dessert,DST-03,3,42000,126000,Debit Card,Take Away
SUN-8636410,2023-05-07,Nasi Goreng Kampung,Food,FOD-03,4,38000,152000,Digital Wallet,Take Away
SUN-3407814,2023-06-05,Cinnamon Roll,Dessert,DST-05,4,28000,112000,Unknown,Unknown
SUN-5677570,2023-05-11,Club Sandwich,Food,FOD-05,3,45000,135000,Debit Card,Dine In
SUN-8983856,2023-10-14,Cinnamon Roll,Dessert,DST-05,2,28000,56000,Cash,Dine In
SUN-2452311,2023-12-29,Nasi Goreng Kampung,Food,FOD-03,3,38000,114000,Digital Wallet,Unknown
SUN-4886432,2023-12-15,Cinnamon Roll,Dessert,DST-05,4,28000,112000,Digital Wallet,Online Order
SUN-6718161,2023-01-19,New York Cheesecake,Dessert,DST-03,2,42000,84000,Debit Card,Online Order
SUN-6287102,2023-01-29,Creamy Maycha Latte,Drinks,DRK-05,1,35000,35000,Debit Card,Take Away
SUN-3141404,2023-02-04,Cafe Latte,Drinks,DRK-03,2,32000,64000,Debit Card,Take Away
SUN-8150486,2023-02-11,Cafe Latte,Drinks,DRK-03,1,32000,32000,Digital Wallet,Take Away
SUN-2388703,2023-03-26,New York Cheesecake,Dessert,DST-03,1,42000,42000,Digital Wallet,Online Order
SUN-3965938,2023-09-17,Cinnamon Roll,Dessert,DST-05,1,28000,28000,Debit Card,Online Order
SUN-7997101,2023-04-17,Classic Tirmaisu,Dessert,DST-01,2,38000,76000,Digital Wallet,Take Away
SUN-2868370,2023-10-10,Beef Carbonara Pasta,Food,FOD-02,1,52000,52000,Unknown,Unknown
SUN-6374877,2023-01-23,Club Sandwich,Food,FOD-05,2,45000,90000,Digital Wallet,Online Order
SUN-8498046,2023-06-30,Nasi Goreng Kampung,Food,FOD-03,4,38000,152000,Cash,Dine In
SUN-4873094,2023-09-04,Cafe Latte,Drinks,DRK-03,4,32000,128000,Cash,Dine In
SUN-9375450,2023-02-18,Fudgy Brownies,Dessert,DST-02,4,25000,100000,Debit Card,Take Away
SUN-2209576,2023-08-21,Classic Tirmaisu,Dessert,DST-01,4,38000,152000,Debit Card,Online Order
SUN-7524386,2023-05-02,Nasi Goreng Kampung,Food,FOD-03,3,38000,114000,Debit Card,Online Order
SUN-1309566,2023-11-07,Beef Carbonara Pasta,Food,FOD-02,3,52000,156000,Unknown,Dine In
SUN-7204593,2023-06-21,Espreso Single,Drinks,DRK-01,3,22000,66000,Debit Card,Online Order
SUN-3940112,2023-08-13,Buttermilk Fried Chicken,Food,FOD-01,2,48000,96000,Digital Wallet,Dine In
SUN-1803666,2023-08-28,Grill Chicken Caesar Salad,Food,FOD-04,4,42000,168000,Debit Card,Unknown
SUN-2553582,2023-11-01,Fudgy Brownies,Dessert,DST-02,1,25000,25000,Debit Card,Dine In
SUN-9146409,2023-05-13,Espreso Single,Drinks,DRK-01,3,22000,66000,Debit Card,Dine In
SUN-5306090,2023-11-06,Classic Tirmaisu,Dessert,DST-01,2,38000,76000,Cash,Take Away
SUN-4562356,2023-07-05,Grill Chicken Caesar Salad,Food,FOD-04,4,42000,168000,Cash,Dine In
SUN-2992852,2023-02-08,Espreso Single,Drinks,DRK-01,1,22000,22000,Unknown,Dine In
SUN-4288685,2023-09-27,Nasi Goreng Kampung,Food,FOD-03,4,38000,152000,Digital Wallet,Online Order
SUN-7622896,2023-08-27,New York Cheesecake,Dessert,DST-03,1,42000,42000,Cash,Dine In
SUN-1411547,2023-09-09,Grill Chicken Caesar Salad,Food,FOD-04,1,42000,42000,Unknown,Online Order
SUN-4198596,2023-08-23,Iced Americano,Drinks,DRK-02,1,28000,28000,Cash,Take Away
SUN-2878422,2023-04-05,Nasi Goreng Kampung,Food,FOD-03,3,38000,114000,Digital Wallet,Dine In
SUN-7916195,2023-02-15,Classic Tirmaisu,Dessert,DST-01,4,38000,152000,Debit Card,Unknown
SUN-2685646,2023-03-17,Iced Americano,Drinks,DRK-02,4,28000,112000,Debit Card,Take Away
SUN-2637175,2023-10-22,Creamy Maycha Latte,Drinks,DRK-05,3,35000,105000,Digital Wallet,Take Away
SUN-2885251,2023-07-29,Buttermilk Fried Chicken,Food,FOD-01,3,48000,144000,Digital Wallet,Take Away
SUN-3934763,2023-04-26,Classic Tirmaisu,Dessert,DST-01,3,38000,114000,Cash,Take Away
SUN-1181344,2023-11-08,Buttermilk Fried Chicken,Food,FOD-01,4,48000,192000,Digital Wallet,Dine In
SUN-3564810,2023-07-17,Choco Lava Cake,Dessert,DST-04,3,35000,105000,Cash,Dine In
SUN-9891665,2023-12-19,Beef Carbonara Pasta,Food,FOD-02,3,52000,156000,Debit Card,Online Order
SUN-1259662,2023-01-14,Cinnamon Roll,Dessert,DST-05,4,28000,112000,Digital Wallet,Online Order
SUN-5783280,2023-02-13,Fudgy Brownies,Dessert,DST-02,4,25000,100000,Cash,Take Away
SUN-7066319,2023-04-27,Cafe Latte,Drinks,DRK-03,1,32000,32000,Cash,Take Away
SUN-3606825,2023-09-26,Beef Carbonara Pasta,Food,FOD-02,3,52000,156000,Debit Card,Online Order
SUN-5564817,2023-03-01,Espreso Single,Drinks,DRK-01,3,22000,66000,Debit Card,Take Away
SUN-6875940,2023-04-06,Buttermilk Fried Chicken,Food,FOD-01,2,48000,96000,Unknown,Dine In
SUN-5217941,2023-10-05,Club Sandwich,Food,FOD-05,,45000,,Cash,Take Away
SUN-6632417,2023-04-07,Fudgy Brownies,Dessert,DST-02,2,25000,50000,Cash,Take Away
SUN-6531725,2023-09-21,Espreso Single,Drinks,DRK-01,4,22000,88000,Unknown,Dine In
SUN-6015948,2023-07-13,Espreso Single,Drinks,DRK-01,4,22000,88000,Digital Wallet,Online Order
SUN-7900067,2023-07-11,Caramel Machiato,Drinks,DRK-04,2,38000,76000,Unknown,Unknown
SUN-9465715,2023-12-07,Club Sandwich,Food,FOD-05,1,45000,45000,Debit Card,Unknown
SUN-2619660,2023-01-06,New York Cheesecake,Dessert,DST-03,3,42000,126000,Digital Wallet,Online Order
SUN-8720829,2023-04-17,Caramel Machiato,Drinks,DRK-04,2,38000,76000,Cash,Unknown
SUN-1550270,2023-08-22,Club Sandwich,Food,FOD-05,3,45000,135000,Cash,Dine In
SUN-3829364,2023-02-14,Beef Carbonara Pasta,Food,FOD-02,1,52000,52000,Digital Wallet,Take Away
SUN-1385407,2023-07-17,Club Sandwich,Food,FOD-05,2,45000,90000,Debit Card,Unknown
SUN-7259221,2023-04-28,Nasi Goreng Kampung,Food,FOD-03,1,38000,38000,Digital Wallet,Unknown
SUN-3442738,2023-11-27,Iced Americano,Drinks,DRK-02,2,28000,56000,Cash,Dine In
SUN-5761738,2023-04-24,Cinnamon Roll,Dessert,DST-05,2,28000,56000,Debit Card,Online Order
SUN-3333434,2023-12-01,Creamy Maycha Latte,Drinks,DRK-05,3,35000,105000,Debit Card,Online Order
SUN-8543063,2023-11-22,Beef Carbonara Pasta,Food,FOD-02,2,52000,104000,Debit Card,Take Away
SUN-3712199,2023-11-16,Beef Carbonara Pasta,Food,FOD-02,3,52000,156000,Debit Card,Dine In
SUN-1450324,2023-08-31,Cafe Latte,Drinks,DRK-03,4,32000,128000,Cash,Take Away
SUN-8877949,2023-09-30,Club Sandwich,Food,FOD-05,3,45000,135000,Unknown,Online Order
SUN-4822859,2023-09-22,New York Cheesecake,Dessert,DST-03,3,42000,126000,Digital Wallet,Take Away
SUN-8614341,2023-10-21,Iced Americano,Drinks,DRK-02,4,28000,112000,Debit Card,Take Away
SUN-7331775,2023-06-08,Cafe Latte,Drinks,DRK-03,1,32000,32000,Debit Card,Online Order
SUN-8021060,2023-11-02,Cafe Latte,Drinks,DRK-03,4,32000,128000,Debit Card,Take Away
SUN-3743618,2023-07-22,Fudgy Brownies,Dessert,DST-02,4,25000,100000,Debit Card,Take Away
SUN-1820007,2023-05-10,Beef Carbonara Pasta,Food,FOD-02,1,52000,52000,Unknown,Dine In
SUN-6238298,2023-09-30,Caramel Machiato,Drinks,DRK-04,1,38000,38000,Debit Card,Online Order
SUN-1344283,2023-06-02,Espreso Single,Drinks,DRK-01,1,22000,22000,Digital Wallet,Online Order
SUN-4824442,2023-01-15,Nasi Goreng Kampung,Food,FOD-03,3,38000,114000,Unknown,Online Order
SUN-2423884,2023-05-04,Caramel Machiato,Drinks,DRK-04,3,38000,114000,Cash,Take Away
SUN-9981319,2023-11-04,Cinnamon Roll,Dessert,DST-05,3,28000,84000,Digital Wallet,Online Order
SUN-7754214,2023-10-06,Beef Carbonara Pasta,Food,FOD-02,1,52000,52000,Debit Card,Take Away
SUN-9805614,2023-09-21,Classic Tirmaisu,Dessert,DST-01,2,38000,76000,Digital Wallet,Unknown
SUN-4896688,2023-10-23,Espreso Single,Drinks,DRK-01,1,22000,22000,Unknown,Unknown
SUN-9622729,2023-01-16,Nasi Goreng Kampung,Food,FOD-03,4,38000,152000,Digital Wallet,Take Away
SUN-7887279,2023-07-22,Espreso Single,Drinks,DRK-01,1,22000,22000,Digital Wallet,Online Order
SUN-5737988,2023-09-12,New York Cheesecake,Dessert,DST-03,3,42000,126000,Debit Card,Dine In
SUN-9060671,2023-05-18,Fudgy Brownies,Dessert,DST-02,1,25000,25000,Cash,Unknown
SUN-5173975,2023-05-12,Classic Tirmaisu,Dessert,DST-01,3,38000,114000,Debit Card,Online Order
SUN-7582637,2023-10-26,Fudgy Brownies,Dessert,DST-02,3,25000,75000,Digital Wallet,Take Away
SUN-5899461,2023-01-28,Grill Chicken Caesar Salad,Food,FOD-04,3,42000,126000,Unknown,Dine In
SUN-7072303,2023-09-01,Buttermilk Fried Chicken,Food,FOD-01,3,48000,144000,Digital Wallet,Online Order
SUN-4186373,2023-09-16,Beef Carbonara Pasta,Food,FOD-02,1,52000,52000,Cash,Dine In
SUN-3682581,2023-08-08,Iced Americano,Drinks,DRK-02,4,28000,112000,Debit Card,Online Order
SUN-6533956,2023-09-11,New York Cheesecake,Dessert,DST-03,2,42000,84000,Unknown,Take Away
SUN-7095220,2023-03-03,Cinnamon Roll,Dessert,DST-05,4,28000,112000,Cash,Take Away
SUN-3779547,2023-08-16,Buttermilk Fried Chicken,Food,FOD-01,3,48000,144000,Digital Wallet,Online Order
SUN-3279922,2023-06-04,Cinnamon Roll,Dessert,DST-05,4,28000,112000,Digital Wallet,Online Order
SUN-8963753,2023-04-25,Club Sandwich,Food,FOD-05,2,45000,90000,Digital Wallet,Online Order
SUN-7501688,2023-12-10,Caramel Machiato,Drinks,DRK-04,1,38000,38000,Digital Wallet,Take Away
SUN-7135523,2023-02-16,Classic Tirmaisu,Dessert,DST-01,1,38000,38000,Debit Card,Unknown
SUN-8204308,2023-02-15,Caramel Machiato,Drinks,DRK-04,4,38000,152000,Digital Wallet,Online Order
SUN-6878724,2023-03-16,Cinnamon Roll,Dessert,DST-05,3,28000,84000,Debit Card,Unknown
SUN-8279841,2023-01-21,Fudgy Brownies,Dessert,DST-02,4,25000,100000,Digital Wallet,Dine In
SUN-9399361,2023-05-29,Classic Tirmaisu,Dessert,DST-01,2,38000,76000,Unknown,Online Order
SUN-5416125,2023-01-23,Caramel Machiato,Drinks,DRK-04,2,38000,76000,Digital Wallet,Online Order
SUN-8073200,2023-04-14,Club Sandwich,Food,FOD-05,4,45000,180000,Digital Wallet,Dine In
SUN-1176089,2023-10-17,Grill Chicken Caesar Salad,Food,FOD-04,1,42000,42000,Debit Card,Take Away
SUN-8389814,2023-05-22,Classic Tirmaisu,Dessert,DST-01,3,38000,114000,Unknown,Take Away
SUN-1513538,2023-03-14,Cafe Latte,Drinks,DRK-03,3,32000,96000,Debit Card,Take Away
SUN-4236611,2023-04-25,Iced Americano,Drinks,DRK-02,3,28000,84000,Debit Card,Take Away
SUN-2850663,2023-02-22,Cinnamon Roll,Dessert,DST-05,1,28000,28000,Digital Wallet,Take Away
SUN-4526953,2023-12-04,Cafe Latte,Drinks,DRK-03,1,32000,32000,Debit Card,Take Away
SUN-6206466,2023-09-06,Grill Chicken Caesar Salad,Food,FOD-04,4,42000,168000,Digital Wallet,Dine In
SUN-8752241,2023-07-01,Nasi Goreng Kampung,Food,FOD-03,2,38000,76000,Debit Card,Online Order
SUN-7511473,2023-12-26,Classic Tirmaisu,Dessert,DST-01,4,38000,152000,Digital Wallet,Online Order
SUN-8129168,2023-11-15,New York Cheesecake,Dessert,DST-03,1,42000,42000,Debit Card,Unknown
SUN-1586679,2023-03-26,Buttermilk Fried Chicken,Food,FOD-01,4,48000,192000,Digital Wallet,Dine In
SUN-6727677,2023-02-08,Cafe Latte,Drinks,DRK-03,3,32000,96000,Digital Wallet,Online Order
SUN-2184820,2023-10-20,Cinnamon Roll,Dessert,DST-05,1,28000,28000,Digital Wallet,Online Order
SUN-8462378,2023-10-18,Beef Carbonara Pasta,Food,FOD-02,1,52000,52000,Digital Wallet,Online Order
SUN-1082105,2023-05-15,Cafe Latte,Drinks,DRK-03,1,32000,32000,Digital Wallet,Dine In
SUN-8144465,2023-10-12,Nasi Goreng Kampung,Food,FOD-03,,38000,,Cash,Unknown
SUN-8428838,2023-12-09,Cafe Latte,Drinks,DRK-03,2,32000,64000,Digital Wallet,Online Order
SUN-8927360,2023-08-24,Club Sandwich,Food,FOD-05,1,45000,45000,Digital Wallet,Dine In
SUN-3017731,2023-03-19,Beef Carbonara Pasta,Food,FOD-02,1,52000,52000,Digital Wallet,Take Away
SUN-4219515,2023-06-10,Cafe Latte,Drinks,DRK-03,3,32000,96000,Digital Wallet,Take Away
SUN-1340352,2023-02-22,Cafe Latte,Drinks,DRK-03,4,32000,128000,Cash,Take Away
SUN-2266089,2023-11-26,New York Cheesecake,Dessert,DST-03,3,42000,126000,Debit Card,Take Away
SUN-1840928,2023-04-07,New York Cheesecake,Dessert,DST-03,2,42000,84000,Digital Wallet,Unknown
SUN-2689034,2023-09-14,Iced Americano,Drinks,DRK-02,2,28000,56000,Unknown,Dine In
SUN-6011401,2023-10-21,Creamy Maycha Latte,Drinks,DRK-05,1,35000,35000,Debit Card,Online Order
SUN-1493722,2023-06-17,Classic Tirmaisu,Dessert,DST-01,2,38000,76000,Debit Card,Take Away
SUN-7611400,2023-06-28,Nasi Goreng Kampung,Food,FOD-03,2,38000,76000,Debit Card,Dine In
SUN-2735632,2023-11-23,Buttermilk Fried Chicken,Food,FOD-01,3,48000,144000,Debit Card,Dine In
SUN-8523848,2023-04-07,New York Cheesecake,Dessert,DST-03,4,42000,168000,Debit Card,Take Away
SUN-8826138,2023-12-30,Iced Americano,Drinks,DRK-02,3,28000,84000,Debit Card,Dine In
SUN-8514719,2023-09-16,Caramel Machiato,Drinks,DRK-04,1,38000,38000,Digital Wallet,Dine In
SUN-3556709,2023-09-01,Classic Tirmaisu,Dessert,DST-01,1,38000,38000,Debit Card,Online Order
SUN-1856349,2023-05-14,Fudgy Brownies,Dessert,DST-02,3,25000,75000,Unknown,Dine In
SUN-8935297,2023-05-04,Choco Lava Cake,Dessert,DST-04,2,35000,70000,Digital Wallet,Online Order
SUN-7942404,2023-04-17,Fudgy Brownies,Dessert,DST-02,4,25000,100000,Unknown,Online Order
SUN-8159829,2023-02-16,Club Sandwich,Food,FOD-05,2,45000,90000,Debit Card,Dine In
SUN-4725606,2023-11-01,Beef Carbonara Pasta,Food,FOD-02,2,52000,104000,Cash,Take Away
SUN-3558579,2023-04-26,Choco Lava Cake,Dessert,DST-04,2,35000,70000,Debit Card,Unknown
SUN-8038131,2023-01-17,Club Sandwich,Food,FOD-05,2,45000,90000,Digital Wallet,Dine In
SUN-3187355,2023-12-08,Creamy Maycha Latte,Drinks,DRK-05,4,35000,140000,Digital Wallet,Dine In
SUN-3064635,2023-09-08,Fudgy Brownies,Dessert,DST-02,1,25000,25000,Digital Wallet,Dine In
SUN-6509590,2023-07-27,Nasi Goreng Kampung,Food,FOD-03,3,38000,114000,Cash,Take Away
SUN-5165259,2023-07-28,Fudgy Brownies,Dessert,DST-02,1,25000,25000,Digital Wallet,Online Order
SUN-9772685,2023-04-29,Club Sandwich,Food,FOD-05,4,45000,180000,Debit Card,Online Order
SUN-3242818,2023-08-18,Choco Lava Cake,Dessert,DST-04,3,35000,105000,Debit Card,Take Away
SUN-3731967,2023-10-31,Grill Chicken Caesar Salad,Food,FOD-04,2,42000,84000,Unknown,Online Order
SUN-1868660,2023-12-16,Cinnamon Roll,Dessert,DST-05,1,28000,28000,Digital Wallet,Online Order
SUN-9420672,2023-06-03,Cafe Latte,Drinks,DRK-03,2,32000,64000,Unknown,Online Order
SUN-5854853,2023-12-18,Creamy Maycha Latte,Drinks,DRK-05,1,35000,35000,Cash,Take Away
SUN-7186803,2023-09-12,Caramel Machiato,Drinks,DRK-04,2,38000,76000,Unknown,Online Order
SUN-5409370,2023-09-18,Nasi Goreng Kampung,Food,FOD-03,,38000,,Unknown,Dine In
SUN-1893607,2023-12-29,New York Cheesecake,Dessert,DST-03,3,42000,126000,Unknown,Take Away
SUN-2409536,2023-01-14,Buttermilk Fried Chicken,Food,FOD-01,1,48000,48000,Debit Card,Unknown
SUN-3086750,2023-08-31,Cafe Latte,Drinks,DRK-03,1,32000,32000,Digital Wallet,Online Order
SUN-2971001,2023-08-07,Grill Chicken Caesar Salad,Food,FOD-04,3,42000,126000,Unknown,Take Away
SUN-1165038,2023-09-24,New York Cheesecake,Dessert,DST-03,1,42000,42000,Debit Card,Take Away
SUN-7323578,2023-06-04,Iced Americano,Drinks,DRK-02,3,28000,84000,Debit Card,Take Away
SUN-2516020,2023-04-14,Classic Tirmaisu,Dessert,DST-01,1,38000,38000,Digital Wallet,Online Order
SUN-3533936,2023-07-08,Nasi Goreng Kampung,Food,FOD-03,4,38000,152000,Debit Card,Take Away
SUN-2466329,2023-11-07,Grill Chicken Caesar Salad,Food,FOD-04,3,42000,126000,Unknown,Dine In
SUN-3790950,2023-04-04,Cinnamon Roll,Dessert,DST-05,2,28000,56000,Digital Wallet,Online Order
SUN-5249683,2023-05-16,Creamy Maycha Latte,Drinks,DRK-05,4,35000,140000,Cash,Dine In
SUN-3627851,2023-07-09,New York Cheesecake,Dessert,DST-03,3,42000,126000,Debit Card,Take Away
SUN-2895629,2023-09-15,Choco Lava Cake,Dessert,DST-04,2,35000,70000,Digital Wallet,Online Order
SUN-2939404,2023-08-26,Espreso Single,Drinks,DRK-01,2,22000,44000,Digital Wallet,Take Away
SUN-9669505,2023-01-23,Club Sandwich,Food,FOD-05,2,45000,90000,Digital Wallet,Dine In
SUN-1113560,2023-08-19,Buttermilk Fried Chicken,Food,FOD-01,1,48000,48000,Cash,Dine In
SUN-6523122,2023-06-06,Caramel Machiato,Drinks,DRK-04,1,38000,38000,Debit Card,Take Away
SUN-6472341,2023-08-06,Iced Americano,Drinks,DRK-02,3,28000,84000,Digital Wallet,Take Away
SUN-3486828,2023-09-22,Fudgy Brownies,Dessert,DST-02,3,25000,75000,Cash,Dine In
SUN-5640234,2023-07-28,Fudgy Brownies,Dessert,DST-02,1,25000,25000,Debit Card,Online Order
SUN-8336933,2023-03-26,Buttermilk Fried Chicken,Food,FOD-01,1,48000,48000,Debit Card,Dine In
SUN-8075553,2023-12-28,Nasi Goreng Kampung,Food,FOD-03,1,38000,38000,Debit Card,Online Order
SUN-2753563,2023-07-18,Espreso Single,Drinks,DRK-01,,22000,,Unknown,Take Away
SUN-8353079,2023-04-25,Choco Lava Cake,Dessert,DST-04,4,35000,140000,Digital Wallet,Online Order
SUN-6596863,2023-08-02,Choco Lava Cake,Dessert,DST-04,4,35000,140000,Debit Card,Online Order
SUN-1438128,2023-06-04,Nasi Goreng Kampung,Food,FOD-03,4,38000,152000,Cash,Dine In
SUN-1044808,2023-09-04,Caramel Machiato,Drinks,DRK-04,2,38000,76000,Unknown,Online Order
SUN-7830658,2023-11-09,Buttermilk Fried Chicken,Food,FOD-01,4,48000,192000,Debit Card,Take Away
SUN-6050267,2023-07-26,New York Cheesecake,Dessert,DST-03,4,42000,168000,Cash,Unknown
SUN-3231524,2023-07-23,Club Sandwich,Food,FOD-05,4,45000,180000,Digital Wallet,Take Away
SUN-8586830,2023-06-13,Beef Carbonara Pasta,Food,FOD-02,3,52000,156000,Debit Card,Unknown
SUN-4829131,2023-09-23,Fudgy Brownies,Dessert,DST-02,1,25000,25000,Cash,Dine In
SUN-9738174,2023-04-28,Cinnamon Roll,Dessert,DST-05,2,28000,56000,Digital Wallet,Online Order
SUN-4121073,2023-05-27,New York Cheesecake,Dessert,DST-03,4,42000,168000,Digital Wallet,Dine In
SUN-1012495,2023-07-18,Iced Americano,Drinks,DRK-02,3,28000,84000,Cash,Take Away
SUN-1321458,2023-04-28,Creamy Maycha Latte,Drinks,DRK-05,,35000,,Digital Wallet,Online Order
SUN-3741531,2023-02-08,Beef Carbonara Pasta,Food,FOD-02,4,52000,208000,Cash,Dine In
SUN-2831961,2023-12-31,Club Sandwich,Food,FOD-05,3,45000,135000,Debit Card,Take Away
SUN-1663539,2023-04-10,Choco Lava Cake,Dessert,DST-04,1,35000,35000,Digital Wallet,Take Away
SUN-9849357,2023-03-25,New York Cheesecake,Dessert,DST-03,3,42000,126000,Digital Wallet,Take Away
SUN-5597954,2023-11-22,Buttermilk Fried Chicken,Food,FOD-01,4,48000,192000,Digital Wallet,Online Order
SUN-4552288,2023-01-14,New York Cheesecake,Dessert,DST-03,2,42000,84000,Digital Wallet,Take Away
SUN-4979898,,Espreso Single,Drinks,DRK-01,4,22000,88000,Cash,Dine In
SUN-2790615,2023-03-28,Choco Lava Cake,Dessert,DST-04,2,35000,70000,Unknown,Take Away
SUN-3760844,2023-06-27,Iced Americano,Drinks,DRK-02,4,28000,112000,Debit Card,Online Order
SUN-4943118,2023-09-18,Fudgy Brownies,Dessert,DST-02,1,25000,25000,Cash,Unknown
SUN-6477674,2023-11-21,Club Sandwich,Food,FOD-05,4,45000,180000,Cash,Take Away
SUN-5206772,2023-05-30,Fudgy Brownies,Dessert,DST-02,4,25000,100000,Digital Wallet,Unknown
SUN-8982420,2023-10-22,Club Sandwich,Food,FOD-05,4,45000,180000,Cash,Take Away
SUN-8584220,2023-06-05,Caramel Machiato,Drinks,DRK-04,1,38000,38000,Unknown,Dine In
SUN-4654796,2023-04-04,Classic Tirmaisu,Dessert,DST-01,1,38000,38000,Digital Wallet,Take Away
SUN-8548433,2023-09-09,Beef Carbonara Pasta,Food,FOD-02,4,52000,208000,Unknown,Take Away
SUN-8850745,2023-06-07,New York Cheesecake,Dessert,DST-03,3,42000,126000,Unknown,Unknown
SUN-8084072,2023-01-22,Buttermilk Fried Chicken,Food,FOD-01,1,48000,48000,Debit Card,Online Order
SUN-8557544,2023-04-24,Nasi Goreng Kampung,Food,FOD-03,1,38000,38000,Debit Card,Dine In
SUN-7015011,2023-10-04,Fudgy Brownies,Dessert,DST-02,3,25000,75000,Unknown,Dine In
SUN-5102450,2023-03-29,Creamy Maycha Latte,Drinks,DRK-05,2,35000,70000,Digital Wallet,Online Order
SUN-9133688,2023-08-30,Creamy Maycha Latte,Drinks,DRK-05,1,35000,35000,Digital Wallet,Online Order
SUN-9918513,2023-04-28,Cafe Latte,Drinks,DRK-03,4,32000,128000,Digital Wallet,Dine In
SUN-6870940,,Beef Carbonara Pasta,Food,FOD-02,4,52000,208000,Unknown,Dine In
SUN-3614186,2023-11-23,Espreso Single,Drinks,DRK-01,4,22000,88000,Debit Card,Dine In
SUN-9436911,2023-07-19,Cinnamon Roll,Dessert,DST-05,4,28000,112000,Debit Card,Online Order
SUN-3182632,2023-11-03,Grill Chicken Caesar Salad,Food,FOD-04,3,42000,126000,Digital Wallet,Take Away
SUN-2135270,2023-05-08,Caramel Machiato,Drinks,DRK-04,3,38000,114000,Unknown,Take Away
SUN-1872369,2023-07-22,Cafe Latte,Drinks,DRK-03,2,32000,64000,Debit Card,Take Away
SUN-2202290,2023-07-08,Buttermilk Fried Chicken,Food,FOD-01,2,48000,96000,Debit Card,Online Order
SUN-3395804,2023-07-26,Nasi Goreng Kampung,Food,FOD-03,4,38000,152000,Digital Wallet,Online Order
SUN-5743691,2023-11-03,Cafe Latte,Drinks,DRK-03,3,32000,96000,Cash,Take Away
SUN-5577585,2023-06-16,Fudgy Brownies,Dessert,DST-02,2,25000,50000,Debit Card,Online Order
SUN-7712052,2023-12-04,Iced Americano,Drinks,DRK-02,1,28000,28000,Digital Wallet,Take Away
SUN-1472909,2023-09-12,Iced Americano,Drinks,DRK-02,1,28000,28000,Unknown,Online Order
SUN-4174182,2023-09-24,Beef Carbonara Pasta,Food,FOD-02,1,52000,52000,Digital Wallet,Take Away
SUN-6754407,2023-10-20,Nasi Goreng Kampung,Food,FOD-03,,38000,,Digital Wallet,Online Order
SUN-9090897,2023-05-24,Caramel Machiato,Drinks,DRK-04,4,38000,152000,Unknown,Dine In
SUN-8498453,2023-06-12,Buttermilk Fried Chicken,Food,FOD-01,3,48000,144000,Digital Wallet,Dine In
SUN-9092021,2023-11-15,Nasi Goreng Kampung,Food,FOD-03,2,38000,76000,Digital Wallet,Take Away
SUN-8205264,2023-10-10,Buttermilk Fried Chicken,Food,FOD-01,2,48000,96000,Cash,Unknown
SUN-9834569,2023-05-06,Cinnamon Roll,Dessert,DST-05,3,28000,84000,Unknown,Dine In
SUN-7223519,2023-12-15,Buttermilk Fried Chicken,Food,FOD-01,4,48000,192000,Debit Card,Online Order
SUN-6910467,2023-02-24,Grill Chicken Caesar Salad,Food,FOD-04,1,42000,42000,Unknown,Dine In
SUN-2578285,2023-09-04,Nasi Goreng Kampung,Food,FOD-03,2,38000,76000,Cash,Unknown
SUN-7548614,2023-02-16,Fudgy Brownies,Dessert,DST-02,1,25000,25000,Unknown,Dine In
SUN-4993341,2023-10-04,Classic Tirmaisu,Dessert,DST-01,2,38000,76000,Cash,Take Away
SUN-1785848,2023-07-19,Grill Chicken Caesar Salad,Food,FOD-04,3,42000,126000,Debit Card,Unknown
SUN-1394147,2023-02-02,Iced Americano,Drinks,DRK-02,2,28000,56000,Cash,Take Away
SUN-6853044,2023-02-26,New York Cheesecake,Dessert,DST-03,2,42000,84000,Digital Wallet,Take Away
SUN-3263894,2023-04-02,Iced Americano,Drinks,DRK-02,1,28000,28000,Cash,Dine In
SUN-2162553,2023-01-22,Club Sandwich,Food,FOD-05,1,45000,45000,Debit Card,Take Away
SUN-7940046,2023-04-29,Caramel Machiato,Drinks,DRK-04,1,38000,38000,Debit Card,Online Order
SUN-7243671,2023-10-19,New York Cheesecake,Dessert,DST-03,4,42000,168000,Digital Wallet,Online Order
SUN-7512510,2023-05-18,Nasi Goreng Kampung,Food,FOD-03,1,38000,38000,Debit Card,Take Away
SUN-2138607,2023-07-02,Espreso Single,Drinks,DRK-01,1,22000,22000,Unknown,Dine In
SUN-3830661,2023-10-04,Espreso Single,Drinks,DRK-01,4,22000,88000,Unknown,Take Away
SUN-5817848,2023-06-19,Creamy Maycha Latte,Drinks,DRK-05,3,35000,105000,Digital Wallet,Take Away
SUN-9040371,2023-03-05,Cinnamon Roll,Dessert,DST-05,2,28000,56000,Debit Card,Unknown
SUN-5884163,2023-04-13,Cinnamon Roll,Dessert,DST-05,1,28000,28000,Cash,Take Away
SUN-8273353,2023-03-31,Espreso Single,Drinks,DRK-01,1,22000,22000,Unknown,Online Order
SUN-6336291,2023-06-12,Grill Chicken Caesar Salad,Food,FOD-04,3,42000,126000,Unknown,Online Order
SUN-3024863,2023-06-23,Creamy Maycha Latte,Drinks,DRK-05,3,35000,105000,Digital Wallet,Dine In
SUN-3455425,2023-12-17,Creamy Maycha Latte,Drinks,DRK-05,4,35000,140000,Digital Wallet,Dine In
SUN-9396160,2023-11-01,Fudgy Brownies,Dessert,DST-02,2,25000,50000,Debit Card,Dine In
SUN-5712914,2023-08-12,Choco Lava Cake,Dessert,DST-04,3,35000,105000,Debit Card,Online Order
SUN-1567945,2023-06-16,Grill Chicken Caesar Salad,Food,FOD-04,3,42000,126000,Debit Card,Online Order
SUN-8210918,2023-09-03,Grill Chicken Caesar Salad,Food,FOD-04,1,42000,42000,Digital Wallet,Dine In
SUN-5269315,2023-10-13,Cinnamon Roll,Dessert,DST-05,4,28000,112000,Cash,Dine In
SUN-8040847,2023-10-08,Buttermilk Fried Chicken,Food,FOD-01,1,48000,48000,Debit Card,Online Order
SUN-7881920,2023-05-03,Classic Tirmaisu,Dessert,DST-01,1,38000,38000,Debit Card,Online Order
SUN-1925606,2023-05-21,Caramel Machiato,Drinks,DRK-04,4,38000,152000,Digital Wallet,Take Away
SUN-8460878,2023-05-28,Cinnamon Roll,Dessert,DST-05,3,28000,84000,Debit Card,Take Away
SUN-6978825,2023-10-26,Club Sandwich,Food,FOD-05,2,45000,90000,Debit Card,Dine In
SUN-4161386,2023-06-25,Cinnamon Roll,Dessert,DST-05,2,28000,56000,Digital Wallet,Dine In
SUN-8029724,2023-01-18,Buttermilk Fried Chicken,Food,FOD-01,1,48000,48000,Unknown,Take Away
SUN-4811187,2023-03-02,Club Sandwich,Food,FOD-05,4,45000,180000,Digital Wallet,Take Away
SUN-1579563,2023-04-11,Caramel Machiato,Drinks,DRK-04,2,38000,76000,Digital Wallet,Online Order
SUN-6811870,2023-05-03,Fudgy Brownies,Dessert,DST-02,1,25000,25000,Unknown,Dine In
SUN-1226282,2023-05-06,Choco Lava Cake,Dessert,DST-04,3,35000,105000,Unknown,Unknown
SUN-5253507,2023-05-03,Beef Carbonara Pasta,Food,FOD-02,3,52000,156000,Debit Card,Unknown
SUN-5486313,2023-09-09,Fudgy Brownies,Dessert,DST-02,4,25000,100000,Debit Card,Online Order
SUN-2667782,2023-07-31,Cinnamon Roll,Dessert,DST-05,2,28000,56000,Debit Card,Dine In
SUN-6342400,2023-05-06,Creamy Maycha Latte,Drinks,DRK-05,4,35000,140000,Debit Card,Online Order
SUN-2997963,2023-02-20,Classic Tirmaisu,Dessert,DST-01,4,38000,152000,Unknown,Online Order
SUN-9312187,2023-08-15,New York Cheesecake,Dessert,DST-03,3,42000,126000,Digital Wallet,Take Away
SUN-8005172,2023-10-06,Grill Chicken Caesar Salad,Food,FOD-04,1,42000,42000,Debit Card,Unknown
SUN-9824529,2023-03-03,Nasi Goreng Kampung,Food,FOD-03,2,38000,76000,Unknown,Dine In
SUN-8349774,2023-10-02,New York Cheesecake,Dessert,DST-03,4,42000,168000,Digital Wallet,Dine In
SUN-6775230,2023-09-04,Grill Chicken Caesar Salad,Food,FOD-04,2,42000,84000,Cash,Take Away
SUN-3426586,2023-09-07,Grill Chicken Caesar Salad,Food,FOD-04,3,42000,126000,Unknown,Unknown
SUN-8954888,2023-03-31,Cinnamon Roll,Dessert,DST-05,1,28000,28000,Cash,Take Away
SUN-9809426,2023-04-22,Cafe Latte,Drinks,DRK-03,4,32000,128000,Digital Wallet,Take Away
SUN-1430020,,Espreso Single,Drinks,DRK-01,,22000,,Debit Card,Dine In
SUN-1912969,2023-11-09,Nasi Goreng Kampung,Food,FOD-03,1,38000,38000,Debit Card,Online Order
SUN-4060858,2023-11-08,Espreso Single,Drinks,DRK-01,4,22000,88000,Unknown,Dine In
SUN-8517752,2023-05-05,Fudgy Brownies,Dessert,DST-02,2,25000,50000,Digital Wallet,Online Order
SUN-6023276,2023-04-12,Creamy Maycha Latte,Drinks,DRK-05,4,35000,140000,Debit Card,Dine In
SUN-6953671,2023-05-03,Creamy Maycha Latte,Drinks,DRK-05,1,35000,35000,Digital Wallet,Online Order
SUN-3945411,2023-02-05,Cinnamon Roll,Dessert,DST-05,3,28000,84000,Debit Card,Dine In
SUN-5249551,2023-03-05,Espreso Single,Drinks,DRK-01,3,22000,66000,Digital Wallet,Dine In
SUN-7714434,2023-04-16,Grill Chicken Caesar Salad,Food,FOD-04,2,42000,84000,Cash,Dine In
SUN-5319260,2023-01-17,Buttermilk Fried Chicken,Food,FOD-01,,48000,,Cash,Dine In
SUN-9632699,2023-01-18,Beef Carbonara Pasta,Food,FOD-02,3,52000,156000,Digital Wallet,Take Away
SUN-8804428,2023-08-25,Nasi Goreng Kampung,Food,FOD-03,3,38000,114000,Debit Card,Dine In
SUN-8080400,2023-10-03,Fudgy Brownies,Dessert,DST-02,1,25000,25000,Debit Card,Dine In
SUN-2039337,2023-06-22,Iced Americano,Drinks,DRK-02,1,28000,28000,Digital Wallet,Online Order
SUN-4479918,2023-07-17,Buttermilk Fried Chicken,Food,FOD-01,2,48000,96000,Digital Wallet,Take Away
SUN-3698020,2023-03-26,Buttermilk Fried Chicken,Food,FOD-01,3,48000,144000,Digital Wallet,Unknown
SUN-8437044,2023-08-28,Caramel Machiato,Drinks,DRK-04,1,38000,38000,Debit Card,Dine In
SUN-6265914,2023-05-16,Beef Carbonara Pasta,Food,FOD-02,3,52000,156000,Debit Card,Take Away
SUN-1635196,2023-06-04,New York Cheesecake,Dessert,DST-03,2,42000,84000,Unknown,Take Away
SUN-6397515,2023-06-11,Fudgy Brownies,Dessert,DST-02,3,25000,75000,Digital Wallet,Dine In
SUN-6502361,2023-09-08,Beef Carbonara Pasta,Food,FOD-02,2,52000,104000,Debit Card,Dine In
SUN-8398581,2023-04-05,Nasi Goreng Kampung,Food,FOD-03,3,38000,114000,Debit Card,Online Order
SUN-6717838,2023-03-03,Club Sandwich,Food,FOD-05,2,45000,90000,Digital Wallet,Unknown
SUN-5599475,2023-04-02,Grill Chicken Caesar Salad,Food,FOD-04,4,42000,168000,Cash,Dine In
SUN-6325373,2023-08-30,Fudgy Brownies,Dessert,DST-02,2,25000,50000,Debit Card,Online Order
SUN-9064256,2023-01-30,Grill Chicken Caesar Salad,Food,FOD-04,1,42000,42000,Debit Card,Online Order
SUN-9970745,2023-12-23,Nasi Goreng Kampung,Food,FOD-03,3,38000,114000,Unknown,Take Away
SUN-9107670,2023-03-11,Espreso Single,Drinks,DRK-01,4,22000,88000,Debit Card,Online Order
SUN-3487675,2023-05-06,Buttermilk Fried Chicken,Food,FOD-01,2,48000,96000,Cash,Dine In
SUN-1420812,2023-01-04,Cinnamon Roll,Dessert,DST-05,3,28000,84000,Debit Card,Take Away
SUN-3153419,2023-05-15,New York Cheesecake,Dessert,DST-03,4,42000,168000,Digital Wallet,Dine In
SUN-9934789,2023-05-15,New York Cheesecake,Dessert,DST-03,4,42000,168000,Debit Card,Take Away
SUN-2099684,2023-05-25,Club Sandwich,Food,FOD-05,2,45000,90000,Debit Card,Online Order
SUN-1360223,2023-03-02,New York Cheesecake,Dessert,DST-03,3,42000,126000,Digital Wallet,Unknown
SUN-4932080,2023-09-11,Grill Chicken Caesar Salad,Food,FOD-04,3,42000,126000,Unknown,Online Order
SUN-7192085,2023-07-03,Fudgy Brownies,Dessert,DST-02,1,25000,25000,Debit Card,Unknown
SUN-7673803,2023-07-04,Fudgy Brownies,Dessert,DST-02,1,25000,25000,Debit Card,Take Away
SUN-8758197,2023-12-10,Fudgy Brownies,Dessert,DST-02,4,25000,100000,Digital Wallet,Online Order
SUN-4568868,2023-03-22,Fudgy Brownies,Dessert,DST-02,3,25000,75000,Digital Wallet,Take Away
SUN-9047072,2023-06-24,New York Cheesecake,Dessert,DST-03,3,42000,126000,Debit Card,Take Away
SUN-3608851,2023-02-14,Nasi Goreng Kampung,Food,FOD-03,3,38000,114000,Cash,Dine In
SUN-1069054,2023-05-28,Espreso Single,Drinks,DRK-01,1,22000,22000,Debit Card,Take Away
SUN-6649079,2023-11-13,Iced Americano,Drinks,DRK-02,3,28000,84000,Debit Card,Online Order
SUN-6748293,2023-11-28,Iced Americano,Drinks,DRK-02,3,28000,84000,Debit Card,Dine In
SUN-3341097,2023-03-19,Choco Lava Cake,Dessert,DST-04,3,35000,105000,Debit Card,Unknown
SUN-6245663,2023-07-25,Caramel Machiato,Drinks,DRK-04,3,38000,114000,Debit Card,Take Away
SUN-8295518,2023-10-08,Grill Chicken Caesar Salad,Food,FOD-04,2,42000,84000,Debit Card,Take Away
SUN-5862153,2023-07-22,Choco Lava Cake,Dessert,DST-04,4,35000,140000,Digital Wallet,Online Order
SUN-3321940,2023-11-30,Beef Carbonara Pasta,Food,FOD-02,2,52000,104000,Digital Wallet,Online Order
SUN-8611224,2023-04-05,Espreso Single,Drinks,DRK-01,4,22000,88000,Digital Wallet,Online Order
SUN-8489450,2023-02-25,Creamy Maycha Latte,Drinks,DRK-05,3,35000,105000,Digital Wallet,Online Order
SUN-3867402,2023-11-13,Nasi Goreng Kampung,Food,FOD-03,4,38000,152000,Unknown,Unknown
SUN-7744701,2023-10-01,New York Cheesecake,Dessert,DST-03,3,42000,126000,Digital Wallet,Take Away
SUN-5425319,2023-12-30,Fudgy Brownies,Dessert,DST-02,4,25000,100000,Debit Card,Dine In
SUN-9979573,2023-08-05,Fudgy Brownies,Dessert,DST-02,1,25000,25000,Digital Wallet,Take Away
SUN-2578930,2023-01-29,Cinnamon Roll,Dessert,DST-05,2,28000,56000,Cash,Dine In
SUN-4366607,2023-07-28,Buttermilk Fried Chicken,Food,FOD-01,4,48000,192000,Digital Wallet,Take Away
SUN-7126890,2023-05-04,Creamy Maycha Latte,Drinks,DRK-05,3,35000,105000,Debit Card,Unknown
SUN-7362296,2023-01-09,Fudgy Brownies,Dessert,DST-02,1,25000,25000,Cash,Take Away
SUN-8002613,2023-11-07,Choco Lava Cake,Dessert,DST-04,1,35000,35000,Digital Wallet,Take Away
SUN-3610060,2023-01-09,Grill Chicken Caesar Salad,Food,FOD-04,3,42000,126000,Cash,Dine In
SUN-6148389,2023-03-05,Buttermilk Fried Chicken,Food,FOD-01,4,48000,192000,Digital Wallet,Unknown
SUN-4487726,2023-06-10,Classic Tirmaisu,Dessert,DST-01,2,38000,76000,Cash,Take Away
SUN-8920948,2023-09-25,Grill Chicken Caesar Salad,Food,FOD-04,3,42000,126000,Digital Wallet,Dine In
SUN-2718164,2023-08-24,Caramel Machiato,Drinks,DRK-04,4,38000,152000,Debit Card,Online Order
SUN-4471028,2023-09-22,Grill Chicken Caesar Salad,Food,FOD-04,4,42000,168000,Digital Wallet,Online Order
SUN-7285539,2023-10-10,New York Cheesecake,Dessert,DST-03,2,42000,84000,Debit Card,Take Away
SUN-4024891,2023-08-22,Choco Lava Cake,Dessert,DST-04,2,35000,70000,Digital Wallet,Take Away
SUN-3882072,2023-12-18,Grill Chicken Caesar Salad,Food,FOD-04,4,42000,168000,Unknown,Dine In
SUN-7786980,2023-05-03,Caramel Machiato,Drinks,DRK-04,1,38000,38000,Cash,Dine In
SUN-3456905,2023-06-27,Classic Tirmaisu,Dessert,DST-01,3,38000,114000,Unknown,Online Order
SUN-2987310,2023-08-27,Club Sandwich,Food,FOD-05,1,45000,45000,Digital Wallet,Take Away
SUN-8498957,2023-07-29,Nasi Goreng Kampung,Food,FOD-03,1,38000,38000,Debit Card,Take Away
SUN-3532846,2023-08-17,Buttermilk Fried Chicken,Food,FOD-01,4,48000,192000,Digital Wallet,Dine In
SUN-9077720,2023-05-09,Cafe Latte,Drinks,DRK-03,1,32000,32000,Digital Wallet,Take Away
SUN-1254277,2023-09-22,Cinnamon Roll,Dessert,DST-05,4,28000,112000,Debit Card,Online Order
SUN-6786569,2023-09-18,Classic Tirmaisu,Dessert,DST-01,4,38000,152000,Debit Card,Take Away
SUN-3550140,2023-05-27,Cafe Latte,Drinks,DRK-03,2,32000,64000,Debit Card,Take Away
SUN-7997621,2023-03-25,Choco Lava Cake,Dessert,DST-04,4,35000,140000,Cash,Unknown
SUN-9720495,2023-08-20,Iced Americano,Drinks,DRK-02,4,28000,112000,Digital Wallet,Online Order
SUN-3700981,2023-04-07,Choco Lava Cake,Dessert,DST-04,3,35000,105000,Debit Card,Take Away
SUN-5781703,2023-01-07,Choco Lava Cake,Dessert,DST-04,4,35000,140000,Debit Card,Online Order
SUN-2853137,2023-05-05,New York Cheesecake,Dessert,DST-03,4,42000,168000,Digital Wallet,Dine In
SUN-4163481,2023-01-25,Grill Chicken Caesar Salad,Food,FOD-04,4,42000,168000,Digital Wallet,Take Away
SUN-1649110,2023-11-14,Cafe Latte,Drinks,DRK-03,3,32000,96000,Cash,Dine In
SUN-7159038,2023-03-13,Iced Americano,Drinks,DRK-02,3,28000,84000,Debit Card,Online Order
SUN-4230718,2023-07-03,Beef Carbonara Pasta,Food,FOD-02,1,52000,52000,Debit Card,Online Order
SUN-8568533,2023-01-27,Nasi Goreng Kampung,Food,FOD-03,1,38000,38000,Digital Wallet,Online Order
SUN-3624192,2023-02-25,Iced Americano,Drinks,DRK-02,1,28000,28000,Digital Wallet,Take Away
SUN-5863452,2023-06-24,Grill Chicken Caesar Salad,Food,FOD-04,3,42000,126000,Digital Wallet,Unknown
SUN-4727225,2023-09-08,Fudgy Brownies,Dessert,DST-02,4,25000,100000,Debit Card,Unknown
SUN-5942856,2023-09-17,New York Cheesecake,Dessert,DST-03,1,42000,42000,Digital Wallet,Unknown
SUN-7200933,2023-08-15,Grill Chicken Caesar Salad,Food,FOD-04,3,42000,126000,Debit Card,Take Away
SUN-7769908,2023-01-05,Choco Lava Cake,Dessert,DST-04,1,35000,35000,Unknown,Take Away
SUN-8212864,2023-10-12,Buttermilk Fried Chicken,Food,FOD-01,4,48000,192000,Cash,Dine In
SUN-8081493,2023-07-26,Buttermilk Fried Chicken,Food,FOD-01,1,48000,48000,Unknown,Online Order
SUN-4040267,,Cinnamon Roll,Dessert,DST-05,3,28000,84000,Debit Card,Online Order
SUN-3131775,2023-10-19,Fudgy Brownies,Dessert,DST-02,1,25000,25000,Debit Card,Take Away
SUN-3901594,2023-05-27,Club Sandwich,Food,FOD-05,1,45000,45000,Digital Wallet,Dine In
SUN-1916747,2023-06-28,Cinnamon Roll,Dessert,DST-05,1,28000,28000,Digital Wallet,Dine In
SUN-1283182,2023-05-14,Cafe Latte,Drinks,DRK-03,1,32000,32000,Digital Wallet,Unknown
SUN-8425011,2023-09-17,Club Sandwich,Food,FOD-05,3,45000,135000,Unknown,Take Away
SUN-3122345,2023-02-27,Cinnamon Roll,Dessert,DST-05,2,28000,56000,Debit Card,Take Away
SUN-3166501,2023-11-09,Caramel Machiato,Drinks,DRK-04,3,38000,114000,Digital Wallet,Unknown
SUN-9143072,2023-04-03,Classic Tirmaisu,Dessert,DST-01,2,38000,76000,Debit Card,Dine In
SUN-5209444,2023-06-01,Creamy Maycha Latte,Drinks,DRK-05,4,35000,140000,Cash,Take Away
SUN-9911838,2023-01-25,Choco Lava Cake,Dessert,DST-04,2,35000,70000,Cash,Take Away
SUN-1041027,2023-01-26,Cafe Latte,Drinks,DRK-03,1,32000,32000,Unknown,Unknown
SUN-1437522,2023-01-15,Cinnamon Roll,Dessert,DST-05,2,28000,56000,Debit Card,Online Order
SUN-3451325,2023-03-20,Nasi Goreng Kampung,Food,FOD-03,1,38000,38000,Debit Card,Dine In
SUN-7505630,2023-07-07,Club Sandwich,Food,FOD-05,3,45000,135000,Digital Wallet,Unknown
SUN-9868346,2023-01-10,Caramel Machiato,Drinks,DRK-04,3,38000,114000,Debit Card,Unknown
SUN-8685944,2023-11-30,Fudgy Brownies,Dessert,DST-02,3,25000,75000,Digital Wallet,Take Away
SUN-9618904,2023-04-08,Classic Tirmaisu,Dessert,DST-01,3,38000,114000,Digital Wallet,Take Away
SUN-3382008,2023-01-20,Grill Chicken Caesar Salad,Food,FOD-04,1,42000,42000,Cash,Dine In
SUN-3175608,2023-11-03,Classic Tirmaisu,Dessert,DST-01,2,38000,76000,Unknown,Online Order
SUN-4319338,2023-02-16,Fudgy Brownies,Dessert,DST-02,2,25000,50000,Debit Card,Unknown
SUN-4864590,2023-08-19,Cafe Latte,Drinks,DRK-03,3,32000,96000,Cash,Dine In
SUN-6270048,2023-10-30,Espreso Single,Drinks,DRK-01,,22000,,Digital Wallet,Take Away
SUN-4342586,2023-10-11,Cinnamon Roll,Dessert,DST-05,4,28000,112000,Debit Card,Take Away
SUN-2518980,2023-12-13,Cafe Latte,Drinks,DRK-03,2,32000,64000,Digital Wallet,Dine In
SUN-7844791,2023-10-18,Beef Carbonara Pasta,Food,FOD-02,1,52000,52000,Debit Card,Unknown
SUN-7487573,2023-02-22,Club Sandwich,Food,FOD-05,3,45000,135000,Digital Wallet,Dine In
SUN-1347012,2023-08-30,Fudgy Brownies,Dessert,DST-02,3,25000,75000,Debit Card,Online Order
SUN-9404707,2023-10-17,Nasi Goreng Kampung,Food,FOD-03,1,38000,38000,Digital Wallet,Dine In
SUN-7166688,2023-04-21,Grill Chicken Caesar Salad,Food,FOD-04,3,42000,126000,Unknown,Dine In
SUN-4527919,2023-02-18,Club Sandwich,Food,FOD-05,3,45000,135000,Debit Card,Unknown
SUN-1164963,,Unknown,Unknown,Unknown,1,38000,38000,Cash,Take Away
SUN-2437689,2023-06-23,Choco Lava Cake,Dessert,DST-04,1,35000,35000,Digital Wallet,Online Order
SUN-2551118,2023-04-26,Caramel Machiato,Drinks,DRK-04,4,38000,152000,Digital Wallet,Dine In
SUN-8020111,2023-12-11,Buttermilk Fried Chicken,Food,FOD-01,4,48000,192000,Debit Card,Dine In
SUN-2575880,2023-03-12,Nasi Goreng Kampung,Food,FOD-03,1,38000,38000,Debit Card,Online Order
SUN-9970995,2023-12-13,Espreso Single,Drinks,DRK-01,3,22000,66000,Debit Card,Take Away
SUN-7571571,2023-09-15,Classic Tirmaisu,Dessert,DST-01,4,38000,152000,Digital Wallet,Online Order
SUN-3240062,2023-02-05,Classic Tirmaisu,Dessert,DST-01,3,38000,114000,Debit Card,Online Order
SUN-9232996,2023-02-15,Creamy Maycha Latte,Drinks,DRK-05,2,35000,70000,Digital Wallet,Unknown
SUN-2470552,2023-08-14,Buttermilk Fried Chicken,Food,FOD-01,4,48000,192000,Digital Wallet,Online Order
SUN-4873280,2023-09-24,Nasi Goreng Kampung,Food,FOD-03,4,38000,152000,Digital Wallet,Unknown
SUN-7515633,2023-04-15,Caramel Machiato,Drinks,DRK-04,1,38000,38000,Digital Wallet,Dine In
SUN-2862217,2023-08-20,Cafe Latte,Drinks,DRK-03,3,32000,96000,Digital Wallet,Take Away
SUN-2726421,2023-12-05,Caramel Machiato,Drinks,DRK-04,4,38000,152000,Cash,Unknown
SUN-4687924,2023-11-19,Classic Tirmaisu,Dessert,DST-01,4,38000,152000,Digital Wallet,Dine In
SUN-4416141,2023-08-25,Creamy Maycha Latte,Drinks,DRK-05,1,35000,35000,Debit Card,Dine In
SUN-6639472,2023-05-22,Club Sandwich,Food,FOD-05,3,45000,135000,Debit Card,Dine In
SUN-5311929,2023-08-30,Choco Lava Cake,Dessert,DST-04,1,35000,35000,Unknown,Take Away
SUN-1815525,2023-11-07,Grill Chicken Caesar Salad,Food,FOD-04,1,42000,42000,Digital Wallet,Take Away
SUN-6431935,2023-07-24,Choco Lava Cake,Dessert,DST-04,4,35000,140000,Debit Card,Take Away
SUN-5119007,2023-10-20,Classic Tirmaisu,Dessert,DST-01,,38000,,Debit Card,Unknown
SUN-4391152,2023-02-04,Classic Tirmaisu,Dessert,DST-01,3,38000,114000,Debit Card,Online Order
SUN-9140549,2023-06-30,Choco Lava Cake,Dessert,DST-04,2,35000,70000,Debit Card,Dine In
SUN-8234220,2023-10-21,Classic Tirmaisu,Dessert,DST-01,4,38000,152000,Unknown,Unknown
SUN-1568918,2023-09-07,Fudgy Brownies,Dessert,DST-02,3,25000,75000,Debit Card,Take Away
SUN-8141756,2023-02-22,Classic Tirmaisu,Dessert,DST-01,3,38000,114000,Digital Wallet,Dine In
SUN-6433814,2023-05-16,Espreso Single,Drinks,DRK-01,1,22000,22000,Digital Wallet,Take Away
SUN-4986630,2023-11-09,Club Sandwich,Food,FOD-05,4,45000,180000,Unknown,Unknown
SUN-2910565,2023-01-10,Choco Lava Cake,Dessert,DST-04,3,35000,105000,Unknown,Dine In
SUN-2485829,2023-06-15,Creamy Maycha Latte,Drinks,DRK-05,3,35000,105000,Debit Card,Take Away
SUN-4037880,2023-08-02,Caramel Machiato,Drinks,DRK-04,4,38000,152000,Digital Wallet,Take Away
SUN-3082461,2023-06-29,Caramel Machiato,Drinks,DRK-04,4,38000,152000,Digital Wallet,Online Order
SUN-7696732,2023-04-21,Creamy Maycha Latte,Drinks,DRK-05,2,35000,70000,Debit Card,Online Order
SUN-8271632,2023-01-08,Buttermilk Fried Chicken,Food,FOD-01,3,48000,144000,Debit Card,Online Order
SUN-5347158,2023-10-08,Nasi Goreng Kampung,Food,FOD-03,3,38000,114000,Unknown,Online Order
SUN-1866420,2023-07-23,Caramel Machiato,Drinks,DRK-04,3,38000,114000,Debit Card,Take Away
SUN-2655333,2023-01-04,Cafe Latte,Drinks,DRK-03,4,32000,128000,Unknown,Take Away
SUN-6737839,2023-07-27,Cinnamon Roll,Dessert,DST-05,3,28000,84000,Digital Wallet,Online Order
SUN-5492802,2023-02-11,New York Cheesecake,Dessert,DST-03,2,42000,84000,Debit Card,Dine In
SUN-9373208,2023-03-05,New York Cheesecake,Dessert,DST-03,2,42000,84000,Debit Card,Unknown
SUN-4542687,2023-04-10,Cafe Latte,Drinks,DRK-03,3,32000,96000,Digital Wallet,Online Order
SUN-1887351,2023-07-03,Classic Tirmaisu,Dessert,DST-01,1,38000,38000,Digital Wallet,Online Order
SUN-7403232,2023-06-04,New York Cheesecake,Dessert,DST-03,2,42000,84000,Unknown,Dine In
SUN-7306881,2023-09-13,Creamy Maycha Latte,Drinks,DRK-05,3,35000,105000,Debit Card,Take Away
SUN-6427555,2023-09-28,Cafe Latte,Drinks,DRK-03,4,32000,128000,Cash,Unknown
SUN-5901968,2023-01-21,Choco Lava Cake,Dessert,DST-04,3,35000,105000,Digital Wallet,Take Away
SUN-6851524,2023-11-28,Iced Americano,Drinks,DRK-02,1,28000,28000,Unknown,Online Order
SUN-6339030,2023-10-29,Cinnamon Roll,Dessert,DST-05,1,28000,28000,Cash,Unknown
SUN-9874475,2023-06-15,Caramel Machiato,Drinks,DRK-04,3,38000,114000,Unknown,Take Away
SUN-2344070,2023-08-01,Creamy Maycha Latte,Drinks,DRK-05,1,35000,35000,Debit Card,Dine In
SUN-1331219,2023-10-28,Club Sandwich,Food,FOD-05,1,45000,45000,Digital Wallet,Dine In
SUN-2940725,2023-10-25,Cafe Latte,Drinks,DRK-03,2,32000,64000,Unknown,Dine In
SUN-3678845,2023-08-28,Cinnamon Roll,Dessert,DST-05,2,28000,56000,Cash,Take Away
SUN-4299712,2023-05-20,Club Sandwich,Food,FOD-05,4,45000,180000,Cash,Dine In
SUN-5349948,2023-02-17,Club Sandwich,Food,FOD-05,1,45000,45000,Cash,Dine In
SUN-1045376,2023-10-15,Beef Carbonara Pasta,Food,FOD-02,4,52000,208000,Debit Card,Dine In
SUN-7107674,2023-02-21,New York Cheesecake,Dessert,DST-03,1,42000,42000,Digital Wallet,Take Away
SUN-4340332,2023-06-23,Grill Chicken Caesar Salad,Food,FOD-04,1,42000,42000,Cash,Dine In
SUN-3233162,2023-04-13,New York Cheesecake,Dessert,DST-03,3,42000,126000,Debit Card,Take Away
SUN-7077825,2023-04-29,Cafe Latte,Drinks,DRK-03,3,32000,96000,Unknown,Online Order
SUN-1117090,2023-11-23,Classic Tirmaisu,Dessert,DST-01,1,38000,38000,Debit Card,Online Order
SUN-1554719,2023-04-18,Classic Tirmaisu,Dessert,DST-01,4,38000,152000,Unknown,Dine In
SUN-4523807,2023-01-02,Classic Tirmaisu,Dessert,DST-01,2,38000,76000,Debit Card,Take Away
SUN-2072296,2023-02-22,Buttermilk Fried Chicken,Food,FOD-01,2,48000,96000,Digital Wallet,Dine In
SUN-9000464,2023-01-01,Grill Chicken Caesar Salad,Food,FOD-04,2,42000,84000,Debit Card,Take Away
SUN-7901483,2023-11-22,Espreso Single,Drinks,DRK-01,3,22000,66000,Debit Card,Online Order
SUN-2336268,2023-11-08,Iced Americano,Drinks,DRK-02,1,28000,28000,Cash,Dine In
SUN-1408050,2023-10-03,Creamy Maycha Latte,Drinks,DRK-05,1,35000,35000,Debit Card,Take Away
SUN-8056852,2023-10-04,Cafe Latte,Drinks,DRK-03,1,32000,32000,Unknown,Online Order
SUN-3175935,2023-01-24,Cafe Latte,Drinks,DRK-03,1,32000,32000,Digital Wallet,Unknown
SUN-8805652,2023-11-06,Classic Tirmaisu,Dessert,DST-01,3,38000,114000,Unknown,Online Order
SUN-4446673,2023-04-19,Nasi Goreng Kampung,Food,FOD-03,2,38000,76000,Unknown,Online Order
SUN-4291673,2023-09-14,Classic Tirmaisu,Dessert,DST-01,3,38000,114000,Cash,Take Away
SUN-5776589,2023-12-29,Iced Americano,Drinks,DRK-02,1,28000,28000,Digital Wallet,Online Order
SUN-1190737,2023-10-22,Choco Lava Cake,Dessert,DST-04,3,35000,105000,Debit Card,Take Away
SUN-3599377,2023-09-21,Iced Americano,Drinks,DRK-02,1,28000,28000,Digital Wallet,Take Away
SUN-5464094,2023-02-05,Grill Chicken Caesar Salad,Food,FOD-04,2,42000,84000,Digital Wallet,Unknown
SUN-9899835,2023-05-03,Grill Chicken Caesar Salad,Food,FOD-04,4,42000,168000,Debit Card,Online Order
SUN-2517364,2023-07-31,Beef Carbonara Pasta,Food,FOD-02,2,52000,104000,Debit Card,Take Away
SUN-4334398,2023-02-10,Club Sandwich,Food,FOD-05,4,45000,180000,Unknown,Take Away
SUN-2284676,2023-05-10,Caramel Machiato,Drinks,DRK-04,3,38000,114000,Cash,Dine In
SUN-9688552,2023-08-10,Espreso Single,Drinks,DRK-01,3,22000,66000,Unknown,Online Order
SUN-6070487,2023-07-15,Cafe Latte,Drinks,DRK-03,3,32000,96000,Digital Wallet,Online Order
SUN-4823655,2023-01-01,New York Cheesecake,Dessert,DST-03,3,42000,126000,Debit Card,Take Away
SUN-6449478,2023-04-25,Creamy Maycha Latte,Drinks,DRK-05,4,35000,140000,Debit Card,Dine In
SUN-2192402,2023-03-06,Espreso Single,Drinks,DRK-01,1,22000,22000,Digital Wallet,Online Order
SUN-6273714,2023-03-21,Creamy Maycha Latte,Drinks,DRK-05,2,35000,70000,Debit Card,Online Order
SUN-9038383,2023-12-16,Iced Americano,Drinks,DRK-02,4,28000,112000,Unknown,Online Order
SUN-8165710,2023-03-08,Fudgy Brownies,Dessert,DST-02,2,25000,50000,Cash,Dine In
SUN-1899480,2023-05-04,Caramel Machiato,Drinks,DRK-04,2,38000,76000,Debit Card,Online Order
SUN-4764793,2023-02-10,Espreso Single,Drinks,DRK-01,1,22000,22000,Debit Card,Dine In
SUN-8292693,2023-10-15,Caramel Machiato,Drinks,DRK-04,4,38000,152000,Digital Wallet,Take Away
SUN-2600301,2023-05-19,New York Cheesecake,Dessert,DST-03,3,42000,126000,Digital Wallet,Take Away
SUN-6448980,2023-07-14,Grill Chicken Caesar Salad,Food,FOD-04,1,42000,42000,Cash,Dine In
SUN-1539854,2023-10-31,Grill Chicken Caesar Salad,Food,FOD-04,4,42000,168000,Unknown,Unknown
SUN-2915707,2023-11-03,Nasi Goreng Kampung,Food,FOD-03,1,38000,38000,Digital Wallet,Take Away
SUN-5000339,2023-07-30,Espreso Single,Drinks,DRK-01,3,22000,66000,Digital Wallet,Online Order
SUN-1632299,2023-02-06,Espreso Single,Drinks,DRK-01,4,22000,88000,Digital Wallet,Take Away
SUN-4672911,2023-04-19,Classic Tirmaisu,Dessert,DST-01,3,38000,114000,Debit Card,Online Order
SUN-8947673,2023-03-19,Iced Americano,Drinks,DRK-02,1,28000,28000,Digital Wallet,Take Away
SUN-2321270,2023-11-28,Choco Lava Cake,Dessert,DST-04,1,35000,35000,Cash,Take Away
SUN-5172460,2023-09-14,Cafe Latte,Drinks,DRK-03,1,32000,32000,Unknown,Take Away
SUN-6416706,2023-05-14,Nasi Goreng Kampung,Food,FOD-03,2,38000,76000,Unknown,Online Order
SUN-8397855,2023-01-15,Iced Americano,Drinks,DRK-02,1,28000,28000,Unknown,Dine In
SUN-3986538,,Espreso Single,Drinks,DRK-01,3,22000,66000,Digital Wallet,Online Order
SUN-1767110,2023-11-28,Caramel Machiato,Drinks,DRK-04,1,38000,38000,Debit Card,Online Order
SUN-1016062,2023-10-14,Caramel Machiato,Drinks,DRK-04,4,38000,152000,Debit Card,Online Order
SUN-2833231,2023-11-17,Beef Carbonara Pasta,Food,FOD-02,2,52000,104000,Digital Wallet,Online Order
SUN-4439433,2023-05-31,Cafe Latte,Drinks,DRK-03,4,32000,128000,Digital Wallet,Unknown
SUN-8155818,2023-01-06,Cafe Latte,Drinks,DRK-03,4,32000,128000,Cash,Dine In
SUN-9953202,2023-04-04,Cinnamon Roll,Dessert,DST-05,1,28000,28000,Debit Card,Dine In
SUN-8082302,2023-04-15,Club Sandwich,Food,FOD-05,1,45000,45000,Cash,Dine In
SUN-2529504,2023-05-27,New York Cheesecake,Dessert,DST-03,2,42000,84000,Cash,Dine In
SUN-2601967,2023-03-13,Beef Carbonara Pasta,Food,FOD-02,1,52000,52000,Cash,Unknown
SUN-8339341,2023-07-20,Club Sandwich,Food,FOD-05,2,45000,90000,Digital Wallet,Unknown
SUN-4296953,2023-01-26,Classic Tirmaisu,Dessert,DST-01,1,38000,38000,Digital Wallet,Dine In
SUN-1820420,2023-11-30,Beef Carbonara Pasta,Food,FOD-02,4,52000,208000,Debit Card,Dine In
SUN-9959351,2023-02-02,Beef Carbonara Pasta,Food,FOD-02,2,52000,104000,Unknown,Take Away
SUN-4110853,2023-10-04,Iced Americano,Drinks,DRK-02,1,28000,28000,Digital Wallet,Online Order
SUN-6655432,2023-03-31,Espreso Single,Drinks,DRK-01,2,22000,44000,Debit Card,Dine In
SUN-1553956,2023-11-24,Buttermilk Fried Chicken,Food,FOD-01,2,48000,96000,Debit Card,Online Order
SUN-7998469,2023-12-20,Creamy Maycha Latte,Drinks,DRK-05,2,35000,70000,Debit Card,Take Away
SUN-3787290,2023-07-06,Nasi Goreng Kampung,Food,FOD-03,4,38000,152000,Digital Wallet,Online Order
SUN-5075739,2023-06-16,Fudgy Brownies,Dessert,DST-02,1,25000,25000,Debit Card,Unknown
SUN-3067747,2023-06-22,Grill Chicken Caesar Salad,Food,FOD-04,2,42000,84000,Cash,Take Away
SUN-2958126,2023-11-09,Iced Americano,Drinks,DRK-02,4,28000,112000,Debit Card,Online Order
SUN-9872957,2023-05-30,Grill Chicken Caesar Salad,Food,FOD-04,1,42000,42000,Debit Card,Unknown
SUN-8043386,2023-04-11,Club Sandwich,Food,FOD-05,3,45000,135000,Digital Wallet,Take Away
SUN-6157625,2023-03-03,Beef Carbonara Pasta,Food,FOD-02,1,52000,52000,Cash,Dine In
SUN-5812622,2023-09-15,Classic Tirmaisu,Dessert,DST-01,2,38000,76000,Digital Wallet,Dine In
SUN-9980275,2023-10-27,Espreso Single,Drinks,DRK-01,1,22000,22000,Digital Wallet,Take Away
SUN-2273306,2023-10-04,Buttermilk Fried Chicken,Food,FOD-01,2,48000,96000,Debit Card,Dine In
SUN-3215020,2023-02-05,Choco Lava Cake,Dessert,DST-04,2,35000,70000,Unknown,Unknown
SUN-8262723,2023-04-25,Grill Chicken Caesar Salad,Food,FOD-04,2,42000,84000,Digital Wallet,Online Order
SUN-8133321,2023-04-16,New York Cheesecake,Dessert,DST-03,2,42000,84000,Unknown,Take Away
SUN-4442819,2023-12-10,Grill Chicken Caesar Salad,Food,FOD-04,3,42000,126000,Cash,Dine In
SUN-1393217,,Espreso Single,Drinks,DRK-01,2,22000,44000,Digital Wallet,Unknown
SUN-7557477,2023-08-10,Classic Tirmaisu,Dessert,DST-01,1,38000,38000,Debit Card,Dine In
SUN-1882589,2023-07-26,Cinnamon Roll,Dessert,DST-05,2,28000,56000,Debit Card,Dine In
SUN-9891394,2023-09-21,Caramel Machiato,Drinks,DRK-04,2,38000,76000,Digital Wallet,Dine In
SUN-2956612,2023-08-09,Creamy Maycha Latte,Drinks,DRK-05,4,35000,140000,Debit Card,Unknown
SUN-2365101,2023-11-02,Iced Americano,Drinks,DRK-02,1,28000,28000,Unknown,Dine In
SUN-1435788,2023-04-09,Nasi Goreng Kampung,Food,FOD-03,1,38000,38000,Debit Card,Unknown
SUN-6292186,2023-05-14,Cinnamon Roll,Dessert,DST-05,4,28000,112000,Debit Card,Take Away
SUN-4311835,2023-03-07,Cinnamon Roll,Dessert,DST-05,1,28000,28000,Cash,Take Away
SUN-4350323,2023-05-31,Buttermilk Fried Chicken,Food,FOD-01,4,48000,192000,Unknown,Dine In
SUN-7615131,2023-03-28,Iced Americano,Drinks,DRK-02,3,28000,84000,Digital Wallet,Dine In
SUN-6557815,2023-12-07,Cafe Latte,Drinks,DRK-03,2,32000,64000,Digital Wallet,Dine In
SUN-9737250,2023-05-02,Grill Chicken Caesar Salad,Food,FOD-04,4,42000,168000,Debit Card,Unknown
SUN-2468109,2023-04-07,Caramel Machiato,Drinks,DRK-04,2,38000,76000,Debit Card,Online Order
SUN-4383086,2023-05-23,Buttermilk Fried Chicken,Food,FOD-01,1,48000,48000,Debit Card,Online Order
SUN-4968230,2023-12-15,Creamy Maycha Latte,Drinks,DRK-05,3,35000,105000,Debit Card,Unknown
SUN-1712434,2023-10-14,Iced Americano,Drinks,DRK-02,4,28000,112000,Digital Wallet,Take Away
SUN-5486771,2023-10-10,Espreso Single,Drinks,DRK-01,1,22000,22000,Debit Card,Dine In
SUN-1541988,2023-11-27,Choco Lava Cake,Dessert,DST-04,1,35000,35000,Cash,Take Away
SUN-9664459,2023-11-15,Beef Carbonara Pasta,Food,FOD-02,2,52000,104000,Unknown,Take Away
SUN-6788694,2023-08-27,Espreso Single,Drinks,DRK-01,1,22000,22000,Debit Card,Take Away
SUN-3596008,2023-11-06,Cinnamon Roll,Dessert,DST-05,1,28000,28000,Digital Wallet,Dine In
SUN-5089892,2023-01-21,New York Cheesecake,Dessert,DST-03,1,42000,42000,Digital Wallet,Dine In
SUN-4844475,2023-05-13,Fudgy Brownies,Dessert,DST-02,2,25000,50000,Unknown,Dine In
SUN-9038309,2023-06-19,Caramel Machiato,Drinks,DRK-04,1,38000,38000,Cash,Take Away
SUN-6272466,2023-03-10,Beef Carbonara Pasta,Food,FOD-02,4,52000,208000,Digital Wallet,Online Order
SUN-2531380,2023-06-21,Grill Chicken Caesar Salad,Food,FOD-04,2,42000,84000,Digital Wallet,Take Away
SUN-2745026,2023-01-10,Choco Lava Cake,Dessert,DST-04,1,35000,35000,Cash,Dine In
SUN-9396931,2023-11-22,Creamy Maycha Latte,Drinks,DRK-05,3,35000,105000,Unknown,Dine In
SUN-1009565,2023-03-21,Grill Chicken Caesar Salad,Food,FOD-04,3,42000,126000,Digital Wallet,Online Order
SUN-6037199,2023-04-28,New York Cheesecake,Dessert,DST-03,1,42000,42000,Cash,Take Away
SUN-8924030,2023-09-19,Cafe Latte,Drinks,DRK-03,2,32000,64000,Digital Wallet,Unknown
SUN-7070113,2023-09-20,Creamy Maycha Latte,Drinks,DRK-05,3,35000,105000,Cash,Unknown
SUN-4903146,2023-12-11,Iced Americano,Drinks,DRK-02,2,28000,56000,Cash,Unknown
SUN-3397536,2023-10-15,Cafe Latte,Drinks,DRK-03,4,32000,128000,Debit Card,Unknown
SUN-9853938,2023-01-30,Choco Lava Cake,Dessert,DST-04,1,35000,35000,Debit Card,Dine In
SUN-4557990,2023-07-06,Creamy Maycha Latte,Drinks,DRK-05,2,35000,70000,Cash,Dine In
SUN-8920557,2023-08-24,New York Cheesecake,Dessert,DST-03,1,42000,42000,Debit Card,Take Away
SUN-3765563,2023-06-29,Club Sandwich,Food,FOD-05,1,45000,45000,Debit Card,Online Order
SUN-6535628,2023-01-26,Iced Americano,Drinks,DRK-02,4,28000,112000,Unknown,Dine In
SUN-7519433,2023-02-13,Choco Lava Cake,Dessert,DST-04,1,35000,35000,Debit Card,Dine In
SUN-4213534,2023-11-22,Iced Americano,Drinks,DRK-02,4,28000,112000,Digital Wallet,Online Order
SUN-1049399,2023-01-23,New York Cheesecake,Dessert,DST-03,3,42000,126000,Digital Wallet,Online Order
SUN-3149447,2023-03-25,Choco Lava Cake,Dessert,DST-04,2,35000,70000,Debit Card,Dine In
SUN-2015127,2023-12-21,Beef Carbonara Pasta,Food,FOD-02,4,52000,208000,Debit Card,Take Away
SUN-1200308,2023-04-26,Espreso Single,Drinks,DRK-01,4,22000,88000,Unknown,Dine In
SUN-7038782,2023-07-25,Caramel Machiato,Drinks,DRK-04,1,38000,38000,Cash,Unknown
SUN-4553856,2023-02-28,Fudgy Brownies,Dessert,DST-02,4,25000,100000,Unknown,Dine In
SUN-4693894,2023-04-08,Choco Lava Cake,Dessert,DST-04,1,35000,35000,Debit Card,Online Order
SUN-9971210,2023-08-14,Caramel Machiato,Drinks,DRK-04,2,38000,76000,Cash,Dine In
SUN-4539574,2023-10-21,Classic Tirmaisu,Dessert,DST-01,2,38000,76000,Cash,Unknown
SUN-1768692,2023-06-11,Espreso Single,Drinks,DRK-01,4,22000,88000,Digital Wallet,Unknown
SUN-1022525,2023-01-20,Buttermilk Fried Chicken,Food,FOD-01,3,48000,144000,Digital Wallet,Dine In
SUN-1838572,2023-02-23,Fudgy Brownies,Dessert,DST-02,,25000,,Unknown,Dine In
SUN-1892337,,Classic Tirmaisu,Dessert,DST-01,3,38000,114000,Cash,Unknown
SUN-1644563,2023-05-23,Choco Lava Cake,Dessert,DST-04,3,35000,105000,Debit Card,Unknown
SUN-3368656,2023-03-04,Espreso Single,Drinks,DRK-01,2,22000,44000,Digital Wallet,Online Order
SUN-9943664,2023-12-05,Beef Carbonara Pasta,Food,FOD-02,3,52000,156000,Digital Wallet,Take Away
SUN-7906618,2023-12-26,Choco Lava Cake,Dessert,DST-04,2,35000,70000,Debit Card,Online Order
SUN-8474129,2023-05-02,Nasi Goreng Kampung,Food,FOD-03,3,38000,114000,Digital Wallet,Online Order
SUN-2783606,2023-04-18,Caramel Machiato,Drinks,DRK-04,3,38000,114000,Cash,Take Away
SUN-1479159,2023-11-10,Club Sandwich,Food,FOD-05,4,45000,180000,Debit Card,Online Order
SUN-6488319,2023-11-28,Grill Chicken Caesar Salad,Food,FOD-04,1,42000,42000,Cash,Unknown
SUN-4903829,2023-08-25,Creamy Maycha Latte,Drinks,DRK-05,2,35000,70000,Debit Card,Dine In
SUN-3852385,2023-01-16,Club Sandwich,Food,FOD-05,4,45000,180000,Debit Card,Online Order
SUN-2603579,2023-02-02,Iced Americano,Drinks,DRK-02,2,28000,56000,Unknown,Take Away
SUN-8100811,2023-02-23,Iced Americano,Drinks,DRK-02,2,28000,56000,Cash,Take Away
SUN-2520183,2023-08-17,Beef Carbonara Pasta,Food,FOD-02,4,52000,208000,Cash,Dine In
SUN-1836419,2023-01-14,Buttermilk Fried Chicken,Food,FOD-01,1,48000,48000,Digital Wallet,Take Away
SUN-5917597,2023-05-25,Espreso Single,Drinks,DRK-01,1,22000,22000,Debit Card,Online Order
SUN-2705922,2023-04-15,Caramel Machiato,Drinks,DRK-04,1,38000,38000,Debit Card,Take Away
SUN-4434420,2023-09-06,Caramel Machiato,Drinks,DRK-04,3,38000,114000,Digital Wallet,Online Order
SUN-9910081,2023-10-03,Club Sandwich,Food,FOD-05,1,45000,45000,Cash,Dine In
SUN-4402874,2023-01-01,Espreso Single,Drinks,DRK-01,2,22000,44000,Digital Wallet,Online Order
SUN-4528122,2023-02-26,Classic Tirmaisu,Dessert,DST-01,2,38000,76000,Debit Card,Take Away
SUN-6823919,2023-01-25,Classic Tirmaisu,Dessert,DST-01,3,38000,114000,Digital Wallet,Online Order
SUN-5426913,2023-02-18,Fudgy Brownies,Dessert,DST-02,2,25000,50000,Debit Card,Online Order
SUN-5083045,2023-04-13,Espreso Single,Drinks,DRK-01,4,22000,88000,Debit Card,Online Order
SUN-9474137,2023-09-17,Club Sandwich,Food,FOD-05,2,45000,90000,Debit Card,Dine In
SUN-3056897,2023-09-09,Nasi Goreng Kampung,Food,FOD-03,3,38000,114000,Debit Card,Dine In
SUN-8718361,2023-07-24,Grill Chicken Caesar Salad,Food,FOD-04,4,42000,168000,Unknown,Take Away
SUN-6569587,2023-11-01,Buttermilk Fried Chicken,Food,FOD-01,2,48000,96000,Cash,Unknown
SUN-7509947,2023-01-22,Creamy Maycha Latte,Drinks,DRK-05,1,35000,35000,Cash,Dine In
SUN-2496158,2023-05-01,Fudgy Brownies,Dessert,DST-02,4,25000,100000,Cash,Dine In
SUN-5799245,2023-04-14,Beef Carbonara Pasta,Food,FOD-02,3,52000,156000,Cash,Take Away
SUN-8933872,2023-01-30,Cafe Latte,Drinks,DRK-03,,32000,,Cash,Take Away
SUN-5171404,2023-10-03,Cafe Latte,Drinks,DRK-03,3,32000,96000,Debit Card,Take Away
SUN-4889184,2023-06-15,Cinnamon Roll,Dessert,DST-05,2,28000,56000,Digital Wallet,Unknown
SUN-2372242,2023-07-19,New York Cheesecake,Dessert,DST-03,4,42000,168000,Debit Card,Online Order
SUN-4722729,2023-09-03,New York Cheesecake,Dessert,DST-03,3,42000,126000,Digital Wallet,Dine In
SUN-8838404,2023-12-11,Cinnamon Roll,Dessert,DST-05,2,28000,56000,Debit Card,Unknown
SUN-6500629,2023-10-08,Nasi Goreng Kampung,Food,FOD-03,4,38000,152000,Debit Card,Dine In
SUN-4811841,2023-10-09,Grill Chicken Caesar Salad,Food,FOD-04,1,42000,42000,Digital Wallet,Take Away
SUN-2245721,2023-06-03,Classic Tirmaisu,Dessert,DST-01,2,38000,76000,Unknown,Take Away
SUN-2735559,2023-09-28,Beef Carbonara Pasta,Food,FOD-02,3,52000,156000,Cash,Unknown
SUN-7966235,2023-12-13,Cafe Latte,Drinks,DRK-03,4,32000,128000,Debit Card,Unknown
SUN-3881195,2023-10-23,Caramel Machiato,Drinks,DRK-04,1,38000,38000,Unknown,Dine In
SUN-3702255,2023-11-14,Espreso Single,Drinks,DRK-01,4,22000,88000,Cash,Take Away
SUN-5501411,2023-02-01,Cinnamon Roll,Dessert,DST-05,1,28000,28000,Digital Wallet,Online Order
SUN-3692330,2023-01-06,Iced Americano,Drinks,DRK-02,4,28000,112000,Digital Wallet,Online Order
SUN-3210727,2023-05-09,Buttermilk Fried Chicken,Food,FOD-01,1,48000,48000,Debit Card,Unknown
SUN-5339199,2023-02-12,Beef Carbonara Pasta,Food,FOD-02,4,52000,208000,Digital Wallet,Unknown
SUN-3662053,2023-10-24,Fudgy Brownies,Dessert,DST-02,1,25000,25000,Debit Card,Take Away
SUN-7297277,2023-03-24,Classic Tirmaisu,Dessert,DST-01,2,38000,76000,Debit Card,Online Order
SUN-3079134,2023-04-19,Choco Lava Cake,Dessert,DST-04,3,35000,105000,Unknown,Take Away
SUN-1382753,2023-12-17,New York Cheesecake,Dessert,DST-03,4,42000,168000,Digital Wallet,Online Order
SUN-2594470,2023-06-12,Cafe Latte,Drinks,DRK-03,3,32000,96000,Digital Wallet,Take Away
SUN-8423946,2023-11-17,Buttermilk Fried Chicken,Food,FOD-01,1,48000,48000,Cash,Take Away
SUN-5448191,2023-08-16,Creamy Maycha Latte,Drinks,DRK-05,4,35000,140000,Digital Wallet,Dine In
SUN-8946998,2023-10-14,Classic Tirmaisu,Dessert,DST-01,4,38000,152000,Digital Wallet,Online Order
SUN-8131193,2023-02-10,Grill Chicken Caesar Salad,Food,FOD-04,4,42000,168000,Unknown,Take Away
SUN-2151609,2023-04-17,Buttermilk Fried Chicken,Food,FOD-01,1,48000,48000,Cash,Take Away
SUN-4097767,2023-09-12,Cinnamon Roll,Dessert,DST-05,1,28000,28000,Digital Wallet,Unknown
SUN-6425413,2023-01-13,Caramel Machiato,Drinks,DRK-04,3,38000,114000,Unknown,Online Order
SUN-5038920,2023-05-25,Grill Chicken Caesar Salad,Food,FOD-04,2,42000,84000,Cash,Unknown
SUN-4838269,2023-02-23,Nasi Goreng Kampung,Food,FOD-03,4,38000,152000,Digital Wallet,Dine In
SUN-7383479,2023-11-17,Fudgy Brownies,Dessert,DST-02,2,25000,50000,Digital Wallet,Unknown
SUN-8270184,2023-09-26,Cafe Latte,Drinks,DRK-03,3,32000,96000,Unknown,Take Away
SUN-3947352,2023-06-28,Espreso Single,Drinks,DRK-01,1,22000,22000,Digital Wallet,Take Away
SUN-1934219,2023-06-06,Creamy Maycha Latte,Drinks,DRK-05,4,35000,140000,Digital Wallet,Dine In
SUN-3850080,2023-01-12,Buttermilk Fried Chicken,Food,FOD-01,4,48000,192000,Unknown,Take Away
SUN-8485178,2023-10-30,Caramel Machiato,Drinks,DRK-04,3,38000,114000,Unknown,Dine In
SUN-3586733,2023-10-02,Cinnamon Roll,Dessert,DST-05,2,28000,56000,Debit Card,Dine In
SUN-4268502,2023-06-03,Creamy Maycha Latte,Drinks,DRK-05,1,35000,35000,Cash,Take Away
SUN-2651411,2023-09-10,Club Sandwich,Food,FOD-05,1,45000,45000,Cash,Dine In
SUN-8722383,2023-06-24,Fudgy Brownies,Dessert,DST-02,4,25000,100000,Cash,Take Away
SUN-4458982,2023-12-13,Cinnamon Roll,Dessert,DST-05,3,28000,84000,Digital Wallet,Online Order
SUN-8800787,2023-05-06,Club Sandwich,Food,FOD-05,3,45000,135000,Cash,Dine In
SUN-3008434,2023-10-24,Fudgy Brownies,Dessert,DST-02,3,25000,75000,Digital Wallet,Dine In
SUN-7137561,2023-01-27,New York Cheesecake,Dessert,DST-03,4,42000,168000,Cash,Dine In
SUN-9745440,2023-07-26,Creamy Maycha Latte,Drinks,DRK-05,2,35000,70000,Digital Wallet,Online Order
SUN-2632666,2023-02-26,Caramel Machiato,Drinks,DRK-04,2,38000,76000,Digital Wallet,Unknown
SUN-9555959,2023-10-13,Creamy Maycha Latte,Drinks,DRK-05,3,35000,105000,Digital Wallet,Dine In
SUN-8820073,2023-09-25,Creamy Maycha Latte,Drinks,DRK-05,2,35000,70000,Digital Wallet,Online Order
SUN-9128993,2023-03-13,Cafe Latte,Drinks,DRK-03,1,32000,32000,Debit Card,Unknown
SUN-9056990,2023-08-05,Buttermilk Fried Chicken,Food,FOD-01,1,48000,48000,Digital Wallet,Take Away
SUN-8520754,2023-11-28,Creamy Maycha Latte,Drinks,DRK-05,1,35000,35000,Unknown,Online Order
SUN-4205869,2023-08-17,Club Sandwich,Food,FOD-05,4,45000,180000,Debit Card,Take Away
SUN-6202097,2023-10-07,Iced Americano,Drinks,DRK-02,3,28000,84000,Debit Card,Take Away
SUN-5909940,2023-04-27,Espreso Single,Drinks,DRK-01,2,22000,44000,Unknown,Unknown
SUN-5383406,2023-06-30,Fudgy Brownies,Dessert,DST-02,1,25000,25000,Debit Card,Online Order
SUN-1350450,2023-03-14,Grill Chicken Caesar Salad,Food,FOD-04,3,42000,126000,Debit Card,Dine In
SUN-3720871,2023-01-15,Buttermilk Fried Chicken,Food,FOD-01,3,48000,144000,Digital Wallet,Dine In
SUN-9854303,2023-07-25,Buttermilk Fried Chicken,Food,FOD-01,2,48000,96000,Debit Card,Dine In
SUN-5442814,2023-06-01,Buttermilk Fried Chicken,Food,FOD-01,2,48000,96000,Digital Wallet,Online Order
SUN-2764717,2023-04-17,Iced Americano,Drinks,DRK-02,1,28000,28000,Digital Wallet,Take Away
SUN-3765024,2023-05-10,Buttermilk Fried Chicken,Food,FOD-01,4,48000,192000,Digital Wallet,Online Order
SUN-5139881,2023-04-01,Cafe Latte,Drinks,DRK-03,2,32000,64000,Digital Wallet,Dine In
SUN-7151084,2023-08-30,Choco Lava Cake,Dessert,DST-04,1,35000,35000,Cash,Unknown
SUN-6204614,2023-02-14,Caramel Machiato,Drinks,DRK-04,4,38000,152000,Digital Wallet,Online Order
SUN-8146268,2023-12-27,Choco Lava Cake,Dessert,DST-04,1,35000,35000,Unknown,Take Away
SUN-3367141,2023-03-14,Cinnamon Roll,Dessert,DST-05,4,28000,112000,Cash,Dine In
SUN-1007483,2023-04-25,New York Cheesecake,Dessert,DST-03,1,42000,42000,Unknown,Dine In
SUN-9227096,2023-09-05,Nasi Goreng Kampung,Food,FOD-03,3,38000,114000,Debit Card,Dine In
SUN-5826529,2023-12-07,Cinnamon Roll,Dessert,DST-05,,28000,,Cash,Take Away
SUN-8237007,2023-02-03,Espreso Single,Drinks,DRK-01,1,22000,22000,Digital Wallet,Online Order
SUN-1006804,2023-09-07,Iced Americano,Drinks,DRK-02,4,28000,112000,Digital Wallet,Unknown
SUN-3249935,2023-09-10,Iced Americano,Drinks,DRK-02,2,28000,56000,Debit Card,Take Away
SUN-6635345,2023-02-28,Cinnamon Roll,Dessert,DST-05,1,28000,28000,Debit Card,Online Order
SUN-3473577,2023-02-26,New York Cheesecake,Dessert,DST-03,1,42000,42000,Digital Wallet,Dine In
SUN-9448936,2023-09-04,Espreso Single,Drinks,DRK-01,3,22000,66000,Unknown,Dine In
SUN-8086291,2023-02-07,Nasi Goreng Kampung,Food,FOD-03,3,38000,114000,Cash,Dine In
SUN-8101789,2023-07-22,Beef Carbonara Pasta,Food,FOD-02,1,52000,52000,Cash,Dine In
SUN-2898693,2023-09-14,Classic Tirmaisu,Dessert,DST-01,1,38000,38000,Cash,Dine In
SUN-8963950,2023-04-10,Creamy Maycha Latte,Drinks,DRK-05,1,35000,35000,Debit Card,Dine In
SUN-3295422,2023-06-25,Club Sandwich,Food,FOD-05,4,45000,180000,Debit Card,Take Away
SUN-5826706,2023-02-18,Espreso Single,Drinks,DRK-01,1,22000,22000,Digital Wallet,Online Order
SUN-7083320,2023-03-07,Cinnamon Roll,Dessert,DST-05,2,28000,56000,Unknown,Take Away
SUN-6118508,2023-03-02,Club Sandwich,Food,FOD-05,2,45000,90000,Unknown,Dine In
SUN-3180709,2023-09-05,Espreso Single,Drinks,DRK-01,4,22000,88000,Unknown,Take Away
SUN-5040938,2023-11-13,Choco Lava Cake,Dessert,DST-04,2,35000,70000,Digital Wallet,Dine In
SUN-3389141,2023-01-29,Creamy Maycha Latte,Drinks,DRK-05,4,35000,140000,Digital Wallet,Take Away
SUN-1639696,2023-06-23,Classic Tirmaisu,Dessert,DST-01,1,38000,38000,Debit Card,Online Order
SUN-9579866,2023-11-21,Nasi Goreng Kampung,Food,FOD-03,4,38000,152000,Digital Wallet,Take Away
SUN-5963856,2023-07-26,Espreso Single,Drinks,DRK-01,4,22000,88000,Digital Wallet,Dine In
SUN-3935582,2023-12-09,Creamy Maycha Latte,Drinks,DRK-05,1,35000,35000,Unknown,Take Away
SUN-8181490,2023-09-26,Espreso Single,Drinks,DRK-01,4,22000,88000,Cash,Dine In
SUN-8356513,2023-09-17,Classic Tirmaisu,Dessert,DST-01,3,38000,114000,Cash,Take Away
SUN-7335846,2023-03-18,Nasi Goreng Kampung,Food,FOD-03,2,38000,76000,Debit Card,Online Order
SUN-3540781,2023-11-20,Iced Americano,Drinks,DRK-02,4,28000,112000,Digital Wallet,Unknown
SUN-6979041,2023-04-01,Creamy Maycha Latte,Drinks,DRK-05,1,35000,35000,Digital Wallet,Online Order
SUN-7355477,2023-01-19,Fudgy Brownies,Dessert,DST-02,3,25000,75000,Unknown,Online Order
SUN-9053275,2023-10-11,Cafe Latte,Drinks,DRK-03,1,32000,32000,Unknown,Dine In
SUN-9549721,2023-02-04,Caramel Machiato,Drinks,DRK-04,1,38000,38000,Cash,Take Away
SUN-2830051,2023-04-23,Cafe Latte,Drinks,DRK-03,1,32000,32000,Debit Card,Dine In
SUN-7593724,2023-06-04,Nasi Goreng Kampung,Food,FOD-03,2,38000,76000,Debit Card,Online Order
SUN-1807438,2023-02-25,Buttermilk Fried Chicken,Food,FOD-01,3,48000,144000,Unknown,Dine In
SUN-1079429,2023-05-07,Fudgy Brownies,Dessert,DST-02,1,25000,25000,Unknown,Online Order
SUN-1747245,2023-10-23,Beef Carbonara Pasta,Food,FOD-02,4,52000,208000,Digital Wallet,Online Order
SUN-2848602,2023-04-06,Beef Carbonara Pasta,Food,FOD-02,1,52000,52000,Debit Card,Online Order
SUN-3041397,2023-04-21,Choco Lava Cake,Dessert,DST-04,2,35000,70000,Cash,Dine In
SUN-9024008,2023-08-05,Beef Carbonara Pasta,Food,FOD-02,4,52000,208000,Digital Wallet,Take Away
SUN-2222696,2023-02-15,Beef Carbonara Pasta,Food,FOD-02,3,52000,156000,Digital Wallet,Dine In
SUN-1050314,2023-05-09,Beef Carbonara Pasta,Food,FOD-02,4,52000,208000,Debit Card,Dine In
SUN-5148950,2023-08-19,Beef Carbonara Pasta,Food,FOD-02,3,52000,156000,Unknown,Online Order
SUN-2203885,2023-10-08,Cinnamon Roll,Dessert,DST-05,3,28000,84000,Debit Card,Dine In
SUN-8137172,2023-04-05,Nasi Goreng Kampung,Food,FOD-03,2,38000,76000,Debit Card,Unknown
SUN-9377447,2023-01-29,Nasi Goreng Kampung,Food,FOD-03,1,38000,38000,Unknown,Online Order
SUN-8749088,2023-02-22,Buttermilk Fried Chicken,Food,FOD-01,3,48000,144000,Debit Card,Dine In
SUN-9525217,2023-12-28,Club Sandwich,Food,FOD-05,4,45000,180000,Digital Wallet,Unknown
SUN-1905675,2023-04-04,Creamy Maycha Latte,Drinks,DRK-05,2,35000,70000,Cash,Dine In
SUN-4037490,2023-10-03,Classic Tirmaisu,Dessert,DST-01,2,38000,76000,Unknown,Unknown
SUN-3561687,2023-08-18,Iced Americano,Drinks,DRK-02,3,28000,84000,Digital Wallet,Dine In
SUN-2711479,2023-07-28,Choco Lava Cake,Dessert,DST-04,2,35000,70000,Unknown,Online Order
SUN-1334771,2023-04-17,Cinnamon Roll,Dessert,DST-05,1,28000,28000,Debit Card,Dine In
SUN-8565111,2023-08-17,Buttermilk Fried Chicken,Food,FOD-01,3,48000,144000,Debit Card,Dine In
SUN-6918693,2023-01-31,Choco Lava Cake,Dessert,DST-04,4,35000,140000,Debit Card,Online Order
SUN-6311279,2023-04-06,Cafe Latte,Drinks,DRK-03,2,32000,64000,Digital Wallet,Online Order
SUN-5464137,2023-06-30,Beef Carbonara Pasta,Food,FOD-02,,52000,,Unknown,Take Away
SUN-9459193,2023-03-25,Cafe Latte,Drinks,DRK-03,2,32000,64000,Digital Wallet,Take Away
SUN-4459167,2023-04-17,Caramel Machiato,Drinks,DRK-04,1,38000,38000,Debit Card,Online Order
SUN-6954374,2023-06-07,Espreso Single,Drinks,DRK-01,2,22000,44000,Digital Wallet,Dine In
SUN-1966094,2023-02-27,Caramel Machiato,Drinks,DRK-04,2,38000,76000,Digital Wallet,Take Away
SUN-8179006,2023-07-23,Buttermilk Fried Chicken,Food,FOD-01,1,48000,48000,Digital Wallet,Unknown
SUN-3052049,2023-07-05,Nasi Goreng Kampung,Food,FOD-03,4,38000,152000,Unknown,Unknown
SUN-3018541,2023-09-24,Buttermilk Fried Chicken,Food,FOD-01,4,48000,192000,Unknown,Dine In
SUN-6389044,2023-05-08,New York Cheesecake,Dessert,DST-03,2,42000,84000,Digital Wallet,Take Away
SUN-2492599,2023-09-26,Club Sandwich,Food,FOD-05,3,45000,135000,Digital Wallet,Online Order
SUN-6199991,2023-07-30,Cafe Latte,Drinks,DRK-03,3,32000,96000,Digital Wallet,Online Order
SUN-5866205,2023-03-25,Beef Carbonara Pasta,Food,FOD-02,1,52000,52000,Digital Wallet,Online Order
SUN-8869909,2023-10-02,Choco Lava Cake,Dessert,DST-04,1,35000,35000,Debit Card,Online Order
SUN-6179068,2023-04-16,Espreso Single,Drinks,DRK-01,3,22000,66000,Debit Card,Unknown
SUN-3471357,2023-06-21,Classic Tirmaisu,Dessert,DST-01,2,38000,76000,Digital Wallet,Dine In
SUN-3113015,2023-07-17,Iced Americano,Drinks,DRK-02,3,28000,84000,Digital Wallet,Dine In
SUN-8166774,2023-11-11,Cinnamon Roll,Dessert,DST-05,2,28000,56000,Cash,Take Away
